package	symbol	kind	crate	phase	direct-expansion	notes
ASDF/INTERFACE	*ASDF-VERBOSE*	variable	ncl-contrib-asdf	3	no	Phase 3 contrib surface
ASDF/INTERFACE	*CENTRAL-REGISTRY*	variable	ncl-contrib-asdf	3	no	Phase 3 contrib surface
ASDF/INTERFACE	*COMPILE-FILE-FAILURE-BEHAVIOUR*	variable	ncl-contrib-asdf	3	no	Phase 3 contrib surface
ASDF/INTERFACE	*COMPILE-FILE-WARNINGS-BEHAVIOUR*	variable	ncl-contrib-asdf	3	no	Phase 3 contrib surface
ASDF/INTERFACE	*DEFAULT-ENCODING*	variable	ncl-contrib-asdf	3	no	Phase 3 contrib surface
ASDF/INTERFACE	*DEFAULT-SOURCE-REGISTRIES*	variable	ncl-contrib-asdf	3	no	Phase 3 contrib surface
ASDF/INTERFACE	*ENCODING-DETECTION-HOOK*	variable	ncl-contrib-asdf	3	no	Phase 3 contrib surface
ASDF/INTERFACE	*ENCODING-EXTERNAL-FORMAT-HOOK*	variable	ncl-contrib-asdf	3	no	Phase 3 contrib surface
ASDF/INTERFACE	*OUTPUT-TRANSLATIONS-PARAMETER*	variable	ncl-contrib-asdf	3	no	Phase 3 contrib surface
ASDF/INTERFACE	*RESOLVE-SYMLINKS*	variable	ncl-contrib-asdf	3	no	Phase 3 contrib surface
ASDF/INTERFACE	*SOURCE-REGISTRY-PARAMETER*	variable	ncl-contrib-asdf	3	no	Phase 3 contrib surface
ASDF/INTERFACE	*SYSTEM-DEFINITION-SEARCH-FUNCTIONS*	variable	ncl-contrib-asdf	3	no	Phase 3 contrib surface
ASDF/INTERFACE	*USER-CACHE*	variable	ncl-contrib-asdf	3	no	Phase 3 contrib surface
ASDF/INTERFACE	*UTF-8-EXTERNAL-FORMAT*	variable	ncl-contrib-asdf	3	no	Phase 3 contrib surface
ASDF/INTERFACE	*VERBOSE-OUT*	variable	ncl-contrib-asdf	3	no	Phase 3 contrib surface
ASDF/INTERFACE	*WARNINGS-FILE-TYPE*	variable	ncl-contrib-asdf	3	no	Phase 3 contrib surface
ASDF/INTERFACE	ACCEPT	other	ncl-contrib-asdf	3	no	Phase 3 contrib surface
ASDF/INTERFACE	ACTION-DESCRIPTION	function	ncl-contrib-asdf	3	no	Phase 3 contrib surface
ASDF/INTERFACE	ADDITIONAL-INPUT-FILES	function	ncl-contrib-asdf	3	no	Phase 3 contrib surface
ASDF/INTERFACE	ALREADY-LOADED-SYSTEMS	function	ncl-contrib-asdf	3	no	Phase 3 contrib surface
ASDF/INTERFACE	APPLY-OUTPUT-TRANSLATIONS	function	ncl-contrib-asdf	3	no	Phase 3 contrib surface
ASDF/INTERFACE	ASDF-MESSAGE	function	ncl-contrib-asdf	3	no	Phase 3 contrib surface
ASDF/INTERFACE	ASDF-VERSION	function	ncl-contrib-asdf	3	no	Phase 3 contrib surface
ASDF/INTERFACE	BAD-SYSTEM-NAME	condition+class	ncl-contrib-asdf	3	no	Phase 3 contrib surface
ASDF/INTERFACE	BASIC-COMPILE-BUNDLE-OP	class	ncl-contrib-asdf	3	no	Phase 3 contrib surface
ASDF/INTERFACE	BUILD-OP	class	ncl-contrib-asdf	3	no	Phase 3 contrib surface
ASDF/INTERFACE	BUNDLE-OP	class	ncl-contrib-asdf	3	no	Phase 3 contrib surface
ASDF/INTERFACE	BUNDLE-SYSTEM	other	ncl-contrib-asdf	3	no	Phase 3 contrib surface
ASDF/INTERFACE	C-SOURCE-FILE	class	ncl-contrib-asdf	3	no	Phase 3 contrib surface
ASDF/INTERFACE	CHILD-COMPONENT	class	ncl-contrib-asdf	3	no	Phase 3 contrib surface
ASDF/INTERFACE	CIRCULAR-DEPENDENCY	condition+class	ncl-contrib-asdf	3	no	Phase 3 contrib surface
ASDF/INTERFACE	CL-SOURCE-FILE	class	ncl-contrib-asdf	3	no	Phase 3 contrib surface
ASDF/INTERFACE	CL-SOURCE-FILE.CL	class	ncl-contrib-asdf	3	no	Phase 3 contrib surface
ASDF/INTERFACE	CL-SOURCE-FILE.LSP	class	ncl-contrib-asdf	3	no	Phase 3 contrib surface
ASDF/INTERFACE	CLEAR-CONFIGURATION	function	ncl-contrib-asdf	3	no	Phase 3 contrib surface
ASDF/INTERFACE	CLEAR-CONFIGURATION-AND-RETRY	other	ncl-contrib-asdf	3	no	Phase 3 contrib surface
ASDF/INTERFACE	CLEAR-OUTPUT-TRANSLATIONS	function	ncl-contrib-asdf	3	no	Phase 3 contrib surface
ASDF/INTERFACE	CLEAR-SOURCE-REGISTRY	function	ncl-contrib-asdf	3	no	Phase 3 contrib surface
ASDF/INTERFACE	CLEAR-SYSTEM	function	ncl-contrib-asdf	3	no	Phase 3 contrib surface
ASDF/INTERFACE	COERCE-ENTRY-TO-DIRECTORY	other	ncl-contrib-asdf	3	no	Phase 3 contrib surface
ASDF/INTERFACE	COERCE-NAME	function	ncl-contrib-asdf	3	no	Phase 3 contrib surface
ASDF/INTERFACE	COMPILE-BUNDLE-OP	class	ncl-contrib-asdf	3	no	Phase 3 contrib surface
ASDF/INTERFACE	COMPILE-CONCATENATED-SOURCE-OP	class	ncl-contrib-asdf	3	no	Phase 3 contrib surface
ASDF/INTERFACE	COMPILE-CONDITION	condition+class	ncl-contrib-asdf	3	no	Phase 3 contrib surface
ASDF/INTERFACE	COMPILE-ERROR	condition+class	ncl-contrib-asdf	3	no	Phase 3 contrib surface
ASDF/INTERFACE	COMPILE-FAILED	condition+class	ncl-contrib-asdf	3	no	Phase 3 contrib surface
ASDF/INTERFACE	COMPILE-FAILED-ERROR	condition+class	ncl-contrib-asdf	3	no	Phase 3 contrib surface
ASDF/INTERFACE	COMPILE-FAILED-WARNING	condition+class	ncl-contrib-asdf	3	no	Phase 3 contrib surface
ASDF/INTERFACE	COMPILE-FILE*	function	ncl-contrib-asdf	3	no	Phase 3 contrib surface
ASDF/INTERFACE	COMPILE-FILE-ERROR	condition+class	ncl-contrib-asdf	3	no	Phase 3 contrib surface
ASDF/INTERFACE	COMPILE-FILE-PATHNAME*	function	ncl-contrib-asdf	3	no	Phase 3 contrib surface
ASDF/INTERFACE	COMPILE-OP	class	ncl-contrib-asdf	3	no	Phase 3 contrib surface
ASDF/INTERFACE	COMPILE-SYSTEM	function	ncl-contrib-asdf	3	no	Phase 3 contrib surface
ASDF/INTERFACE	COMPILE-WARNED	condition+class	ncl-contrib-asdf	3	no	Phase 3 contrib surface
ASDF/INTERFACE	COMPILE-WARNED-ERROR	condition+class	ncl-contrib-asdf	3	no	Phase 3 contrib surface
ASDF/INTERFACE	COMPILE-WARNED-WARNING	condition+class	ncl-contrib-asdf	3	no	Phase 3 contrib surface
ASDF/INTERFACE	COMPILED-FILE	class	ncl-contrib-asdf	3	no	Phase 3 contrib surface
ASDF/INTERFACE	COMPONENT	class	ncl-contrib-asdf	3	no	Phase 3 contrib surface
ASDF/INTERFACE	COMPONENT-CHILDREN	function	ncl-contrib-asdf	3	no	Phase 3 contrib surface
ASDF/INTERFACE	COMPONENT-CHILDREN-BY-NAME	function	ncl-contrib-asdf	3	no	Phase 3 contrib surface
ASDF/INTERFACE	COMPONENT-DEPENDS-ON	function	ncl-contrib-asdf	3	no	Phase 3 contrib surface
ASDF/INTERFACE	COMPONENT-ENCODING	function	ncl-contrib-asdf	3	no	Phase 3 contrib surface
ASDF/INTERFACE	COMPONENT-EXTERNAL-FORMAT	function	ncl-contrib-asdf	3	no	Phase 3 contrib surface
ASDF/INTERFACE	COMPONENT-FIND-PATH	function	ncl-contrib-asdf	3	no	Phase 3 contrib surface
ASDF/INTERFACE	COMPONENT-LOAD-DEPENDENCIES	function	ncl-contrib-asdf	3	no	Phase 3 contrib surface
ASDF/INTERFACE	COMPONENT-LOADED-P	function	ncl-contrib-asdf	3	no	Phase 3 contrib surface
ASDF/INTERFACE	COMPONENT-NAME	function	ncl-contrib-asdf	3	no	Phase 3 contrib surface
ASDF/INTERFACE	COMPONENT-PARENT	function	ncl-contrib-asdf	3	no	Phase 3 contrib surface
ASDF/INTERFACE	COMPONENT-PATHNAME	function	ncl-contrib-asdf	3	no	Phase 3 contrib surface
ASDF/INTERFACE	COMPONENT-PROPERTY	function	ncl-contrib-asdf	3	no	Phase 3 contrib surface
ASDF/INTERFACE	COMPONENT-RELATIVE-PATHNAME	function	ncl-contrib-asdf	3	no	Phase 3 contrib surface
ASDF/INTERFACE	COMPONENT-SIDEWAY-DEPENDENCIES	function	ncl-contrib-asdf	3	no	Phase 3 contrib surface
ASDF/INTERFACE	COMPONENT-SYSTEM	function	ncl-contrib-asdf	3	no	Phase 3 contrib surface
ASDF/INTERFACE	COMPONENT-VERSION	function	ncl-contrib-asdf	3	no	Phase 3 contrib surface
ASDF/INTERFACE	COMPUTE-SOURCE-REGISTRY	function	ncl-contrib-asdf	3	no	Phase 3 contrib surface
ASDF/INTERFACE	CONCATENATE-SOURCE-OP	class	ncl-contrib-asdf	3	no	Phase 3 contrib surface
ASDF/INTERFACE	DEFINE-OP	class	ncl-contrib-asdf	3	no	Phase 3 contrib surface
ASDF/INTERFACE	DEFSYSTEM	macro	ncl-contrib-asdf	3	no	Phase 3 contrib surface
ASDF/INTERFACE	DELIVER-ASD-OP	class	ncl-contrib-asdf	3	no	Phase 3 contrib surface
ASDF/INTERFACE	DISABLE-DEFERRED-WARNINGS-CHECK	function	ncl-contrib-asdf	3	no	Phase 3 contrib surface
ASDF/INTERFACE	DISABLE-OUTPUT-TRANSLATIONS	function	ncl-contrib-asdf	3	no	Phase 3 contrib surface
ASDF/INTERFACE	DLL-OP	class	ncl-contrib-asdf	3	no	Phase 3 contrib surface
ASDF/INTERFACE	DOC-FILE	class	ncl-contrib-asdf	3	no	Phase 3 contrib surface
ASDF/INTERFACE	DOWNWARD-OPERATION	class+function	ncl-contrib-asdf	3	no	Phase 3 contrib surface
ASDF/INTERFACE	DUPLICATE-NAMES	condition+class	ncl-contrib-asdf	3	no	Phase 3 contrib surface
ASDF/INTERFACE	ENABLE-ASDF-BINARY-LOCATIONS-COMPATIBILITY	function	ncl-contrib-asdf	3	no	Phase 3 contrib surface
ASDF/INTERFACE	ENABLE-DEFERRED-WARNINGS-CHECK	function	ncl-contrib-asdf	3	no	Phase 3 contrib surface
ASDF/INTERFACE	ENSURE-OUTPUT-TRANSLATIONS	function	ncl-contrib-asdf	3	no	Phase 3 contrib surface
ASDF/INTERFACE	ENSURE-SOURCE-REGISTRY	function	ncl-contrib-asdf	3	no	Phase 3 contrib surface
ASDF/INTERFACE	ERROR-COMPONENT	function	ncl-contrib-asdf	3	no	Phase 3 contrib surface
ASDF/INTERFACE	ERROR-NAME	function	ncl-contrib-asdf	3	no	Phase 3 contrib surface
ASDF/INTERFACE	ERROR-OPERATION	function	ncl-contrib-asdf	3	no	Phase 3 contrib surface
ASDF/INTERFACE	ERROR-PATHNAME	function	ncl-contrib-asdf	3	no	Phase 3 contrib surface
ASDF/INTERFACE	EXPLAIN	function	ncl-contrib-asdf	3	no	Phase 3 contrib surface
ASDF/INTERFACE	FEATURE	other	ncl-contrib-asdf	3	no	Phase 3 contrib surface
ASDF/INTERFACE	FILE-COMPONENT	class	ncl-contrib-asdf	3	no	Phase 3 contrib surface
ASDF/INTERFACE	FILE-TYPE	function	ncl-contrib-asdf	3	no	Phase 3 contrib surface
ASDF/INTERFACE	FIND-COMPONENT	function	ncl-contrib-asdf	3	no	Phase 3 contrib surface
ASDF/INTERFACE	FIND-OPERATION	function	ncl-contrib-asdf	3	no	Phase 3 contrib surface
ASDF/INTERFACE	FIND-SYSTEM	function	ncl-contrib-asdf	3	no	Phase 3 contrib surface
ASDF/INTERFACE	HOSTNAME	function	ncl-contrib-asdf	3	no	Phase 3 contrib surface
ASDF/INTERFACE	HTML-FILE	class	ncl-contrib-asdf	3	no	Phase 3 contrib surface
ASDF/INTERFACE	IMAGE-OP	class	ncl-contrib-asdf	3	no	Phase 3 contrib surface
ASDF/INTERFACE	IMPLEMENTATION-IDENTIFIER	function	ncl-contrib-asdf	3	no	Phase 3 contrib surface
ASDF/INTERFACE	IMPLEMENTATION-TYPE	function	ncl-contrib-asdf	3	no	Phase 3 contrib surface
ASDF/INTERFACE	INITIALIZE-OUTPUT-TRANSLATIONS	function	ncl-contrib-asdf	3	no	Phase 3 contrib surface
ASDF/INTERFACE	INITIALIZE-SOURCE-REGISTRY	function	ncl-contrib-asdf	3	no	Phase 3 contrib surface
ASDF/INTERFACE	INPUT-FILES	function	ncl-contrib-asdf	3	no	Phase 3 contrib surface
ASDF/INTERFACE	JAVA-SOURCE-FILE	class	ncl-contrib-asdf	3	no	Phase 3 contrib surface
ASDF/INTERFACE	LIB-OP	class	ncl-contrib-asdf	3	no	Phase 3 contrib surface
ASDF/INTERFACE	LOAD-ASD	function	ncl-contrib-asdf	3	no	Phase 3 contrib surface
ASDF/INTERFACE	LOAD-BUNDLE-OP	class	ncl-contrib-asdf	3	no	Phase 3 contrib surface
ASDF/INTERFACE	LOAD-COMPILED-CONCATENATED-SOURCE-OP	class	ncl-contrib-asdf	3	no	Phase 3 contrib surface
ASDF/INTERFACE	LOAD-CONCATENATED-SOURCE-OP	class	ncl-contrib-asdf	3	no	Phase 3 contrib surface
ASDF/INTERFACE	LOAD-OP	class	ncl-contrib-asdf	3	no	Phase 3 contrib surface
ASDF/INTERFACE	LOAD-SOURCE-OP	class	ncl-contrib-asdf	3	no	Phase 3 contrib surface
ASDF/INTERFACE	LOAD-SYSTEM	function	ncl-contrib-asdf	3	no	Phase 3 contrib surface
ASDF/INTERFACE	LOAD-SYSTEM-DEFINITION-ERROR	condition+class	ncl-contrib-asdf	3	no	Phase 3 contrib surface
ASDF/INTERFACE	LOAD-SYSTEMS	function	ncl-contrib-asdf	3	no	Phase 3 contrib surface
ASDF/INTERFACE	LOAD-SYSTEMS*	function	ncl-contrib-asdf	3	no	Phase 3 contrib surface
ASDF/INTERFACE	LOCATE-SYSTEM	function	ncl-contrib-asdf	3	no	Phase 3 contrib surface
ASDF/INTERFACE	MAKE	function	ncl-contrib-asdf	3	no	Phase 3 contrib surface
ASDF/INTERFACE	MAKE-OPERATION	function	ncl-contrib-asdf	3	no	Phase 3 contrib surface
ASDF/INTERFACE	MAKE-PLAN	function	ncl-contrib-asdf	3	no	Phase 3 contrib surface
ASDF/INTERFACE	MAP-SYSTEMS	function	ncl-contrib-asdf	3	no	Phase 3 contrib surface
ASDF/INTERFACE	MISSING-COMPONENT	condition+class	ncl-contrib-asdf	3	no	Phase 3 contrib surface
ASDF/INTERFACE	MISSING-COMPONENT-OF-VERSION	condition+class	ncl-contrib-asdf	3	no	Phase 3 contrib surface
ASDF/INTERFACE	MISSING-DEPENDENCY	condition+class	ncl-contrib-asdf	3	no	Phase 3 contrib surface
ASDF/INTERFACE	MISSING-DEPENDENCY-OF-VERSION	condition+class	ncl-contrib-asdf	3	no	Phase 3 contrib surface
ASDF/INTERFACE	MODULE	class	ncl-contrib-asdf	3	no	Phase 3 contrib surface
ASDF/INTERFACE	MODULE-COMPONENTS	function	ncl-contrib-asdf	3	no	Phase 3 contrib surface
ASDF/INTERFACE	MONOLITHIC-BUNDLE-OP	class	ncl-contrib-asdf	3	no	Phase 3 contrib surface
ASDF/INTERFACE	MONOLITHIC-COMPILE-BUNDLE-OP	class	ncl-contrib-asdf	3	no	Phase 3 contrib surface
ASDF/INTERFACE	MONOLITHIC-COMPILE-CONCATENATED-SOURCE-OP	class	ncl-contrib-asdf	3	no	Phase 3 contrib surface
ASDF/INTERFACE	MONOLITHIC-CONCATENATE-SOURCE-OP	class	ncl-contrib-asdf	3	no	Phase 3 contrib surface
ASDF/INTERFACE	MONOLITHIC-DELIVER-ASD-OP	class	ncl-contrib-asdf	3	no	Phase 3 contrib surface
ASDF/INTERFACE	MONOLITHIC-DLL-OP	class	ncl-contrib-asdf	3	no	Phase 3 contrib surface
ASDF/INTERFACE	MONOLITHIC-LIB-OP	class	ncl-contrib-asdf	3	no	Phase 3 contrib surface
ASDF/INTERFACE	MONOLITHIC-LOAD-BUNDLE-OP	class	ncl-contrib-asdf	3	no	Phase 3 contrib surface
ASDF/INTERFACE	MONOLITHIC-LOAD-COMPILED-CONCATENATED-SOURCE-OP	class	ncl-contrib-asdf	3	no	Phase 3 contrib surface
ASDF/INTERFACE	MONOLITHIC-LOAD-CONCATENATED-SOURCE-OP	class	ncl-contrib-asdf	3	no	Phase 3 contrib surface
ASDF/INTERFACE	NEEDED-IN-IMAGE-P	function	ncl-contrib-asdf	3	no	Phase 3 contrib surface
ASDF/INTERFACE	NON-PROPAGATING-OPERATION	class	ncl-contrib-asdf	3	no	Phase 3 contrib surface
ASDF/INTERFACE	NON-SYSTEM-SYSTEM	condition+class	ncl-contrib-asdf	3	no	Phase 3 contrib surface
ASDF/INTERFACE	NON-TOPLEVEL-SYSTEM	condition+class	ncl-contrib-asdf	3	no	Phase 3 contrib surface
ASDF/INTERFACE	OOS	function	ncl-contrib-asdf	3	no	Phase 3 contrib surface
ASDF/INTERFACE	OPERATE	function	ncl-contrib-asdf	3	no	Phase 3 contrib surface
ASDF/INTERFACE	OPERATION	class	ncl-contrib-asdf	3	no	Phase 3 contrib surface
ASDF/INTERFACE	OPERATION-DEFINITION-ERROR	condition+class	ncl-contrib-asdf	3	no	Phase 3 contrib surface
ASDF/INTERFACE	OPERATION-DEFINITION-WARNING	condition+class	ncl-contrib-asdf	3	no	Phase 3 contrib surface
ASDF/INTERFACE	OPERATION-DONE-P	function	ncl-contrib-asdf	3	no	Phase 3 contrib surface
ASDF/INTERFACE	OPERATION-ERROR	condition+class	ncl-contrib-asdf	3	no	Phase 3 contrib surface
ASDF/INTERFACE	OPERATION-MONOLITHIC-P	function	ncl-contrib-asdf	3	no	Phase 3 contrib surface
ASDF/INTERFACE	OPERATION-ON-FAILURE	function	ncl-contrib-asdf	3	no	Phase 3 contrib surface
ASDF/INTERFACE	OPERATION-ON-WARNINGS	function	ncl-contrib-asdf	3	no	Phase 3 contrib surface
ASDF/INTERFACE	OUTPUT-FILE	function	ncl-contrib-asdf	3	no	Phase 3 contrib surface
ASDF/INTERFACE	OUTPUT-FILES	function	ncl-contrib-asdf	3	no	Phase 3 contrib surface
ASDF/INTERFACE	PACKAGE-INFERRED-SYSTEM	class	ncl-contrib-asdf	3	no	Phase 3 contrib surface
ASDF/INTERFACE	PACKAGE-INFERRED-SYSTEM-MISSING-PACKAGE-ERROR	condition+class	ncl-contrib-asdf	3	no	Phase 3 contrib surface
ASDF/INTERFACE	PACKAGE-SYSTEM	class	ncl-contrib-asdf	3	no	Phase 3 contrib surface
ASDF/INTERFACE	PARENT-COMPONENT	class	ncl-contrib-asdf	3	no	Phase 3 contrib surface
ASDF/INTERFACE	PERFORM	function	ncl-contrib-asdf	3	no	Phase 3 contrib surface
ASDF/INTERFACE	PERFORM-PLAN	function	ncl-contrib-asdf	3	no	Phase 3 contrib surface
ASDF/INTERFACE	PERFORM-WITH-RESTARTS	function	ncl-contrib-asdf	3	no	Phase 3 contrib surface
ASDF/INTERFACE	PRECOMPILED-SYSTEM	class	ncl-contrib-asdf	3	no	Phase 3 contrib surface
ASDF/INTERFACE	PREPARE-BUNDLE-OP	class	ncl-contrib-asdf	3	no	Phase 3 contrib surface
ASDF/INTERFACE	PREPARE-OP	class	ncl-contrib-asdf	3	no	Phase 3 contrib surface
ASDF/INTERFACE	PREPARE-SOURCE-OP	class	ncl-contrib-asdf	3	no	Phase 3 contrib surface
ASDF/INTERFACE	PRIMARY-SYSTEM-NAME	function	ncl-contrib-asdf	3	no	Phase 3 contrib surface
ASDF/INTERFACE	PROCESS-SOURCE-REGISTRY	function	ncl-contrib-asdf	3	no	Phase 3 contrib surface
ASDF/INTERFACE	PROGRAM-OP	class	ncl-contrib-asdf	3	no	Phase 3 contrib surface
ASDF/INTERFACE	PROGRAM-SYSTEM	class	ncl-contrib-asdf	3	no	Phase 3 contrib surface
ASDF/INTERFACE	REGISTER-IMMUTABLE-SYSTEM	function	ncl-contrib-asdf	3	no	Phase 3 contrib surface
ASDF/INTERFACE	REGISTER-PRELOADED-SYSTEM	function	ncl-contrib-asdf	3	no	Phase 3 contrib surface
ASDF/INTERFACE	REGISTER-SYSTEM-PACKAGES	function	ncl-contrib-asdf	3	no	Phase 3 contrib surface
ASDF/INTERFACE	REGISTERED-SYSTEM	function	ncl-contrib-asdf	3	no	Phase 3 contrib surface
ASDF/INTERFACE	REGISTERED-SYSTEMS	function	ncl-contrib-asdf	3	no	Phase 3 contrib surface
ASDF/INTERFACE	REMOVE-ENTRY-FROM-REGISTRY	other	ncl-contrib-asdf	3	no	Phase 3 contrib surface
ASDF/INTERFACE	REQUIRE-SYSTEM	class+function	ncl-contrib-asdf	3	no	Phase 3 contrib surface
ASDF/INTERFACE	REQUIRED-COMPONENTS	function	ncl-contrib-asdf	3	no	Phase 3 contrib surface
ASDF/INTERFACE	RESOLVE-LOCATION	function	ncl-contrib-asdf	3	no	Phase 3 contrib surface
ASDF/INTERFACE	RETRY	other	ncl-contrib-asdf	3	no	Phase 3 contrib surface
ASDF/INTERFACE	RUN-SHELL-COMMAND	function	ncl-contrib-asdf	3	no	Phase 3 contrib surface
ASDF/INTERFACE	SEARCH-FOR-SYSTEM-DEFINITION	function	ncl-contrib-asdf	3	no	Phase 3 contrib surface
ASDF/INTERFACE	SELFWARD-OPERATION	class+function	ncl-contrib-asdf	3	no	Phase 3 contrib surface
ASDF/INTERFACE	SEQUENTIAL-PLAN	class	ncl-contrib-asdf	3	no	Phase 3 contrib surface
ASDF/INTERFACE	SIDEWAY-OPERATION	class+function	ncl-contrib-asdf	3	no	Phase 3 contrib surface
ASDF/INTERFACE	SOURCE-FILE	class	ncl-contrib-asdf	3	no	Phase 3 contrib surface
ASDF/INTERFACE	SOURCE-FILE-TYPE	function	ncl-contrib-asdf	3	no	Phase 3 contrib surface
ASDF/INTERFACE	STATIC-FILE	class	ncl-contrib-asdf	3	no	Phase 3 contrib surface
ASDF/INTERFACE	SYSDEF-IMMUTABLE-SYSTEM-SEARCH	function	ncl-contrib-asdf	3	no	Phase 3 contrib surface
ASDF/INTERFACE	SYSDEF-PRELOADED-SYSTEM-SEARCH	function	ncl-contrib-asdf	3	no	Phase 3 contrib surface
ASDF/INTERFACE	SYSTEM	class	ncl-contrib-asdf	3	no	Phase 3 contrib surface
ASDF/INTERFACE	SYSTEM-AUTHOR	function	ncl-contrib-asdf	3	no	Phase 3 contrib surface
ASDF/INTERFACE	SYSTEM-BUG-TRACKER	function	ncl-contrib-asdf	3	no	Phase 3 contrib surface
ASDF/INTERFACE	SYSTEM-DEFINITION-ERROR	condition+class	ncl-contrib-asdf	3	no	Phase 3 contrib surface
ASDF/INTERFACE	SYSTEM-DEFINITION-PATHNAME	function	ncl-contrib-asdf	3	no	Phase 3 contrib surface
ASDF/INTERFACE	SYSTEM-DEFSYSTEM-DEPENDS-ON	function	ncl-contrib-asdf	3	no	Phase 3 contrib surface
ASDF/INTERFACE	SYSTEM-DEPENDS-ON	function	ncl-contrib-asdf	3	no	Phase 3 contrib surface
ASDF/INTERFACE	SYSTEM-DESCRIPTION	function	ncl-contrib-asdf	3	no	Phase 3 contrib surface
ASDF/INTERFACE	SYSTEM-HOMEPAGE	function	ncl-contrib-asdf	3	no	Phase 3 contrib surface
ASDF/INTERFACE	SYSTEM-LICENCE	function	ncl-contrib-asdf	3	no	Phase 3 contrib surface
ASDF/INTERFACE	SYSTEM-LICENSE	function	ncl-contrib-asdf	3	no	Phase 3 contrib surface
ASDF/INTERFACE	SYSTEM-LONG-DESCRIPTION	function	ncl-contrib-asdf	3	no	Phase 3 contrib surface
ASDF/INTERFACE	SYSTEM-LONG-NAME	function	ncl-contrib-asdf	3	no	Phase 3 contrib surface
ASDF/INTERFACE	SYSTEM-MAILTO	function	ncl-contrib-asdf	3	no	Phase 3 contrib surface
ASDF/INTERFACE	SYSTEM-MAINTAINER	function	ncl-contrib-asdf	3	no	Phase 3 contrib surface
ASDF/INTERFACE	SYSTEM-OUT-OF-DATE	condition+class	ncl-contrib-asdf	3	no	Phase 3 contrib surface
ASDF/INTERFACE	SYSTEM-OUTPUT-TRANSLATIONS-DIRECTORY-PATHNAME	function	ncl-contrib-asdf	3	no	Phase 3 contrib surface
ASDF/INTERFACE	SYSTEM-OUTPUT-TRANSLATIONS-PATHNAME	function	ncl-contrib-asdf	3	no	Phase 3 contrib surface
ASDF/INTERFACE	SYSTEM-REGISTERED-P	function	ncl-contrib-asdf	3	no	Phase 3 contrib surface
ASDF/INTERFACE	SYSTEM-RELATIVE-PATHNAME	function	ncl-contrib-asdf	3	no	Phase 3 contrib surface
ASDF/INTERFACE	SYSTEM-SOURCE-CONTROL	function	ncl-contrib-asdf	3	no	Phase 3 contrib surface
ASDF/INTERFACE	SYSTEM-SOURCE-DIRECTORY	function	ncl-contrib-asdf	3	no	Phase 3 contrib surface
ASDF/INTERFACE	SYSTEM-SOURCE-FILE	function	ncl-contrib-asdf	3	no	Phase 3 contrib surface
ASDF/INTERFACE	SYSTEM-SOURCE-REGISTRY	function	ncl-contrib-asdf	3	no	Phase 3 contrib surface
ASDF/INTERFACE	SYSTEM-SOURCE-REGISTRY-DIRECTORY	function	ncl-contrib-asdf	3	no	Phase 3 contrib surface
ASDF/INTERFACE	SYSTEM-WEAKLY-DEPENDS-ON	function	ncl-contrib-asdf	3	no	Phase 3 contrib surface
ASDF/INTERFACE	TEST-OP	class	ncl-contrib-asdf	3	no	Phase 3 contrib surface
ASDF/INTERFACE	TEST-SYSTEM	function	ncl-contrib-asdf	3	no	Phase 3 contrib surface
ASDF/INTERFACE	TRAVERSE	function	ncl-contrib-asdf	3	no	Phase 3 contrib surface
ASDF/INTERFACE	TRY-RECOMPILING	other	ncl-contrib-asdf	3	no	Phase 3 contrib surface
ASDF/INTERFACE	UPGRADE-ASDF	function	ncl-contrib-asdf	3	no	Phase 3 contrib surface
ASDF/INTERFACE	UPWARD-OPERATION	class+function	ncl-contrib-asdf	3	no	Phase 3 contrib surface
ASDF/INTERFACE	USER-OUTPUT-TRANSLATIONS-DIRECTORY-PATHNAME	function	ncl-contrib-asdf	3	no	Phase 3 contrib surface
ASDF/INTERFACE	USER-OUTPUT-TRANSLATIONS-PATHNAME	function	ncl-contrib-asdf	3	no	Phase 3 contrib surface
ASDF/INTERFACE	USER-SOURCE-REGISTRY	function	ncl-contrib-asdf	3	no	Phase 3 contrib surface
ASDF/INTERFACE	USER-SOURCE-REGISTRY-DIRECTORY	function	ncl-contrib-asdf	3	no	Phase 3 contrib surface
ASDF/INTERFACE	VERSION	other	ncl-contrib-asdf	3	no	Phase 3 contrib surface
ASDF/INTERFACE	VERSION-SATISFIES	function	ncl-contrib-asdf	3	no	Phase 3 contrib surface
COMMON-LISP	&ALLOW-OTHER-KEYS	other	ncl-compiler-front	1	no	reclassified by subsystem ownership rule
COMMON-LISP	&AUX	other	ncl-compiler-front	1	no	reclassified by subsystem ownership rule
COMMON-LISP	&BODY	other	ncl-compiler-front	1	no	reclassified by subsystem ownership rule
COMMON-LISP	&ENVIRONMENT	other	ncl-compiler-front	1	no	reclassified by subsystem ownership rule
COMMON-LISP	&KEY	other	ncl-compiler-front	1	no	reclassified by subsystem ownership rule
COMMON-LISP	&OPTIONAL	other	ncl-compiler-front	1	no	reclassified by subsystem ownership rule
COMMON-LISP	&REST	other	ncl-compiler-front	1	no	reclassified by subsystem ownership rule
COMMON-LISP	&WHOLE	other	ncl-compiler-front	1	no	reclassified by subsystem ownership rule
COMMON-LISP	*	variable+function	ncl-lib-numbers	1	yes	numeric tower or numeric type
COMMON-LISP	**	variable	ncl-runtime	2	no	Phase 2 runtime integration
COMMON-LISP	***	variable	ncl-runtime	2	no	Phase 2 runtime integration
COMMON-LISP	*BREAK-ON-SIGNALS*	variable	ncl-conditions	1	no	reclassified by subsystem ownership rule
COMMON-LISP	*COMPILE-FILE-PATHNAME*	variable	ncl-lib-pathnames	1	no	pathname/file operation
COMMON-LISP	*COMPILE-FILE-TRUENAME*	variable	ncl-runtime	2	no	Phase 2 runtime integration
COMMON-LISP	*COMPILE-PRINT*	variable	ncl-runtime	2	no	Phase 2 runtime integration
COMMON-LISP	*COMPILE-VERBOSE*	variable	ncl-runtime	2	no	Phase 2 runtime integration
COMMON-LISP	*DEBUG-IO*	variable	ncl-lib-streams	1	no	stream/readtable/printing stream surface
COMMON-LISP	*DEBUGGER-HOOK*	variable	ncl-conditions	1	no	condition/restart surface
COMMON-LISP	*DEFAULT-PATHNAME-DEFAULTS*	variable	ncl-lib-pathnames	1	no	pathname/file operation
COMMON-LISP	*ERROR-OUTPUT*	variable	ncl-lib-streams	1	no	stream/readtable/printing stream surface
COMMON-LISP	*FEATURES*	variable	ncl-runtime	2	no	Phase 2 runtime integration
COMMON-LISP	*GENSYM-COUNTER*	variable	ncl-lib-packages	1	no	reclassified by subsystem ownership rule
COMMON-LISP	*LOAD-PATHNAME*	variable	ncl-lib-pathnames	1	no	pathname/file operation
COMMON-LISP	*LOAD-PRINT*	variable	ncl-runtime	2	no	Phase 2 runtime integration
COMMON-LISP	*LOAD-TRUENAME*	variable	ncl-runtime	2	no	Phase 2 runtime integration
COMMON-LISP	*LOAD-VERBOSE*	variable	ncl-runtime	2	no	Phase 2 runtime integration
COMMON-LISP	*MACROEXPAND-HOOK*	variable	ncl-lib-macros	1	no	reclassified by subsystem ownership rule
COMMON-LISP	*MODULES*	variable	ncl-runtime	2	no	Phase 2 runtime integration
COMMON-LISP	*PACKAGE*	variable	ncl-lib-packages	1	no	package or symbol operation
COMMON-LISP	*PRINT-ARRAY*	variable	ncl-lib-streams	1	no	stream/readtable/printing stream surface
COMMON-LISP	*PRINT-BASE*	variable	ncl-lib-streams	1	no	stream/readtable/printing stream surface
COMMON-LISP	*PRINT-CASE*	variable	ncl-lib-streams	1	no	stream/readtable/printing stream surface
COMMON-LISP	*PRINT-CIRCLE*	variable	ncl-lib-streams	1	no	stream/readtable/printing stream surface
COMMON-LISP	*PRINT-ESCAPE*	variable	ncl-lib-streams	1	no	stream/readtable/printing stream surface
COMMON-LISP	*PRINT-GENSYM*	variable	ncl-lib-streams	1	no	stream/readtable/printing stream surface
COMMON-LISP	*PRINT-LENGTH*	variable	ncl-lib-streams	1	no	stream/readtable/printing stream surface
COMMON-LISP	*PRINT-LEVEL*	variable	ncl-lib-streams	1	no	stream/readtable/printing stream surface
COMMON-LISP	*PRINT-LINES*	variable	ncl-lib-streams	1	no	stream/readtable/printing stream surface
COMMON-LISP	*PRINT-MISER-WIDTH*	variable	ncl-lib-streams	1	no	stream/readtable/printing stream surface
COMMON-LISP	*PRINT-PPRINT-DISPATCH*	variable	ncl-printer	1	no	reclassified by subsystem ownership rule
COMMON-LISP	*PRINT-PRETTY*	variable	ncl-lib-streams	1	no	stream/readtable/printing stream surface
COMMON-LISP	*PRINT-RADIX*	variable	ncl-lib-streams	1	no	stream/readtable/printing stream surface
COMMON-LISP	*PRINT-READABLY*	variable	ncl-printer	1	no	reclassified by subsystem ownership rule
COMMON-LISP	*PRINT-RIGHT-MARGIN*	variable	ncl-lib-streams	1	no	stream/readtable/printing stream surface
COMMON-LISP	*QUERY-IO*	variable	ncl-lib-streams	1	no	stream/readtable/printing stream surface
COMMON-LISP	*RANDOM-STATE*	variable	ncl-lib-numbers	1	no	reclassified by subsystem ownership rule
COMMON-LISP	*READ-BASE*	variable	ncl-reader	1	no	stream/readtable/printing stream surface
COMMON-LISP	*READ-DEFAULT-FLOAT-FORMAT*	variable	ncl-reader	1	no	numeric tower or numeric type
COMMON-LISP	*READ-EVAL*	variable	ncl-reader	1	no	stream/readtable/printing stream surface
COMMON-LISP	*READ-SUPPRESS*	variable	ncl-reader	1	no	stream/readtable/printing stream surface
COMMON-LISP	*READTABLE*	variable	ncl-reader	1	no	stream/readtable/printing stream surface
COMMON-LISP	*STANDARD-INPUT*	variable	ncl-lib-streams	1	no	stream/readtable/printing stream surface
COMMON-LISP	*STANDARD-OUTPUT*	variable	ncl-lib-streams	1	no	stream/readtable/printing stream surface
COMMON-LISP	*TERMINAL-IO*	variable	ncl-lib-streams	1	no	stream/readtable/printing stream surface
COMMON-LISP	*TRACE-OUTPUT*	variable	ncl-lib-streams	1	no	stream/readtable/printing stream surface
COMMON-LISP	+	variable+function	ncl-lib-numbers	1	yes	numeric tower or numeric type
COMMON-LISP	++	variable	ncl-runtime	2	no	Phase 2 runtime integration
COMMON-LISP	+++	variable	ncl-runtime	2	no	Phase 2 runtime integration
COMMON-LISP	-	variable+function	ncl-lib-numbers	1	yes	numeric tower or numeric type
COMMON-LISP	/	variable+function	ncl-lib-numbers	1	yes	numeric tower or numeric type
COMMON-LISP	//	variable	ncl-runtime	2	no	Phase 2 runtime integration
COMMON-LISP	///	variable	ncl-runtime	2	no	Phase 2 runtime integration
COMMON-LISP	/=	function	ncl-lib-numbers	1	yes	reclassified by subsystem ownership rule
COMMON-LISP	1+	function	ncl-lib-numbers	1	yes	numeric tower or numeric type
COMMON-LISP	1-	function	ncl-lib-numbers	1	yes	numeric tower or numeric type
COMMON-LISP	<	function	ncl-lib-numbers	1	yes	reclassified by subsystem ownership rule
COMMON-LISP	<=	function	ncl-lib-numbers	1	yes	reclassified by subsystem ownership rule
COMMON-LISP	=	function	ncl-lib-numbers	1	yes	reclassified by subsystem ownership rule
COMMON-LISP	>	function	ncl-lib-numbers	1	yes	reclassified by subsystem ownership rule
COMMON-LISP	>=	function	ncl-lib-numbers	1	yes	reclassified by subsystem ownership rule
COMMON-LISP	ABORT	function	ncl-conditions	1	no	condition/restart surface
COMMON-LISP	ABS	function	ncl-lib-numbers	1	no	numeric tower or numeric type
COMMON-LISP	ACONS	function	ncl-lib-sequences	1	no	sequence/list operation
COMMON-LISP	ACOS	function	ncl-lib-numbers	1	no	numeric tower or numeric type
COMMON-LISP	ACOSH	function	ncl-lib-numbers	1	no	numeric tower or numeric type
COMMON-LISP	ADD-METHOD	function	ncl-clos	1	no	reclassified by subsystem ownership rule
COMMON-LISP	ADJOIN	function	ncl-lib-sequences	1	no	sequence/list operation
COMMON-LISP	ADJUST-ARRAY	function	ncl-lib-hash-arrays	1	no	array/vector/bit/hash operation
COMMON-LISP	ADJUSTABLE-ARRAY-P	function	ncl-lib-hash-arrays	1	no	reclassified by subsystem ownership rule
COMMON-LISP	ALLOCATE-INSTANCE	function	ncl-clos	1	no	CLOS/class/slot surface
COMMON-LISP	ALPHA-CHAR-P	function	ncl-lib-strings	1	yes	character/string operation
COMMON-LISP	ALPHANUMERICP	function	ncl-lib-strings	1	yes	character/string operation
COMMON-LISP	AND	macro	ncl-lib-macros	1	no	macro expansion/setf surface
COMMON-LISP	APPEND	function	ncl-lib-sequences	1	no	sequence/list operation
COMMON-LISP	APPLY	function	ncl-lib-macros	1	no	reclassified by subsystem ownership rule
COMMON-LISP	APROPOS	function	ncl-runtime	2	no	Phase 2 runtime integration
COMMON-LISP	APROPOS-LIST	function	ncl-runtime	2	no	Phase 2 runtime integration
COMMON-LISP	AREF	function	ncl-lib-hash-arrays	1	yes	array/vector/bit/hash operation
COMMON-LISP	ARITHMETIC-ERROR	condition+class	ncl-conditions	1	no	condition/restart surface
COMMON-LISP	ARITHMETIC-ERROR-OPERANDS	function	ncl-conditions	1	no	condition/restart surface
COMMON-LISP	ARITHMETIC-ERROR-OPERATION	function	ncl-lib-numbers	1	no	numeric tower or numeric type
COMMON-LISP	ARRAY	class	ncl-types	1	no	reclassified by subsystem ownership rule
COMMON-LISP	ARRAY-DIMENSION	function	ncl-lib-hash-arrays	1	no	array/vector/bit/hash operation
COMMON-LISP	ARRAY-DIMENSION-LIMIT	constant	ncl-lib-hash-arrays	1	no	reclassified by subsystem ownership rule
COMMON-LISP	ARRAY-DIMENSIONS	function	ncl-lib-hash-arrays	1	no	array/vector/bit/hash operation
COMMON-LISP	ARRAY-DISPLACEMENT	function	ncl-lib-hash-arrays	1	no	array/vector/bit/hash operation
COMMON-LISP	ARRAY-ELEMENT-TYPE	function	ncl-lib-hash-arrays	1	no	array/vector/bit/hash operation
COMMON-LISP	ARRAY-HAS-FILL-POINTER-P	function	ncl-lib-hash-arrays	1	no	reclassified by subsystem ownership rule
COMMON-LISP	ARRAY-IN-BOUNDS-P	function	ncl-lib-hash-arrays	1	no	array/vector/bit/hash operation
COMMON-LISP	ARRAY-RANK	function	ncl-lib-hash-arrays	1	no	array/vector/bit/hash operation
COMMON-LISP	ARRAY-RANK-LIMIT	constant	ncl-lib-hash-arrays	1	no	reclassified by subsystem ownership rule
COMMON-LISP	ARRAY-ROW-MAJOR-INDEX	function	ncl-lib-hash-arrays	1	no	array/vector/bit/hash operation
COMMON-LISP	ARRAY-TOTAL-SIZE	function	ncl-lib-hash-arrays	1	no	array/vector/bit/hash operation
COMMON-LISP	ARRAY-TOTAL-SIZE-LIMIT	constant	ncl-lib-hash-arrays	1	no	reclassified by subsystem ownership rule
COMMON-LISP	ARRAYP	function	ncl-lib-hash-arrays	1	no	reclassified by subsystem ownership rule
COMMON-LISP	ASH	function	ncl-lib-numbers	1	yes	reclassified by subsystem ownership rule
COMMON-LISP	ASIN	function	ncl-lib-numbers	1	no	numeric tower or numeric type
COMMON-LISP	ASINH	function	ncl-lib-numbers	1	no	numeric tower or numeric type
COMMON-LISP	ASSERT	macro	ncl-lib-macros	1	no	macro expansion/setf surface
COMMON-LISP	ASSOC	function	ncl-lib-sequences	1	no	sequence/list operation
COMMON-LISP	ASSOC-IF	function	ncl-lib-sequences	1	no	sequence/list operation
COMMON-LISP	ASSOC-IF-NOT	function	ncl-lib-sequences	1	no	sequence/list operation
COMMON-LISP	ATAN	function	ncl-lib-numbers	1	no	numeric tower or numeric type
COMMON-LISP	ATANH	function	ncl-lib-numbers	1	no	numeric tower or numeric type
COMMON-LISP	ATOM	function	ncl-lib-sequences	1	no	sequence/list operation
COMMON-LISP	BASE-CHAR	type	ncl-types	1	no	reclassified by subsystem ownership rule
COMMON-LISP	BASE-STRING	class	ncl-types	1	no	reclassified by subsystem ownership rule
COMMON-LISP	BIGNUM	class	ncl-types	1	no	reclassified by subsystem ownership rule
COMMON-LISP	BIT	function	ncl-lib-hash-arrays	1	no	array/vector/bit/hash operation
COMMON-LISP	BIT-AND	function	ncl-lib-hash-arrays	1	no	array/vector/bit/hash operation
COMMON-LISP	BIT-ANDC1	function	ncl-lib-hash-arrays	1	no	array/vector/bit/hash operation
COMMON-LISP	BIT-ANDC2	function	ncl-lib-hash-arrays	1	no	array/vector/bit/hash operation
COMMON-LISP	BIT-EQV	function	ncl-lib-hash-arrays	1	no	array/vector/bit/hash operation
COMMON-LISP	BIT-IOR	function	ncl-lib-hash-arrays	1	no	array/vector/bit/hash operation
COMMON-LISP	BIT-NAND	function	ncl-lib-hash-arrays	1	no	array/vector/bit/hash operation
COMMON-LISP	BIT-NOR	function	ncl-lib-hash-arrays	1	no	array/vector/bit/hash operation
COMMON-LISP	BIT-NOT	function	ncl-lib-hash-arrays	1	no	array/vector/bit/hash operation
COMMON-LISP	BIT-ORC1	function	ncl-lib-hash-arrays	1	no	array/vector/bit/hash operation
COMMON-LISP	BIT-ORC2	function	ncl-lib-hash-arrays	1	no	array/vector/bit/hash operation
COMMON-LISP	BIT-VECTOR	class	ncl-types	1	no	reclassified by subsystem ownership rule
COMMON-LISP	BIT-VECTOR-P	function	ncl-lib-hash-arrays	1	no	array/vector/bit/hash operation
COMMON-LISP	BIT-XOR	function	ncl-lib-hash-arrays	1	no	array/vector/bit/hash operation
COMMON-LISP	BLOCK	special-operator	ncl-compiler-front	1	no	core syntax/declaration owned by compiler front end
COMMON-LISP	BOOLE	function	ncl-lib-numbers	1	no	numeric tower or numeric type
COMMON-LISP	BOOLE-1	constant	ncl-lib-numbers	1	no	numeric tower or numeric type
COMMON-LISP	BOOLE-2	constant	ncl-lib-numbers	1	no	numeric tower or numeric type
COMMON-LISP	BOOLE-AND	constant	ncl-lib-numbers	1	no	numeric tower or numeric type
COMMON-LISP	BOOLE-ANDC1	constant	ncl-lib-numbers	1	no	reclassified by subsystem ownership rule
COMMON-LISP	BOOLE-ANDC2	constant	ncl-lib-numbers	1	no	reclassified by subsystem ownership rule
COMMON-LISP	BOOLE-C1	constant	ncl-lib-numbers	1	no	numeric tower or numeric type
COMMON-LISP	BOOLE-C2	constant	ncl-lib-numbers	1	no	numeric tower or numeric type
COMMON-LISP	BOOLE-CLR	constant	ncl-lib-numbers	1	no	reclassified by subsystem ownership rule
COMMON-LISP	BOOLE-EQV	constant	ncl-lib-numbers	1	no	numeric tower or numeric type
COMMON-LISP	BOOLE-IOR	constant	ncl-lib-numbers	1	no	numeric tower or numeric type
COMMON-LISP	BOOLE-NAND	constant	ncl-lib-numbers	1	no	numeric tower or numeric type
COMMON-LISP	BOOLE-NOR	constant	ncl-lib-numbers	1	no	numeric tower or numeric type
COMMON-LISP	BOOLE-ORC1	constant	ncl-lib-numbers	1	no	numeric tower or numeric type
COMMON-LISP	BOOLE-ORC2	constant	ncl-lib-numbers	1	no	numeric tower or numeric type
COMMON-LISP	BOOLE-SET	constant	ncl-lib-numbers	1	no	numeric tower or numeric type
COMMON-LISP	BOOLE-XOR	constant	ncl-lib-numbers	1	no	numeric tower or numeric type
COMMON-LISP	BOOLEAN	type	ncl-types	1	no	reclassified by subsystem ownership rule
COMMON-LISP	BOTH-CASE-P	function	ncl-lib-strings	1	yes	character/string operation
COMMON-LISP	BOUNDP	function	ncl-lib-packages	1	no	package or symbol operation
COMMON-LISP	BREAK	function	ncl-conditions	1	no	condition/restart surface
COMMON-LISP	BROADCAST-STREAM	class	ncl-types	1	no	reclassified by subsystem ownership rule
COMMON-LISP	BROADCAST-STREAM-STREAMS	function	ncl-lib-streams	1	no	reclassified by subsystem ownership rule
COMMON-LISP	BUILT-IN-CLASS	class	ncl-clos	1	no	CLOS/class/slot surface
COMMON-LISP	BUTLAST	function	ncl-lib-sequences	1	no	reclassified by subsystem ownership rule
COMMON-LISP	BYTE	function	ncl-lib-numbers	1	no	numeric tower or numeric type
COMMON-LISP	BYTE-POSITION	function	ncl-lib-numbers	1	no	numeric tower or numeric type
COMMON-LISP	BYTE-SIZE	function	ncl-lib-numbers	1	no	numeric tower or numeric type
COMMON-LISP	CAAAAR	function	ncl-lib-sequences	1	no	reclassified by subsystem ownership rule
COMMON-LISP	CAAADR	function	ncl-lib-sequences	1	no	reclassified by subsystem ownership rule
COMMON-LISP	CAAAR	function	ncl-lib-sequences	1	no	sequence/list operation
COMMON-LISP	CAADAR	function	ncl-lib-sequences	1	no	reclassified by subsystem ownership rule
COMMON-LISP	CAADDR	function	ncl-lib-sequences	1	no	reclassified by subsystem ownership rule
COMMON-LISP	CAADR	function	ncl-lib-sequences	1	no	sequence/list operation
COMMON-LISP	CAAR	function	ncl-lib-sequences	1	no	sequence/list operation
COMMON-LISP	CADAAR	function	ncl-lib-sequences	1	no	reclassified by subsystem ownership rule
COMMON-LISP	CADADR	function	ncl-lib-sequences	1	no	reclassified by subsystem ownership rule
COMMON-LISP	CADAR	function	ncl-lib-sequences	1	no	sequence/list operation
COMMON-LISP	CADDAR	function	ncl-lib-sequences	1	no	reclassified by subsystem ownership rule
COMMON-LISP	CADDDR	function	ncl-lib-sequences	1	no	reclassified by subsystem ownership rule
COMMON-LISP	CADDR	function	ncl-lib-sequences	1	no	sequence/list operation
COMMON-LISP	CADR	function	ncl-lib-sequences	1	no	sequence/list operation
COMMON-LISP	CALL-ARGUMENTS-LIMIT	constant	ncl-compiler-front	1	no	reclassified by subsystem ownership rule
COMMON-LISP	CALL-METHOD	macro	ncl-lib-macros	1	no	macro expansion/setf surface
COMMON-LISP	CALL-NEXT-METHOD	other	ncl-clos	1	no	CLOS/class/slot surface
COMMON-LISP	CAR	function	ncl-lib-sequences	1	yes	sequence/list operation
COMMON-LISP	CASE	macro	ncl-lib-macros	1	no	macro expansion/setf surface
COMMON-LISP	CATCH	special-operator	ncl-compiler-front	1	no	core syntax/declaration owned by compiler front end
COMMON-LISP	CCASE	macro	ncl-lib-macros	1	no	macro expansion/setf surface
COMMON-LISP	CDAAAR	function	ncl-lib-sequences	1	no	reclassified by subsystem ownership rule
COMMON-LISP	CDAADR	function	ncl-lib-sequences	1	no	reclassified by subsystem ownership rule
COMMON-LISP	CDAAR	function	ncl-lib-sequences	1	no	sequence/list operation
COMMON-LISP	CDADAR	function	ncl-lib-sequences	1	no	reclassified by subsystem ownership rule
COMMON-LISP	CDADDR	function	ncl-lib-sequences	1	no	reclassified by subsystem ownership rule
COMMON-LISP	CDADR	function	ncl-lib-sequences	1	no	sequence/list operation
COMMON-LISP	CDAR	function	ncl-lib-sequences	1	no	sequence/list operation
COMMON-LISP	CDDAAR	function	ncl-lib-sequences	1	no	reclassified by subsystem ownership rule
COMMON-LISP	CDDADR	function	ncl-lib-sequences	1	no	reclassified by subsystem ownership rule
COMMON-LISP	CDDAR	function	ncl-lib-sequences	1	no	sequence/list operation
COMMON-LISP	CDDDAR	function	ncl-lib-sequences	1	no	reclassified by subsystem ownership rule
COMMON-LISP	CDDDDR	function	ncl-lib-sequences	1	no	reclassified by subsystem ownership rule
COMMON-LISP	CDDDR	function	ncl-lib-sequences	1	no	sequence/list operation
COMMON-LISP	CDDR	function	ncl-lib-sequences	1	no	sequence/list operation
COMMON-LISP	CDR	function	ncl-lib-sequences	1	yes	sequence/list operation
COMMON-LISP	CEILING	function	ncl-lib-numbers	1	no	numeric tower or numeric type
COMMON-LISP	CELL-ERROR	condition+class	ncl-conditions	1	no	condition/restart surface
COMMON-LISP	CELL-ERROR-NAME	function	ncl-conditions	1	no	condition/restart surface
COMMON-LISP	CERROR	function	ncl-conditions	1	no	condition/restart surface
COMMON-LISP	CHANGE-CLASS	function	ncl-clos	1	no	reclassified by subsystem ownership rule
COMMON-LISP	CHAR	function	ncl-lib-strings	1	no	character/string operation
COMMON-LISP	CHAR-CODE	function	ncl-lib-strings	1	no	character/string operation
COMMON-LISP	CHAR-CODE-LIMIT	constant	ncl-lib-strings	1	no	reclassified by subsystem ownership rule
COMMON-LISP	CHAR-DOWNCASE	function	ncl-lib-strings	1	no	character/string operation
COMMON-LISP	CHAR-EQUAL	function	ncl-lib-strings	1	no	character/string operation
COMMON-LISP	CHAR-GREATERP	function	ncl-lib-strings	1	no	character/string operation
COMMON-LISP	CHAR-INT	function	ncl-lib-strings	1	no	reclassified by subsystem ownership rule
COMMON-LISP	CHAR-LESSP	function	ncl-lib-strings	1	no	character/string operation
COMMON-LISP	CHAR-NAME	function	ncl-lib-strings	1	no	reclassified by subsystem ownership rule
COMMON-LISP	CHAR-NOT-EQUAL	function	ncl-lib-strings	1	no	character/string operation
COMMON-LISP	CHAR-NOT-GREATERP	function	ncl-lib-strings	1	no	character/string operation
COMMON-LISP	CHAR-NOT-LESSP	function	ncl-lib-strings	1	no	character/string operation
COMMON-LISP	CHAR-UPCASE	function	ncl-lib-strings	1	no	character/string operation
COMMON-LISP	CHAR/=	function	ncl-lib-strings	1	no	reclassified by subsystem ownership rule
COMMON-LISP	CHAR<	function	ncl-lib-strings	1	no	reclassified by subsystem ownership rule
COMMON-LISP	CHAR<=	function	ncl-lib-strings	1	no	reclassified by subsystem ownership rule
COMMON-LISP	CHAR=	function	ncl-lib-strings	1	no	reclassified by subsystem ownership rule
COMMON-LISP	CHAR>	function	ncl-lib-strings	1	no	reclassified by subsystem ownership rule
COMMON-LISP	CHAR>=	function	ncl-lib-strings	1	no	reclassified by subsystem ownership rule
COMMON-LISP	CHARACTER	class+function	ncl-lib-strings	1	no	character/string operation
COMMON-LISP	CHARACTERP	function	ncl-lib-strings	1	yes	character/string operation
COMMON-LISP	CHECK-TYPE	macro	ncl-lib-macros	1	no	macro expansion/setf surface
COMMON-LISP	CIS	function	ncl-lib-numbers	1	no	numeric tower or numeric type
COMMON-LISP	CLASS	class	ncl-clos	1	no	CLOS/class/slot surface
COMMON-LISP	CLASS-NAME	function	ncl-clos	1	no	CLOS/class/slot surface
COMMON-LISP	CLASS-OF	function	ncl-clos	1	no	CLOS/class/slot surface
COMMON-LISP	CLEAR-INPUT	function	ncl-lib-streams	1	no	stream/readtable/printing stream surface
COMMON-LISP	CLEAR-OUTPUT	function	ncl-lib-streams	1	no	stream/readtable/printing stream surface
COMMON-LISP	CLOSE	function	ncl-lib-streams	1	no	stream/readtable/printing stream surface
COMMON-LISP	CLRHASH	function	ncl-lib-hash-arrays	1	no	array/vector/bit/hash operation
COMMON-LISP	CODE-CHAR	function	ncl-lib-strings	1	no	character/string operation
COMMON-LISP	COERCE	function	ncl-types	1	no	type predicate/coercion surface
COMMON-LISP	COMPILATION-SPEED	other	ncl-compiler-front	1	no	reclassified by subsystem ownership rule
COMMON-LISP	COMPILE	function	ncl-runtime	2	no	Phase 2 runtime integration
COMMON-LISP	COMPILE-FILE	function	ncl-runtime	2	no	Phase 2 runtime integration
COMMON-LISP	COMPILE-FILE-PATHNAME	function	ncl-lib-pathnames	1	no	pathname/file operation
COMMON-LISP	COMPILED-FUNCTION	type	ncl-types	1	no	reclassified by subsystem ownership rule
COMMON-LISP	COMPILED-FUNCTION-P	function	ncl-lib-macros	1	no	reclassified by subsystem ownership rule
COMMON-LISP	COMPILER-MACRO	other	ncl-compiler-front	1	no	reclassified by subsystem ownership rule
COMMON-LISP	COMPILER-MACRO-FUNCTION	function	ncl-lib-macros	1	no	reclassified by subsystem ownership rule
COMMON-LISP	COMPLEMENT	function	ncl-lib-macros	1	no	reclassified by subsystem ownership rule
COMMON-LISP	COMPLEX	class+function	ncl-lib-numbers	1	no	numeric tower or numeric type
COMMON-LISP	COMPLEXP	function	ncl-lib-numbers	1	no	reclassified by subsystem ownership rule
COMMON-LISP	COMPUTE-APPLICABLE-METHODS	function	ncl-clos	1	no	CLOS/class/slot surface
COMMON-LISP	COMPUTE-RESTARTS	function	ncl-conditions	1	no	condition/restart surface
COMMON-LISP	CONCATENATE	function	ncl-lib-sequences	1	no	reclassified by subsystem ownership rule
COMMON-LISP	CONCATENATED-STREAM	class	ncl-types	1	no	reclassified by subsystem ownership rule
COMMON-LISP	CONCATENATED-STREAM-STREAMS	function	ncl-lib-streams	1	no	reclassified by subsystem ownership rule
COMMON-LISP	COND	macro	ncl-lib-macros	1	no	macro expansion/setf surface
COMMON-LISP	CONDITION	condition+class	ncl-conditions	1	no	condition/restart surface
COMMON-LISP	CONJUGATE	function	ncl-lib-numbers	1	no	numeric tower or numeric type
COMMON-LISP	CONS	class+function	ncl-lib-sequences	1	no	sequence/list operation
COMMON-LISP	CONSP	function	ncl-lib-sequences	1	no	sequence/list operation
COMMON-LISP	CONSTANTLY	function	ncl-lib-macros	1	no	reclassified by subsystem ownership rule
COMMON-LISP	CONSTANTP	function	ncl-lib-macros	1	no	reclassified by subsystem ownership rule
COMMON-LISP	CONTINUE	function	ncl-conditions	1	no	condition/restart surface
COMMON-LISP	CONTROL-ERROR	condition+class	ncl-conditions	1	no	condition/restart surface
COMMON-LISP	COPY-ALIST	function	ncl-lib-sequences	1	no	sequence/list operation
COMMON-LISP	COPY-LIST	function	ncl-lib-sequences	1	no	sequence/list operation
COMMON-LISP	COPY-PPRINT-DISPATCH	function	ncl-printer	1	no	reclassified by subsystem ownership rule
COMMON-LISP	COPY-READTABLE	function	ncl-reader	1	no	stream/readtable/printing stream surface
COMMON-LISP	COPY-SEQ	function	ncl-lib-sequences	1	no	sequence/list operation
COMMON-LISP	COPY-STRUCTURE	function	ncl-clos	1	no	reclassified by subsystem ownership rule
COMMON-LISP	COPY-SYMBOL	function	ncl-lib-packages	1	no	package or symbol operation
COMMON-LISP	COPY-TREE	function	ncl-lib-sequences	1	no	reclassified by subsystem ownership rule
COMMON-LISP	COS	function	ncl-lib-numbers	1	no	numeric tower or numeric type
COMMON-LISP	COSH	function	ncl-lib-numbers	1	no	numeric tower or numeric type
COMMON-LISP	COUNT	function	ncl-lib-sequences	1	no	sequence/list operation
COMMON-LISP	COUNT-IF	function	ncl-lib-sequences	1	no	reclassified by subsystem ownership rule
COMMON-LISP	COUNT-IF-NOT	function	ncl-lib-sequences	1	no	reclassified by subsystem ownership rule
COMMON-LISP	CTYPECASE	macro	ncl-lib-macros	1	no	macro expansion/setf surface
COMMON-LISP	DEBUG	other	ncl-compiler-front	1	no	reclassified by subsystem ownership rule
COMMON-LISP	DECF	macro	ncl-lib-macros	1	no	macro expansion/setf surface
COMMON-LISP	DECLAIM	macro	ncl-compiler-front	1	no	core syntax/declaration owned by compiler front end
COMMON-LISP	DECLARATION	other	ncl-lib-numbers	1	no	numeric tower or numeric type
COMMON-LISP	DECLARE	other	ncl-compiler-front	1	no	core syntax/declaration owned by compiler front end
COMMON-LISP	DECODE-FLOAT	function	ncl-lib-numbers	1	no	numeric tower or numeric type
COMMON-LISP	DECODE-UNIVERSAL-TIME	function	ncl-runtime	2	no	Phase 2 runtime integration
COMMON-LISP	DEFCLASS	macro	ncl-compiler-front	1	no	core syntax/declaration owned by compiler front end
COMMON-LISP	DEFCONSTANT	macro	ncl-lib-macros	1	no	macro expansion/setf surface
COMMON-LISP	DEFGENERIC	macro	ncl-compiler-front	1	no	core syntax/declaration owned by compiler front end
COMMON-LISP	DEFINE-COMPILER-MACRO	macro	ncl-lib-macros	1	no	macro expansion/setf surface
COMMON-LISP	DEFINE-CONDITION	macro	ncl-compiler-front	1	no	core syntax/declaration owned by compiler front end
COMMON-LISP	DEFINE-METHOD-COMBINATION	macro	ncl-compiler-front	1	no	core syntax/declaration owned by compiler front end
COMMON-LISP	DEFINE-MODIFY-MACRO	macro	ncl-lib-macros	1	no	macro expansion/setf surface
COMMON-LISP	DEFINE-SETF-EXPANDER	macro	ncl-lib-macros	1	no	macro expansion/setf surface
COMMON-LISP	DEFINE-SYMBOL-MACRO	macro	ncl-lib-macros	1	no	macro expansion/setf surface
COMMON-LISP	DEFMACRO	macro	ncl-lib-macros	1	no	macro expansion/setf surface
COMMON-LISP	DEFMETHOD	macro	ncl-compiler-front	1	no	core syntax/declaration owned by compiler front end
COMMON-LISP	DEFPACKAGE	macro	ncl-lib-macros	1	no	macro expansion/setf surface
COMMON-LISP	DEFPARAMETER	macro	ncl-lib-macros	1	no	macro expansion/setf surface
COMMON-LISP	DEFSETF	macro	ncl-lib-macros	1	no	macro expansion/setf surface
COMMON-LISP	DEFSTRUCT	macro	ncl-compiler-front	1	no	core syntax/declaration owned by compiler front end
COMMON-LISP	DEFTYPE	macro	ncl-compiler-front	1	no	core syntax/declaration owned by compiler front end
COMMON-LISP	DEFUN	macro	ncl-compiler-front	1	no	core syntax/declaration owned by compiler front end
COMMON-LISP	DEFVAR	macro	ncl-lib-macros	1	no	macro expansion/setf surface
COMMON-LISP	DELETE	function	ncl-lib-sequences	1	no	sequence/list operation
COMMON-LISP	DELETE-DUPLICATES	function	ncl-lib-sequences	1	no	sequence/list operation
COMMON-LISP	DELETE-FILE	function	ncl-lib-pathnames	1	no	pathname/file operation
COMMON-LISP	DELETE-IF	function	ncl-lib-sequences	1	no	sequence/list operation
COMMON-LISP	DELETE-IF-NOT	function	ncl-lib-sequences	1	no	reclassified by subsystem ownership rule
COMMON-LISP	DELETE-PACKAGE	function	ncl-lib-packages	1	no	package or symbol operation
COMMON-LISP	DENOMINATOR	function	ncl-lib-numbers	1	no	numeric tower or numeric type
COMMON-LISP	DEPOSIT-FIELD	function	ncl-lib-numbers	1	no	numeric tower or numeric type
COMMON-LISP	DESCRIBE	function	ncl-clos	1	no	CLOS/class/slot surface
COMMON-LISP	DESCRIBE-OBJECT	function	ncl-clos	1	no	CLOS/class/slot surface
COMMON-LISP	DESTRUCTURING-BIND	macro	ncl-lib-macros	1	no	macro expansion/setf surface
COMMON-LISP	DIGIT-CHAR	function	ncl-lib-strings	1	no	character/string operation
COMMON-LISP	DIGIT-CHAR-P	function	ncl-lib-strings	1	yes	character/string operation
COMMON-LISP	DIRECTORY	function	ncl-lib-pathnames	1	no	pathname/file operation
COMMON-LISP	DIRECTORY-NAMESTRING	function	ncl-lib-pathnames	1	no	pathname/file operation
COMMON-LISP	DISASSEMBLE	function	ncl-compiler-front	1	no	reclassified by subsystem ownership rule
COMMON-LISP	DIVISION-BY-ZERO	condition+class	ncl-conditions	1	no	reclassified by subsystem ownership rule
COMMON-LISP	DO	macro	ncl-lib-macros	1	no	macro expansion/setf surface
COMMON-LISP	DO*	macro	ncl-lib-macros	1	no	macro expansion/setf surface
COMMON-LISP	DO-ALL-SYMBOLS	macro	ncl-lib-macros	1	no	macro expansion/setf surface
COMMON-LISP	DO-EXTERNAL-SYMBOLS	macro	ncl-lib-macros	1	no	macro expansion/setf surface
COMMON-LISP	DO-SYMBOLS	macro	ncl-lib-macros	1	no	macro expansion/setf surface
COMMON-LISP	DOCUMENTATION	function	ncl-clos	1	no	CLOS/class/slot surface
COMMON-LISP	DOLIST	macro	ncl-lib-macros	1	no	macro expansion/setf surface
COMMON-LISP	DOTIMES	macro	ncl-lib-macros	1	no	macro expansion/setf surface
COMMON-LISP	DOUBLE-FLOAT	class	ncl-types	1	no	reclassified by subsystem ownership rule
COMMON-LISP	DOUBLE-FLOAT-EPSILON	constant	ncl-lib-numbers	1	no	numeric tower or numeric type
COMMON-LISP	DOUBLE-FLOAT-NEGATIVE-EPSILON	constant	ncl-lib-numbers	1	no	numeric tower or numeric type
COMMON-LISP	DPB	function	ncl-lib-numbers	1	yes	numeric tower or numeric type
COMMON-LISP	DRIBBLE	function	ncl-runtime	2	no	Phase 2 runtime integration
COMMON-LISP	DYNAMIC-EXTENT	other	ncl-compiler-front	1	no	reclassified by subsystem ownership rule
COMMON-LISP	ECASE	macro	ncl-lib-macros	1	no	macro expansion/setf surface
COMMON-LISP	ECHO-STREAM	class	ncl-types	1	no	reclassified by subsystem ownership rule
COMMON-LISP	ECHO-STREAM-INPUT-STREAM	function	ncl-lib-streams	1	no	reclassified by subsystem ownership rule
COMMON-LISP	ECHO-STREAM-OUTPUT-STREAM	function	ncl-lib-streams	1	no	reclassified by subsystem ownership rule
COMMON-LISP	ED	function	ncl-runtime	2	no	Phase 2 runtime integration
COMMON-LISP	EIGHTH	function	ncl-lib-sequences	1	no	sequence/list operation
COMMON-LISP	ELT	function	ncl-lib-sequences	1	no	sequence/list operation
COMMON-LISP	ENCODE-UNIVERSAL-TIME	function	ncl-runtime	2	no	Phase 2 runtime integration
COMMON-LISP	END-OF-FILE	condition+class	ncl-conditions	1	no	condition/restart surface
COMMON-LISP	ENDP	function	ncl-lib-sequences	1	no	sequence/list operation
COMMON-LISP	ENOUGH-NAMESTRING	function	ncl-lib-pathnames	1	no	pathname/file operation
COMMON-LISP	ENSURE-DIRECTORIES-EXIST	function	ncl-lib-pathnames	1	no	pathname/file operation
COMMON-LISP	ENSURE-GENERIC-FUNCTION	function	ncl-clos	1	no	CLOS/class/slot surface
COMMON-LISP	EQ	function	ncl-lib-numbers	1	yes	reclassified by subsystem ownership rule
COMMON-LISP	EQL	function	ncl-lib-numbers	1	yes	reclassified by subsystem ownership rule
COMMON-LISP	EQUAL	function	ncl-lib-sequences	1	no	reclassified by subsystem ownership rule
COMMON-LISP	EQUALP	function	ncl-lib-sequences	1	no	reclassified by subsystem ownership rule
COMMON-LISP	ERROR	condition+class+function	ncl-conditions	1	no	condition/restart surface
COMMON-LISP	ETYPECASE	macro	ncl-lib-macros	1	no	macro expansion/setf surface
COMMON-LISP	EVAL	function	ncl-runtime	2	no	Phase 2 runtime integration
COMMON-LISP	EVAL-WHEN	special-operator	ncl-compiler-front	1	no	core syntax/declaration owned by compiler front end
COMMON-LISP	EVENP	function	ncl-lib-numbers	1	no	reclassified by subsystem ownership rule
COMMON-LISP	EVERY	function	ncl-lib-sequences	1	no	sequence/list operation
COMMON-LISP	EXP	function	ncl-lib-numbers	1	no	numeric tower or numeric type
COMMON-LISP	EXPORT	function	ncl-lib-packages	1	no	package or symbol operation
COMMON-LISP	EXPT	function	ncl-lib-numbers	1	no	numeric tower or numeric type
COMMON-LISP	EXTENDED-CHAR	type	ncl-types	1	no	reclassified by subsystem ownership rule
COMMON-LISP	FBOUNDP	function	ncl-lib-packages	1	no	package or symbol operation
COMMON-LISP	FCEILING	function	ncl-lib-numbers	1	no	reclassified by subsystem ownership rule
COMMON-LISP	FDEFINITION	function	ncl-lib-macros	1	no	reclassified by subsystem ownership rule
COMMON-LISP	FFLOOR	function	ncl-lib-numbers	1	no	reclassified by subsystem ownership rule
COMMON-LISP	FIFTH	function	ncl-lib-sequences	1	no	sequence/list operation
COMMON-LISP	FILE-AUTHOR	function	ncl-lib-pathnames	1	no	pathname/file operation
COMMON-LISP	FILE-ERROR	condition+class	ncl-conditions	1	no	condition/restart surface
COMMON-LISP	FILE-ERROR-PATHNAME	function	ncl-lib-pathnames	1	no	pathname/file operation
COMMON-LISP	FILE-LENGTH	function	ncl-lib-pathnames	1	no	pathname/file operation
COMMON-LISP	FILE-NAMESTRING	function	ncl-lib-pathnames	1	no	pathname/file operation
COMMON-LISP	FILE-POSITION	function	ncl-lib-streams	1	no	reclassified by subsystem ownership rule
COMMON-LISP	FILE-STREAM	class	ncl-types	1	no	reclassified by subsystem ownership rule
COMMON-LISP	FILE-STRING-LENGTH	function	ncl-lib-streams	1	no	reclassified by subsystem ownership rule
COMMON-LISP	FILE-WRITE-DATE	function	ncl-lib-pathnames	1	no	pathname/file operation
COMMON-LISP	FILL	function	ncl-lib-sequences	1	no	sequence/list operation
COMMON-LISP	FILL-POINTER	function	ncl-lib-hash-arrays	1	no	reclassified by subsystem ownership rule
COMMON-LISP	FIND	function	ncl-lib-sequences	1	no	sequence/list operation
COMMON-LISP	FIND-ALL-SYMBOLS	function	ncl-lib-packages	1	no	package or symbol operation
COMMON-LISP	FIND-CLASS	function	ncl-clos	1	no	CLOS/class/slot surface
COMMON-LISP	FIND-IF	function	ncl-lib-sequences	1	no	reclassified by subsystem ownership rule
COMMON-LISP	FIND-IF-NOT	function	ncl-lib-sequences	1	no	reclassified by subsystem ownership rule
COMMON-LISP	FIND-METHOD	function	ncl-clos	1	no	reclassified by subsystem ownership rule
COMMON-LISP	FIND-PACKAGE	function	ncl-lib-packages	1	no	package or symbol operation
COMMON-LISP	FIND-RESTART	function	ncl-conditions	1	no	condition/restart surface
COMMON-LISP	FIND-SYMBOL	function	ncl-lib-packages	1	no	package or symbol operation
COMMON-LISP	FINISH-OUTPUT	function	ncl-lib-streams	1	no	stream/readtable/printing stream surface
COMMON-LISP	FIRST	function	ncl-lib-sequences	1	no	sequence/list operation
COMMON-LISP	FIXNUM	class	ncl-types	1	no	reclassified by subsystem ownership rule
COMMON-LISP	FLET	special-operator	ncl-compiler-front	1	no	core syntax/declaration owned by compiler front end
COMMON-LISP	FLOAT	class+function	ncl-lib-numbers	1	no	numeric tower or numeric type
COMMON-LISP	FLOAT-DIGITS	function	ncl-lib-numbers	1	no	numeric tower or numeric type
COMMON-LISP	FLOAT-PRECISION	function	ncl-lib-numbers	1	no	numeric tower or numeric type
COMMON-LISP	FLOAT-RADIX	function	ncl-lib-numbers	1	no	numeric tower or numeric type
COMMON-LISP	FLOAT-SIGN	function	ncl-lib-numbers	1	no	numeric tower or numeric type
COMMON-LISP	FLOATING-POINT-INEXACT	condition+class	ncl-conditions	1	no	condition class and accessors
COMMON-LISP	FLOATING-POINT-INVALID-OPERATION	condition+class	ncl-conditions	1	no	condition class and accessors
COMMON-LISP	FLOATING-POINT-OVERFLOW	condition+class	ncl-conditions	1	no	condition class and accessors
COMMON-LISP	FLOATING-POINT-UNDERFLOW	condition+class	ncl-conditions	1	no	condition class and accessors
COMMON-LISP	FLOATP	function	ncl-lib-numbers	1	no	numeric tower or numeric type
COMMON-LISP	FLOOR	function	ncl-lib-numbers	1	no	numeric tower or numeric type
COMMON-LISP	FMAKUNBOUND	function	ncl-lib-packages	1	no	package or symbol operation
COMMON-LISP	FORCE-OUTPUT	function	ncl-lib-streams	1	no	stream/readtable/printing stream surface
COMMON-LISP	FORMAT	function	ncl-lib-format	1	no	FORMAT facility
COMMON-LISP	FORMATTER	macro	ncl-lib-macros	1	no	macro expansion/setf surface
COMMON-LISP	FOURTH	function	ncl-lib-sequences	1	no	sequence/list operation
COMMON-LISP	FRESH-LINE	function	ncl-lib-streams	1	no	stream/readtable/printing stream surface
COMMON-LISP	FROUND	function	ncl-lib-numbers	1	no	numeric tower or numeric type
COMMON-LISP	FTRUNCATE	function	ncl-lib-numbers	1	no	reclassified by subsystem ownership rule
COMMON-LISP	FTYPE	other	ncl-compiler-front	1	no	reclassified by subsystem ownership rule
COMMON-LISP	FUNCALL	function	ncl-lib-macros	1	no	reclassified by subsystem ownership rule
COMMON-LISP	FUNCTION	special-operator+class	ncl-compiler-front	1	no	core syntax/declaration owned by compiler front end
COMMON-LISP	FUNCTION-KEYWORDS	function	ncl-compiler-front	1	no	reclassified by subsystem ownership rule
COMMON-LISP	FUNCTION-LAMBDA-EXPRESSION	function	ncl-lib-macros	1	no	reclassified by subsystem ownership rule
COMMON-LISP	FUNCTIONP	function	ncl-lib-macros	1	no	reclassified by subsystem ownership rule
COMMON-LISP	GCD	function	ncl-lib-numbers	1	no	numeric tower or numeric type
COMMON-LISP	GENERIC-FUNCTION	class	ncl-clos	1	no	CLOS/class/slot surface
COMMON-LISP	GENSYM	function	ncl-lib-packages	1	no	package or symbol operation
COMMON-LISP	GENTEMP	function	ncl-lib-packages	1	no	reclassified by subsystem ownership rule
COMMON-LISP	GET	function	ncl-lib-packages	1	no	package or symbol operation
COMMON-LISP	GET-DECODED-TIME	function	ncl-runtime	2	no	Phase 2 runtime integration
COMMON-LISP	GET-DISPATCH-MACRO-CHARACTER	function	ncl-reader	1	no	stream/readtable/printing stream surface
COMMON-LISP	GET-INTERNAL-REAL-TIME	function	ncl-runtime	2	no	Phase 2 runtime integration
COMMON-LISP	GET-INTERNAL-RUN-TIME	function	ncl-runtime	2	no	Phase 2 runtime integration
COMMON-LISP	GET-MACRO-CHARACTER	function	ncl-reader	1	no	stream/readtable/printing stream surface
COMMON-LISP	GET-OUTPUT-STREAM-STRING	function	ncl-lib-streams	1	no	reclassified by subsystem ownership rule
COMMON-LISP	GET-PROPERTIES	function	ncl-lib-sequences	1	no	reclassified by subsystem ownership rule
COMMON-LISP	GET-SETF-EXPANSION	function	ncl-lib-macros	1	no	macro expansion/setf surface
COMMON-LISP	GET-UNIVERSAL-TIME	function	ncl-runtime	2	no	Phase 2 runtime integration
COMMON-LISP	GETF	function	ncl-lib-sequences	1	no	sequence/list operation
COMMON-LISP	GETHASH	function	ncl-lib-hash-arrays	1	no	array/vector/bit/hash operation
COMMON-LISP	GO	special-operator	ncl-compiler-front	1	no	core syntax/declaration owned by compiler front end
COMMON-LISP	GRAPHIC-CHAR-P	function	ncl-lib-strings	1	yes	character/string operation
COMMON-LISP	HANDLER-BIND	macro	ncl-lib-macros	1	no	macro expansion/setf surface
COMMON-LISP	HANDLER-CASE	macro	ncl-lib-macros	1	no	macro expansion/setf surface
COMMON-LISP	HASH-TABLE	class	ncl-types	1	no	reclassified by subsystem ownership rule
COMMON-LISP	HASH-TABLE-COUNT	function	ncl-lib-hash-arrays	1	no	array/vector/bit/hash operation
COMMON-LISP	HASH-TABLE-P	function	ncl-lib-hash-arrays	1	no	array/vector/bit/hash operation
COMMON-LISP	HASH-TABLE-REHASH-SIZE	function	ncl-lib-hash-arrays	1	no	array/vector/bit/hash operation
COMMON-LISP	HASH-TABLE-REHASH-THRESHOLD	function	ncl-lib-hash-arrays	1	no	array/vector/bit/hash operation
COMMON-LISP	HASH-TABLE-SIZE	function	ncl-lib-hash-arrays	1	no	array/vector/bit/hash operation
COMMON-LISP	HASH-TABLE-TEST	function	ncl-lib-hash-arrays	1	no	array/vector/bit/hash operation
COMMON-LISP	HOST-NAMESTRING	function	ncl-lib-pathnames	1	no	pathname/file operation
COMMON-LISP	IDENTITY	function	ncl-lib-macros	1	no	reclassified by subsystem ownership rule
COMMON-LISP	IF	special-operator	ncl-compiler-front	1	no	core syntax/declaration owned by compiler front end
COMMON-LISP	IGNORABLE	other	ncl-compiler-front	1	no	reclassified by subsystem ownership rule
COMMON-LISP	IGNORE	other	ncl-compiler-front	1	no	reclassified by subsystem ownership rule
COMMON-LISP	IGNORE-ERRORS	macro	ncl-lib-macros	1	no	macro expansion/setf surface
COMMON-LISP	IMAGPART	function	ncl-lib-numbers	1	no	numeric tower or numeric type
COMMON-LISP	IMPORT	function	ncl-lib-packages	1	no	package or symbol operation
COMMON-LISP	IN-PACKAGE	macro	ncl-lib-macros	1	no	macro expansion/setf surface
COMMON-LISP	INCF	macro	ncl-lib-macros	1	no	macro expansion/setf surface
COMMON-LISP	INITIALIZE-INSTANCE	function	ncl-clos	1	no	CLOS/class/slot surface
COMMON-LISP	INLINE	other	ncl-compiler-front	1	no	reclassified by subsystem ownership rule
COMMON-LISP	INPUT-STREAM-P	function	ncl-lib-streams	1	no	stream/readtable/printing stream surface
COMMON-LISP	INSPECT	function	ncl-runtime	2	no	Phase 2 runtime integration
COMMON-LISP	INTEGER	class	ncl-types	1	no	reclassified by subsystem ownership rule
COMMON-LISP	INTEGER-DECODE-FLOAT	function	ncl-lib-numbers	1	no	numeric tower or numeric type
COMMON-LISP	INTEGER-LENGTH	function	ncl-lib-numbers	1	no	numeric tower or numeric type
COMMON-LISP	INTEGERP	function	ncl-lib-numbers	1	no	numeric tower or numeric type
COMMON-LISP	INTERACTIVE-STREAM-P	function	ncl-lib-streams	1	no	stream/readtable/printing stream surface
COMMON-LISP	INTERN	function	ncl-lib-packages	1	no	package or symbol operation
COMMON-LISP	INTERNAL-TIME-UNITS-PER-SECOND	constant	ncl-runtime	2	no	Phase 2 runtime integration
COMMON-LISP	INTERSECTION	function	ncl-lib-sequences	1	no	sequence/list operation
COMMON-LISP	INVALID-METHOD-ERROR	function	ncl-conditions	1	no	condition/restart surface
COMMON-LISP	INVOKE-DEBUGGER	function	ncl-conditions	1	no	reclassified by subsystem ownership rule
COMMON-LISP	INVOKE-RESTART	function	ncl-conditions	1	no	condition/restart surface
COMMON-LISP	INVOKE-RESTART-INTERACTIVELY	function	ncl-conditions	1	no	condition/restart surface
COMMON-LISP	ISQRT	function	ncl-lib-numbers	1	no	numeric tower or numeric type
COMMON-LISP	KEYWORD	type	ncl-types	1	no	reclassified by subsystem ownership rule
COMMON-LISP	KEYWORDP	function	ncl-types	1	no	reclassified by subsystem ownership rule
COMMON-LISP	LABELS	special-operator	ncl-compiler-front	1	no	core syntax/declaration owned by compiler front end
COMMON-LISP	LAMBDA	macro	ncl-lib-macros	1	no	macro expansion/setf surface
COMMON-LISP	LAMBDA-LIST-KEYWORDS	constant	ncl-compiler-front	1	no	reclassified by subsystem ownership rule
COMMON-LISP	LAMBDA-PARAMETERS-LIMIT	constant	ncl-compiler-front	1	no	reclassified by subsystem ownership rule
COMMON-LISP	LAST	function	ncl-lib-sequences	1	no	reclassified by subsystem ownership rule
COMMON-LISP	LCM	function	ncl-lib-numbers	1	no	reclassified by subsystem ownership rule
COMMON-LISP	LDB	function	ncl-lib-numbers	1	yes	numeric tower or numeric type
COMMON-LISP	LDB-TEST	function	ncl-lib-numbers	1	no	numeric tower or numeric type
COMMON-LISP	LDIFF	function	ncl-lib-sequences	1	no	reclassified by subsystem ownership rule
COMMON-LISP	LEAST-NEGATIVE-DOUBLE-FLOAT	constant	ncl-lib-numbers	1	no	numeric tower or numeric type
COMMON-LISP	LEAST-NEGATIVE-LONG-FLOAT	constant	ncl-lib-numbers	1	no	numeric tower or numeric type
COMMON-LISP	LEAST-NEGATIVE-NORMALIZED-DOUBLE-FLOAT	constant	ncl-lib-numbers	1	no	numeric tower or numeric type
COMMON-LISP	LEAST-NEGATIVE-NORMALIZED-LONG-FLOAT	constant	ncl-lib-numbers	1	no	numeric tower or numeric type
COMMON-LISP	LEAST-NEGATIVE-NORMALIZED-SHORT-FLOAT	constant	ncl-lib-numbers	1	no	numeric tower or numeric type
COMMON-LISP	LEAST-NEGATIVE-NORMALIZED-SINGLE-FLOAT	constant	ncl-lib-numbers	1	no	numeric tower or numeric type
COMMON-LISP	LEAST-NEGATIVE-SHORT-FLOAT	constant	ncl-lib-numbers	1	no	numeric tower or numeric type
COMMON-LISP	LEAST-NEGATIVE-SINGLE-FLOAT	constant	ncl-lib-numbers	1	no	numeric tower or numeric type
COMMON-LISP	LEAST-POSITIVE-DOUBLE-FLOAT	constant	ncl-lib-numbers	1	no	numeric tower or numeric type
COMMON-LISP	LEAST-POSITIVE-LONG-FLOAT	constant	ncl-lib-numbers	1	no	numeric tower or numeric type
COMMON-LISP	LEAST-POSITIVE-NORMALIZED-DOUBLE-FLOAT	constant	ncl-lib-numbers	1	no	numeric tower or numeric type
COMMON-LISP	LEAST-POSITIVE-NORMALIZED-LONG-FLOAT	constant	ncl-lib-numbers	1	no	numeric tower or numeric type
COMMON-LISP	LEAST-POSITIVE-NORMALIZED-SHORT-FLOAT	constant	ncl-lib-numbers	1	no	numeric tower or numeric type
COMMON-LISP	LEAST-POSITIVE-NORMALIZED-SINGLE-FLOAT	constant	ncl-lib-numbers	1	no	numeric tower or numeric type
COMMON-LISP	LEAST-POSITIVE-SHORT-FLOAT	constant	ncl-lib-numbers	1	no	numeric tower or numeric type
COMMON-LISP	LEAST-POSITIVE-SINGLE-FLOAT	constant	ncl-lib-numbers	1	no	numeric tower or numeric type
COMMON-LISP	LENGTH	function	ncl-lib-sequences	1	no	sequence/list operation
COMMON-LISP	LET	special-operator	ncl-compiler-front	1	no	core syntax/declaration owned by compiler front end
COMMON-LISP	LET*	special-operator	ncl-compiler-front	1	no	core syntax/declaration owned by compiler front end
COMMON-LISP	LISP-IMPLEMENTATION-TYPE	function	ncl-runtime	2	no	Phase 2 runtime integration
COMMON-LISP	LISP-IMPLEMENTATION-VERSION	function	ncl-runtime	2	no	Phase 2 runtime integration
COMMON-LISP	LIST	class+function	ncl-lib-sequences	1	no	sequence/list operation
COMMON-LISP	LIST*	function	ncl-lib-sequences	1	no	sequence/list operation
COMMON-LISP	LIST-ALL-PACKAGES	function	ncl-lib-packages	1	no	package or symbol operation
COMMON-LISP	LIST-LENGTH	function	ncl-lib-sequences	1	no	sequence/list operation
COMMON-LISP	LISTEN	function	ncl-lib-streams	1	no	stream/readtable/printing stream surface
COMMON-LISP	LISTP	function	ncl-lib-sequences	1	no	sequence/list operation
COMMON-LISP	LOAD	function	ncl-runtime	2	no	Phase 2 runtime integration
COMMON-LISP	LOAD-LOGICAL-PATHNAME-TRANSLATIONS	function	ncl-lib-pathnames	1	no	pathname/file operation
COMMON-LISP	LOAD-TIME-VALUE	special-operator	ncl-compiler-front	1	no	core syntax/declaration owned by compiler front end
COMMON-LISP	LOCALLY	special-operator	ncl-compiler-front	1	no	core syntax/declaration owned by compiler front end
COMMON-LISP	LOG	function	ncl-lib-numbers	1	no	numeric tower or numeric type
COMMON-LISP	LOGAND	function	ncl-lib-numbers	1	yes	numeric tower or numeric type
COMMON-LISP	LOGANDC1	function	ncl-lib-numbers	1	no	numeric tower or numeric type
COMMON-LISP	LOGANDC2	function	ncl-lib-numbers	1	no	numeric tower or numeric type
COMMON-LISP	LOGBITP	function	ncl-lib-numbers	1	no	reclassified by subsystem ownership rule
COMMON-LISP	LOGCOUNT	function	ncl-lib-numbers	1	no	numeric tower or numeric type
COMMON-LISP	LOGEQV	function	ncl-lib-numbers	1	yes	reclassified by subsystem ownership rule
COMMON-LISP	LOGICAL-PATHNAME	class+function	ncl-lib-pathnames	1	no	pathname/file operation
COMMON-LISP	LOGICAL-PATHNAME-TRANSLATIONS	function	ncl-lib-pathnames	1	no	pathname/file operation
COMMON-LISP	LOGIOR	function	ncl-lib-numbers	1	yes	numeric tower or numeric type
COMMON-LISP	LOGNAND	function	ncl-lib-numbers	1	no	reclassified by subsystem ownership rule
COMMON-LISP	LOGNOR	function	ncl-lib-numbers	1	no	numeric tower or numeric type
COMMON-LISP	LOGNOT	function	ncl-lib-numbers	1	yes	numeric tower or numeric type
COMMON-LISP	LOGORC1	function	ncl-lib-numbers	1	no	numeric tower or numeric type
COMMON-LISP	LOGORC2	function	ncl-lib-numbers	1	no	numeric tower or numeric type
COMMON-LISP	LOGTEST	function	ncl-lib-numbers	1	no	numeric tower or numeric type
COMMON-LISP	LOGXOR	function	ncl-lib-numbers	1	yes	numeric tower or numeric type
COMMON-LISP	LONG-FLOAT	type	ncl-types	1	no	reclassified by subsystem ownership rule
COMMON-LISP	LONG-FLOAT-EPSILON	constant	ncl-lib-numbers	1	no	numeric tower or numeric type
COMMON-LISP	LONG-FLOAT-NEGATIVE-EPSILON	constant	ncl-lib-numbers	1	no	numeric tower or numeric type
COMMON-LISP	LONG-SITE-NAME	function	ncl-runtime	2	no	Phase 2 runtime integration
COMMON-LISP	LOOP	macro	ncl-lib-macros	1	no	macro expansion/setf surface
COMMON-LISP	LOOP-FINISH	macro	ncl-lib-macros	1	no	macro expansion/setf surface
COMMON-LISP	LOWER-CASE-P	function	ncl-lib-strings	1	yes	character/string operation
COMMON-LISP	MACHINE-INSTANCE	function	ncl-runtime	2	no	Phase 2 runtime integration
COMMON-LISP	MACHINE-TYPE	function	ncl-runtime	2	no	Phase 2 runtime integration
COMMON-LISP	MACHINE-VERSION	function	ncl-runtime	2	no	Phase 2 runtime integration
COMMON-LISP	MACRO-FUNCTION	function	ncl-lib-macros	1	no	reclassified by subsystem ownership rule
COMMON-LISP	MACROEXPAND	function	ncl-lib-macros	1	no	macro expansion/setf surface
COMMON-LISP	MACROEXPAND-1	function	ncl-lib-macros	1	no	macro expansion/setf surface
COMMON-LISP	MACROLET	special-operator	ncl-compiler-front	1	no	core syntax/declaration owned by compiler front end
COMMON-LISP	MAKE-ARRAY	function	ncl-lib-hash-arrays	1	no	array/vector/bit/hash operation
COMMON-LISP	MAKE-BROADCAST-STREAM	function	ncl-lib-streams	1	no	reclassified by subsystem ownership rule
COMMON-LISP	MAKE-CONCATENATED-STREAM	function	ncl-lib-streams	1	no	reclassified by subsystem ownership rule
COMMON-LISP	MAKE-CONDITION	function	ncl-conditions	1	no	reclassified by subsystem ownership rule
COMMON-LISP	MAKE-DISPATCH-MACRO-CHARACTER	function	ncl-reader	1	no	stream/readtable/printing stream surface
COMMON-LISP	MAKE-ECHO-STREAM	function	ncl-lib-streams	1	no	reclassified by subsystem ownership rule
COMMON-LISP	MAKE-HASH-TABLE	function	ncl-lib-hash-arrays	1	no	array/vector/bit/hash operation
COMMON-LISP	MAKE-INSTANCE	function	ncl-clos	1	no	CLOS/class/slot surface
COMMON-LISP	MAKE-INSTANCES-OBSOLETE	function	ncl-clos	1	no	reclassified by subsystem ownership rule
COMMON-LISP	MAKE-LIST	function	ncl-lib-sequences	1	no	reclassified by subsystem ownership rule
COMMON-LISP	MAKE-LOAD-FORM	function	ncl-compiler-front	1	no	reclassified by subsystem ownership rule
COMMON-LISP	MAKE-LOAD-FORM-SAVING-SLOTS	function	ncl-compiler-front	1	no	reclassified by subsystem ownership rule
COMMON-LISP	MAKE-METHOD	other	ncl-clos	1	no	reclassified by subsystem ownership rule
COMMON-LISP	MAKE-PACKAGE	function	ncl-lib-packages	1	no	package or symbol operation
COMMON-LISP	MAKE-PATHNAME	function	ncl-lib-pathnames	1	no	pathname/file operation
COMMON-LISP	MAKE-RANDOM-STATE	function	ncl-lib-numbers	1	no	reclassified by subsystem ownership rule
COMMON-LISP	MAKE-SEQUENCE	function	ncl-lib-sequences	1	no	reclassified by subsystem ownership rule
COMMON-LISP	MAKE-STRING	function	ncl-lib-strings	1	no	character/string operation
COMMON-LISP	MAKE-STRING-INPUT-STREAM	function	ncl-lib-streams	1	no	reclassified by subsystem ownership rule
COMMON-LISP	MAKE-STRING-OUTPUT-STREAM	function	ncl-lib-streams	1	no	reclassified by subsystem ownership rule
COMMON-LISP	MAKE-SYMBOL	function	ncl-lib-packages	1	no	package or symbol operation
COMMON-LISP	MAKE-SYNONYM-STREAM	function	ncl-lib-streams	1	no	reclassified by subsystem ownership rule
COMMON-LISP	MAKE-TWO-WAY-STREAM	function	ncl-lib-streams	1	no	reclassified by subsystem ownership rule
COMMON-LISP	MAKUNBOUND	function	ncl-lib-packages	1	no	package or symbol operation
COMMON-LISP	MAP	function	ncl-lib-sequences	1	no	sequence/list operation
COMMON-LISP	MAP-INTO	function	ncl-lib-sequences	1	no	sequence/list operation
COMMON-LISP	MAPC	function	ncl-lib-sequences	1	no	sequence/list operation
COMMON-LISP	MAPCAN	function	ncl-lib-sequences	1	no	sequence/list operation
COMMON-LISP	MAPCAR	function	ncl-lib-sequences	1	no	sequence/list operation
COMMON-LISP	MAPCON	function	ncl-lib-sequences	1	no	sequence/list operation
COMMON-LISP	MAPHASH	function	ncl-lib-hash-arrays	1	no	array/vector/bit/hash operation
COMMON-LISP	MAPL	function	ncl-lib-sequences	1	no	sequence/list operation
COMMON-LISP	MAPLIST	function	ncl-lib-sequences	1	no	sequence/list operation
COMMON-LISP	MASK-FIELD	function	ncl-lib-numbers	1	no	numeric tower or numeric type
COMMON-LISP	MAX	function	ncl-lib-numbers	1	yes	numeric tower or numeric type
COMMON-LISP	MEMBER	function	ncl-lib-sequences	1	no	sequence/list operation
COMMON-LISP	MEMBER-IF	function	ncl-lib-sequences	1	no	sequence/list operation
COMMON-LISP	MEMBER-IF-NOT	function	ncl-lib-sequences	1	no	reclassified by subsystem ownership rule
COMMON-LISP	MERGE	function	ncl-lib-sequences	1	no	sequence/list operation
COMMON-LISP	MERGE-PATHNAMES	function	ncl-lib-pathnames	1	no	pathname/file operation
COMMON-LISP	METHOD	class	ncl-clos	1	no	CLOS/class/slot surface
COMMON-LISP	METHOD-COMBINATION	class	ncl-clos	1	no	CLOS/class/slot surface
COMMON-LISP	METHOD-COMBINATION-ERROR	function	ncl-conditions	1	no	condition/restart surface
COMMON-LISP	METHOD-QUALIFIERS	function	ncl-clos	1	no	reclassified by subsystem ownership rule
COMMON-LISP	MIN	function	ncl-lib-numbers	1	yes	numeric tower or numeric type
COMMON-LISP	MINUSP	function	ncl-lib-numbers	1	no	reclassified by subsystem ownership rule
COMMON-LISP	MISMATCH	function	ncl-lib-sequences	1	no	sequence/list operation
COMMON-LISP	MOD	function	ncl-lib-numbers	1	no	numeric tower or numeric type
COMMON-LISP	MOST-NEGATIVE-DOUBLE-FLOAT	constant	ncl-lib-numbers	1	no	numeric tower or numeric type
COMMON-LISP	MOST-NEGATIVE-FIXNUM	constant	ncl-lib-numbers	1	no	numeric tower or numeric type
COMMON-LISP	MOST-NEGATIVE-LONG-FLOAT	constant	ncl-lib-numbers	1	no	numeric tower or numeric type
COMMON-LISP	MOST-NEGATIVE-SHORT-FLOAT	constant	ncl-lib-numbers	1	no	numeric tower or numeric type
COMMON-LISP	MOST-NEGATIVE-SINGLE-FLOAT	constant	ncl-lib-numbers	1	no	numeric tower or numeric type
COMMON-LISP	MOST-POSITIVE-DOUBLE-FLOAT	constant	ncl-lib-numbers	1	no	numeric tower or numeric type
COMMON-LISP	MOST-POSITIVE-FIXNUM	constant	ncl-lib-numbers	1	no	numeric tower or numeric type
COMMON-LISP	MOST-POSITIVE-LONG-FLOAT	constant	ncl-lib-numbers	1	no	numeric tower or numeric type
COMMON-LISP	MOST-POSITIVE-SHORT-FLOAT	constant	ncl-lib-numbers	1	no	numeric tower or numeric type
COMMON-LISP	MOST-POSITIVE-SINGLE-FLOAT	constant	ncl-lib-numbers	1	no	numeric tower or numeric type
COMMON-LISP	MUFFLE-WARNING	function	ncl-conditions	1	no	condition/restart surface
COMMON-LISP	MULTIPLE-VALUE-BIND	macro	ncl-compiler-front	1	no	core syntax/declaration owned by compiler front end
COMMON-LISP	MULTIPLE-VALUE-CALL	special-operator	ncl-compiler-front	1	no	core syntax/declaration owned by compiler front end
COMMON-LISP	MULTIPLE-VALUE-LIST	macro	ncl-compiler-front	1	no	core syntax/declaration owned by compiler front end
COMMON-LISP	MULTIPLE-VALUE-PROG1	special-operator	ncl-compiler-front	1	no	core syntax/declaration owned by compiler front end
COMMON-LISP	MULTIPLE-VALUE-SETQ	macro	ncl-compiler-front	1	no	core syntax/declaration owned by compiler front end
COMMON-LISP	MULTIPLE-VALUES-LIMIT	constant	ncl-compiler-front	1	no	reclassified by subsystem ownership rule
COMMON-LISP	NAME-CHAR	function	ncl-lib-strings	1	no	reclassified by subsystem ownership rule
COMMON-LISP	NAMESTRING	function	ncl-lib-pathnames	1	no	pathname/file operation
COMMON-LISP	NBUTLAST	function	ncl-lib-sequences	1	no	reclassified by subsystem ownership rule
COMMON-LISP	NCONC	function	ncl-lib-sequences	1	no	reclassified by subsystem ownership rule
COMMON-LISP	NEXT-METHOD-P	other	ncl-clos	1	no	CLOS/class/slot surface
COMMON-LISP	NIL	constant	ncl-types	1	no	reclassified by subsystem ownership rule
COMMON-LISP	NINTERSECTION	function	ncl-lib-sequences	1	no	reclassified by subsystem ownership rule
COMMON-LISP	NINTH	function	ncl-lib-sequences	1	no	sequence/list operation
COMMON-LISP	NO-APPLICABLE-METHOD	function	ncl-clos	1	no	CLOS/class/slot surface
COMMON-LISP	NO-NEXT-METHOD	function	ncl-clos	1	no	CLOS/class/slot surface
COMMON-LISP	NOT	function	ncl-lib-macros	1	no	reclassified by subsystem ownership rule
COMMON-LISP	NOTANY	function	ncl-lib-sequences	1	no	sequence/list operation
COMMON-LISP	NOTEVERY	function	ncl-lib-sequences	1	no	sequence/list operation
COMMON-LISP	NOTINLINE	other	ncl-compiler-front	1	no	reclassified by subsystem ownership rule
COMMON-LISP	NRECONC	function	ncl-lib-sequences	1	no	reclassified by subsystem ownership rule
COMMON-LISP	NREVERSE	function	ncl-lib-sequences	1	no	sequence/list operation
COMMON-LISP	NSET-DIFFERENCE	function	ncl-lib-sequences	1	no	reclassified by subsystem ownership rule
COMMON-LISP	NSET-EXCLUSIVE-OR	function	ncl-lib-sequences	1	no	reclassified by subsystem ownership rule
COMMON-LISP	NSTRING-CAPITALIZE	function	ncl-lib-strings	1	no	character/string operation
COMMON-LISP	NSTRING-DOWNCASE	function	ncl-lib-strings	1	no	character/string operation
COMMON-LISP	NSTRING-UPCASE	function	ncl-lib-strings	1	no	character/string operation
COMMON-LISP	NSUBLIS	function	ncl-lib-sequences	1	no	reclassified by subsystem ownership rule
COMMON-LISP	NSUBST	function	ncl-lib-sequences	1	no	reclassified by subsystem ownership rule
COMMON-LISP	NSUBST-IF	function	ncl-lib-sequences	1	no	reclassified by subsystem ownership rule
COMMON-LISP	NSUBST-IF-NOT	function	ncl-lib-sequences	1	no	reclassified by subsystem ownership rule
COMMON-LISP	NSUBSTITUTE	function	ncl-lib-sequences	1	no	sequence/list operation
COMMON-LISP	NSUBSTITUTE-IF	function	ncl-lib-sequences	1	no	reclassified by subsystem ownership rule
COMMON-LISP	NSUBSTITUTE-IF-NOT	function	ncl-lib-sequences	1	no	reclassified by subsystem ownership rule
COMMON-LISP	NTH	function	ncl-lib-sequences	1	no	sequence/list operation
COMMON-LISP	NTH-VALUE	macro	ncl-lib-macros	1	no	macro expansion/setf surface
COMMON-LISP	NTHCDR	function	ncl-lib-sequences	1	no	sequence/list operation
COMMON-LISP	NULL	class+function	ncl-types	1	no	type predicate/coercion surface
COMMON-LISP	NUMBER	class	ncl-types	1	no	reclassified by subsystem ownership rule
COMMON-LISP	NUMBERP	function	ncl-lib-numbers	1	no	numeric tower or numeric type
COMMON-LISP	NUMERATOR	function	ncl-lib-numbers	1	no	numeric tower or numeric type
COMMON-LISP	NUNION	function	ncl-lib-sequences	1	no	reclassified by subsystem ownership rule
COMMON-LISP	ODDP	function	ncl-lib-numbers	1	no	numeric tower or numeric type
COMMON-LISP	OPEN	function	ncl-lib-streams	1	no	stream/readtable/printing stream surface
COMMON-LISP	OPEN-STREAM-P	function	ncl-lib-streams	1	no	reclassified by subsystem ownership rule
COMMON-LISP	OPTIMIZE	other	ncl-compiler-front	1	no	reclassified by subsystem ownership rule
COMMON-LISP	OR	macro	ncl-lib-macros	1	no	macro expansion/setf surface
COMMON-LISP	OTHERWISE	other	ncl-compiler-front	1	no	reclassified by subsystem ownership rule
COMMON-LISP	OUTPUT-STREAM-P	function	ncl-lib-streams	1	no	stream/readtable/printing stream surface
COMMON-LISP	PACKAGE	class	ncl-types	1	no	reclassified by subsystem ownership rule
COMMON-LISP	PACKAGE-ERROR	condition+class	ncl-conditions	1	no	condition class and accessors
COMMON-LISP	PACKAGE-ERROR-PACKAGE	function	ncl-lib-packages	1	no	package or symbol operation
COMMON-LISP	PACKAGE-NAME	function	ncl-lib-packages	1	no	package or symbol operation
COMMON-LISP	PACKAGE-NICKNAMES	function	ncl-lib-packages	1	no	package or symbol operation
COMMON-LISP	PACKAGE-SHADOWING-SYMBOLS	function	ncl-lib-packages	1	no	package or symbol operation
COMMON-LISP	PACKAGE-USE-LIST	function	ncl-lib-packages	1	no	package or symbol operation
COMMON-LISP	PACKAGE-USED-BY-LIST	function	ncl-lib-packages	1	no	package or symbol operation
COMMON-LISP	PACKAGEP	function	ncl-lib-packages	1	no	package or symbol operation
COMMON-LISP	PAIRLIS	function	ncl-lib-sequences	1	no	sequence/list operation
COMMON-LISP	PARSE-ERROR	condition+class	ncl-conditions	1	no	condition/restart surface
COMMON-LISP	PARSE-INTEGER	function	ncl-reader	1	no	numeric tower or numeric type
COMMON-LISP	PARSE-NAMESTRING	function	ncl-lib-pathnames	1	no	pathname/file operation
COMMON-LISP	PATHNAME	class+function	ncl-lib-pathnames	1	no	pathname/file operation
COMMON-LISP	PATHNAME-DEVICE	function	ncl-lib-pathnames	1	no	pathname/file operation
COMMON-LISP	PATHNAME-DIRECTORY	function	ncl-lib-pathnames	1	no	pathname/file operation
COMMON-LISP	PATHNAME-HOST	function	ncl-lib-pathnames	1	no	pathname/file operation
COMMON-LISP	PATHNAME-MATCH-P	function	ncl-lib-pathnames	1	no	pathname/file operation
COMMON-LISP	PATHNAME-NAME	function	ncl-lib-pathnames	1	no	pathname/file operation
COMMON-LISP	PATHNAME-TYPE	function	ncl-lib-pathnames	1	no	pathname/file operation
COMMON-LISP	PATHNAME-VERSION	function	ncl-lib-pathnames	1	no	pathname/file operation
COMMON-LISP	PATHNAMEP	function	ncl-lib-pathnames	1	no	pathname/file operation
COMMON-LISP	PEEK-CHAR	function	ncl-lib-streams	1	no	reclassified by subsystem ownership rule
COMMON-LISP	PHASE	function	ncl-lib-numbers	1	no	numeric tower or numeric type
COMMON-LISP	PI	constant	ncl-lib-numbers	1	no	numeric tower or numeric type
COMMON-LISP	PLUSP	function	ncl-lib-numbers	1	no	reclassified by subsystem ownership rule
COMMON-LISP	POP	macro	ncl-lib-macros	1	no	macro expansion/setf surface
COMMON-LISP	POSITION	function	ncl-lib-sequences	1	no	sequence/list operation
COMMON-LISP	POSITION-IF	function	ncl-lib-sequences	1	no	reclassified by subsystem ownership rule
COMMON-LISP	POSITION-IF-NOT	function	ncl-lib-sequences	1	no	reclassified by subsystem ownership rule
COMMON-LISP	PPRINT	function	ncl-printer	1	no	reclassified by subsystem ownership rule
COMMON-LISP	PPRINT-DISPATCH	function	ncl-printer	1	no	reclassified by subsystem ownership rule
COMMON-LISP	PPRINT-EXIT-IF-LIST-EXHAUSTED	macro	ncl-lib-macros	1	no	macro expansion/setf surface
COMMON-LISP	PPRINT-FILL	function	ncl-printer	1	no	reclassified by subsystem ownership rule
COMMON-LISP	PPRINT-INDENT	function	ncl-printer	1	no	reclassified by subsystem ownership rule
COMMON-LISP	PPRINT-LINEAR	function	ncl-printer	1	no	reclassified by subsystem ownership rule
COMMON-LISP	PPRINT-LOGICAL-BLOCK	macro	ncl-lib-macros	1	no	macro expansion/setf surface
COMMON-LISP	PPRINT-NEWLINE	function	ncl-printer	1	no	reclassified by subsystem ownership rule
COMMON-LISP	PPRINT-POP	macro	ncl-lib-macros	1	no	macro expansion/setf surface
COMMON-LISP	PPRINT-TAB	function	ncl-printer	1	no	reclassified by subsystem ownership rule
COMMON-LISP	PPRINT-TABULAR	function	ncl-printer	1	no	reclassified by subsystem ownership rule
COMMON-LISP	PRIN1	function	ncl-printer	1	no	reclassified by subsystem ownership rule
COMMON-LISP	PRIN1-TO-STRING	function	ncl-printer	1	no	reclassified by subsystem ownership rule
COMMON-LISP	PRINC	function	ncl-printer	1	no	reclassified by subsystem ownership rule
COMMON-LISP	PRINC-TO-STRING	function	ncl-printer	1	no	reclassified by subsystem ownership rule
COMMON-LISP	PRINT	function	ncl-printer	1	no	reclassified by subsystem ownership rule
COMMON-LISP	PRINT-NOT-READABLE	condition+class	ncl-conditions	1	no	condition/restart surface
COMMON-LISP	PRINT-NOT-READABLE-OBJECT	function	ncl-printer	1	no	reclassified by subsystem ownership rule
COMMON-LISP	PRINT-OBJECT	function	ncl-printer	1	no	reclassified by subsystem ownership rule
COMMON-LISP	PRINT-UNREADABLE-OBJECT	macro	ncl-lib-macros	1	no	macro expansion/setf surface
COMMON-LISP	PROBE-FILE	function	ncl-lib-pathnames	1	no	pathname/file operation
COMMON-LISP	PROCLAIM	function	ncl-compiler-front	1	no	core syntax/declaration owned by compiler front end
COMMON-LISP	PROG	macro	ncl-lib-macros	1	no	macro expansion/setf surface
COMMON-LISP	PROG*	macro	ncl-lib-macros	1	no	macro expansion/setf surface
COMMON-LISP	PROG1	macro	ncl-lib-macros	1	no	macro expansion/setf surface
COMMON-LISP	PROG2	macro	ncl-lib-macros	1	no	macro expansion/setf surface
COMMON-LISP	PROGN	special-operator	ncl-compiler-front	1	no	core syntax/declaration owned by compiler front end
COMMON-LISP	PROGRAM-ERROR	condition+class	ncl-conditions	1	no	condition/restart surface
COMMON-LISP	PROGV	special-operator	ncl-compiler-front	1	no	core syntax/declaration owned by compiler front end
COMMON-LISP	PROVIDE	function	ncl-runtime	2	no	Phase 2 runtime integration
COMMON-LISP	PSETF	macro	ncl-lib-macros	1	no	macro expansion/setf surface
COMMON-LISP	PSETQ	macro	ncl-compiler-front	1	no	core syntax/declaration owned by compiler front end
COMMON-LISP	PUSH	macro	ncl-lib-macros	1	no	macro expansion/setf surface
COMMON-LISP	PUSHNEW	macro	ncl-lib-macros	1	no	macro expansion/setf surface
COMMON-LISP	QUOTE	special-operator	ncl-compiler-front	1	no	core syntax/declaration owned by compiler front end
COMMON-LISP	RANDOM	function	ncl-lib-numbers	1	no	numeric tower or numeric type
COMMON-LISP	RANDOM-STATE	class	ncl-types	1	no	reclassified by subsystem ownership rule
COMMON-LISP	RANDOM-STATE-P	function	ncl-lib-numbers	1	no	reclassified by subsystem ownership rule
COMMON-LISP	RASSOC	function	ncl-lib-sequences	1	no	sequence/list operation
COMMON-LISP	RASSOC-IF	function	ncl-lib-sequences	1	no	reclassified by subsystem ownership rule
COMMON-LISP	RASSOC-IF-NOT	function	ncl-lib-sequences	1	no	reclassified by subsystem ownership rule
COMMON-LISP	RATIO	class	ncl-types	1	no	reclassified by subsystem ownership rule
COMMON-LISP	RATIONAL	class+function	ncl-lib-numbers	1	no	numeric tower or numeric type
COMMON-LISP	RATIONALIZE	function	ncl-lib-numbers	1	no	numeric tower or numeric type
COMMON-LISP	RATIONALP	function	ncl-lib-numbers	1	no	numeric tower or numeric type
COMMON-LISP	READ	function	ncl-reader	1	no	stream/readtable/printing stream surface
COMMON-LISP	READ-BYTE	function	ncl-lib-streams	1	no	reclassified by subsystem ownership rule
COMMON-LISP	READ-CHAR	function	ncl-lib-streams	1	no	stream/readtable/printing stream surface
COMMON-LISP	READ-CHAR-NO-HANG	function	ncl-lib-streams	1	no	stream/readtable/printing stream surface
COMMON-LISP	READ-DELIMITED-LIST	function	ncl-reader	1	no	stream/readtable/printing stream surface
COMMON-LISP	READ-FROM-STRING	function	ncl-reader	1	no	stream/readtable/printing stream surface
COMMON-LISP	READ-LINE	function	ncl-lib-streams	1	no	stream/readtable/printing stream surface
COMMON-LISP	READ-PRESERVING-WHITESPACE	function	ncl-reader	1	no	stream/readtable/printing stream surface
COMMON-LISP	READ-SEQUENCE	function	ncl-lib-streams	1	no	reclassified by subsystem ownership rule
COMMON-LISP	READER-ERROR	condition+class	ncl-conditions	1	no	condition/restart surface
COMMON-LISP	READTABLE	class	ncl-reader	1	no	reclassified by subsystem ownership rule
COMMON-LISP	READTABLE-CASE	function	ncl-reader	1	no	reclassified by subsystem ownership rule
COMMON-LISP	READTABLEP	function	ncl-reader	1	no	reclassified by subsystem ownership rule
COMMON-LISP	REAL	class	ncl-types	1	no	type predicate/coercion surface
COMMON-LISP	REALP	function	ncl-lib-numbers	1	no	reclassified by subsystem ownership rule
COMMON-LISP	REALPART	function	ncl-lib-numbers	1	no	numeric tower or numeric type
COMMON-LISP	REDUCE	function	ncl-lib-sequences	1	no	sequence/list operation
COMMON-LISP	REINITIALIZE-INSTANCE	function	ncl-clos	1	no	CLOS/class/slot surface
COMMON-LISP	REM	function	ncl-lib-numbers	1	no	reclassified by subsystem ownership rule
COMMON-LISP	REMF	macro	ncl-lib-macros	1	no	macro expansion/setf surface
COMMON-LISP	REMHASH	function	ncl-lib-hash-arrays	1	no	array/vector/bit/hash operation
COMMON-LISP	REMOVE	function	ncl-lib-sequences	1	no	sequence/list operation
COMMON-LISP	REMOVE-DUPLICATES	function	ncl-lib-sequences	1	no	sequence/list operation
COMMON-LISP	REMOVE-IF	function	ncl-lib-sequences	1	no	sequence/list operation
COMMON-LISP	REMOVE-IF-NOT	function	ncl-lib-sequences	1	no	reclassified by subsystem ownership rule
COMMON-LISP	REMOVE-METHOD	function	ncl-clos	1	no	reclassified by subsystem ownership rule
COMMON-LISP	REMPROP	function	ncl-lib-packages	1	no	reclassified by subsystem ownership rule
COMMON-LISP	RENAME-FILE	function	ncl-lib-pathnames	1	no	pathname/file operation
COMMON-LISP	RENAME-PACKAGE	function	ncl-lib-packages	1	no	package or symbol operation
COMMON-LISP	REPLACE	function	ncl-lib-macros	1	no	macro expansion/setf surface
COMMON-LISP	REQUIRE	function	ncl-runtime	2	no	Phase 2 runtime integration
COMMON-LISP	REST	function	ncl-lib-sequences	1	no	sequence/list operation
COMMON-LISP	RESTART	class	ncl-types	1	no	reclassified by subsystem ownership rule
COMMON-LISP	RESTART-BIND	macro	ncl-lib-macros	1	no	macro expansion/setf surface
COMMON-LISP	RESTART-CASE	macro	ncl-lib-macros	1	no	macro expansion/setf surface
COMMON-LISP	RESTART-NAME	function	ncl-conditions	1	no	condition/restart surface
COMMON-LISP	RETURN	macro	ncl-lib-macros	1	no	macro expansion/setf surface
COMMON-LISP	RETURN-FROM	special-operator	ncl-compiler-front	1	no	core syntax/declaration owned by compiler front end
COMMON-LISP	REVAPPEND	function	ncl-lib-sequences	1	no	reclassified by subsystem ownership rule
COMMON-LISP	REVERSE	function	ncl-lib-sequences	1	no	sequence/list operation
COMMON-LISP	ROOM	function	ncl-runtime	2	no	Phase 2 runtime integration
COMMON-LISP	ROTATEF	macro	ncl-compiler-front	1	no	core syntax/declaration owned by compiler front end
COMMON-LISP	ROUND	function	ncl-lib-numbers	1	no	numeric tower or numeric type
COMMON-LISP	ROW-MAJOR-AREF	function	ncl-lib-hash-arrays	1	no	array/vector/bit/hash operation
COMMON-LISP	RPLACA	function	ncl-lib-sequences	1	yes	sequence/list operation
COMMON-LISP	RPLACD	function	ncl-lib-sequences	1	yes	sequence/list operation
COMMON-LISP	SAFETY	other	ncl-compiler-front	1	no	reclassified by subsystem ownership rule
COMMON-LISP	SATISFIES	other	ncl-compiler-front	1	no	reclassified by subsystem ownership rule
COMMON-LISP	SBIT	function	ncl-lib-hash-arrays	1	no	array/vector/bit/hash operation
COMMON-LISP	SCALE-FLOAT	function	ncl-lib-numbers	1	no	numeric tower or numeric type
COMMON-LISP	SCHAR	function	ncl-lib-strings	1	no	character/string operation
COMMON-LISP	SEARCH	function	ncl-lib-sequences	1	no	sequence/list operation
COMMON-LISP	SECOND	function	ncl-lib-sequences	1	no	sequence/list operation
COMMON-LISP	SEQUENCE	class	ncl-types	1	no	type predicate/coercion surface
COMMON-LISP	SERIOUS-CONDITION	condition+class	ncl-conditions	1	no	reclassified by subsystem ownership rule
COMMON-LISP	SET	function	ncl-lib-packages	1	no	package or symbol operation
COMMON-LISP	SET-DIFFERENCE	function	ncl-lib-sequences	1	no	sequence/list operation
COMMON-LISP	SET-DISPATCH-MACRO-CHARACTER	function	ncl-reader	1	no	stream/readtable/printing stream surface
COMMON-LISP	SET-EXCLUSIVE-OR	function	ncl-lib-sequences	1	no	reclassified by subsystem ownership rule
COMMON-LISP	SET-MACRO-CHARACTER	function	ncl-reader	1	no	stream/readtable/printing stream surface
COMMON-LISP	SET-PPRINT-DISPATCH	function	ncl-printer	1	no	reclassified by subsystem ownership rule
COMMON-LISP	SET-SYNTAX-FROM-CHAR	function	ncl-reader	1	no	reclassified by subsystem ownership rule
COMMON-LISP	SETF	macro	ncl-lib-macros	1	no	macro expansion/setf surface
COMMON-LISP	SETQ	special-operator	ncl-compiler-front	1	no	core syntax/declaration owned by compiler front end
COMMON-LISP	SEVENTH	function	ncl-lib-sequences	1	no	sequence/list operation
COMMON-LISP	SHADOW	function	ncl-lib-packages	1	no	package or symbol operation
COMMON-LISP	SHADOWING-IMPORT	function	ncl-lib-packages	1	no	package or symbol operation
COMMON-LISP	SHARED-INITIALIZE	function	ncl-clos	1	no	CLOS/class/slot surface
COMMON-LISP	SHIFTF	macro	ncl-compiler-front	1	no	core syntax/declaration owned by compiler front end
COMMON-LISP	SHORT-FLOAT	type	ncl-types	1	no	reclassified by subsystem ownership rule
COMMON-LISP	SHORT-FLOAT-EPSILON	constant	ncl-lib-numbers	1	no	numeric tower or numeric type
COMMON-LISP	SHORT-FLOAT-NEGATIVE-EPSILON	constant	ncl-lib-numbers	1	no	numeric tower or numeric type
COMMON-LISP	SHORT-SITE-NAME	function	ncl-runtime	2	no	Phase 2 runtime integration
COMMON-LISP	SIGNAL	function	ncl-conditions	1	no	condition/restart surface
COMMON-LISP	SIGNED-BYTE	type	ncl-types	1	no	reclassified by subsystem ownership rule
COMMON-LISP	SIGNUM	function	ncl-lib-numbers	1	no	numeric tower or numeric type
COMMON-LISP	SIMPLE-ARRAY	class	ncl-types	1	no	type predicate/coercion surface
COMMON-LISP	SIMPLE-BASE-STRING	class	ncl-types	1	no	reclassified by subsystem ownership rule
COMMON-LISP	SIMPLE-BIT-VECTOR	class	ncl-types	1	no	type predicate/coercion surface
COMMON-LISP	SIMPLE-BIT-VECTOR-P	function	ncl-lib-hash-arrays	1	no	reclassified by subsystem ownership rule
COMMON-LISP	SIMPLE-CONDITION	condition+class	ncl-conditions	1	no	condition/restart surface
COMMON-LISP	SIMPLE-CONDITION-FORMAT-ARGUMENTS	function	ncl-conditions	1	no	reclassified by subsystem ownership rule
COMMON-LISP	SIMPLE-CONDITION-FORMAT-CONTROL	function	ncl-conditions	1	no	reclassified by subsystem ownership rule
COMMON-LISP	SIMPLE-ERROR	condition+class	ncl-conditions	1	no	condition/restart surface
COMMON-LISP	SIMPLE-STRING	class	ncl-types	1	no	reclassified by subsystem ownership rule
COMMON-LISP	SIMPLE-STRING-P	function	ncl-lib-strings	1	no	character/string operation
COMMON-LISP	SIMPLE-TYPE-ERROR	condition+class	ncl-conditions	1	no	condition/restart surface
COMMON-LISP	SIMPLE-VECTOR	class	ncl-types	1	no	reclassified by subsystem ownership rule
COMMON-LISP	SIMPLE-VECTOR-P	function	ncl-lib-hash-arrays	1	no	array/vector/bit/hash operation
COMMON-LISP	SIMPLE-WARNING	condition+class	ncl-conditions	1	no	condition/restart surface
COMMON-LISP	SIN	function	ncl-lib-numbers	1	no	numeric tower or numeric type
COMMON-LISP	SINGLE-FLOAT	class	ncl-types	1	no	reclassified by subsystem ownership rule
COMMON-LISP	SINGLE-FLOAT-EPSILON	constant	ncl-lib-numbers	1	no	numeric tower or numeric type
COMMON-LISP	SINGLE-FLOAT-NEGATIVE-EPSILON	constant	ncl-lib-numbers	1	no	numeric tower or numeric type
COMMON-LISP	SINH	function	ncl-lib-numbers	1	no	numeric tower or numeric type
COMMON-LISP	SIXTH	function	ncl-lib-sequences	1	no	sequence/list operation
COMMON-LISP	SLEEP	function	ncl-runtime	2	no	Phase 2 runtime integration
COMMON-LISP	SLOT-BOUNDP	function	ncl-clos	1	yes	CLOS/class/slot surface
COMMON-LISP	SLOT-EXISTS-P	function	ncl-clos	1	no	CLOS/class/slot surface
COMMON-LISP	SLOT-MAKUNBOUND	function	ncl-clos	1	yes	CLOS/class/slot surface
COMMON-LISP	SLOT-MISSING	function	ncl-clos	1	no	CLOS/class/slot surface
COMMON-LISP	SLOT-UNBOUND	function	ncl-clos	1	no	CLOS/class/slot surface
COMMON-LISP	SLOT-VALUE	function	ncl-clos	1	yes	CLOS/class/slot surface
COMMON-LISP	SOFTWARE-TYPE	function	ncl-runtime	2	no	Phase 2 runtime integration
COMMON-LISP	SOFTWARE-VERSION	function	ncl-runtime	2	no	Phase 2 runtime integration
COMMON-LISP	SOME	function	ncl-lib-sequences	1	no	sequence/list operation
COMMON-LISP	SORT	function	ncl-lib-sequences	1	no	sequence/list operation
COMMON-LISP	SPACE	other	ncl-compiler-front	1	no	reclassified by subsystem ownership rule
COMMON-LISP	SPECIAL	other	ncl-compiler-front	1	no	reclassified by subsystem ownership rule
COMMON-LISP	SPECIAL-OPERATOR-P	function	ncl-lib-macros	1	no	reclassified by subsystem ownership rule
COMMON-LISP	SPEED	other	ncl-compiler-front	1	no	reclassified by subsystem ownership rule
COMMON-LISP	SQRT	function	ncl-lib-numbers	1	no	numeric tower or numeric type
COMMON-LISP	STABLE-SORT	function	ncl-lib-sequences	1	no	sequence/list operation
COMMON-LISP	STANDARD	other	ncl-compiler-front	1	no	reclassified by subsystem ownership rule
COMMON-LISP	STANDARD-CHAR	type	ncl-types	1	no	reclassified by subsystem ownership rule
COMMON-LISP	STANDARD-CHAR-P	function	ncl-lib-strings	1	no	reclassified by subsystem ownership rule
COMMON-LISP	STANDARD-CLASS	class	ncl-clos	1	no	CLOS/class/slot surface
COMMON-LISP	STANDARD-GENERIC-FUNCTION	class	ncl-clos	1	no	CLOS/class/slot surface
COMMON-LISP	STANDARD-METHOD	class	ncl-clos	1	no	CLOS/class/slot surface
COMMON-LISP	STANDARD-OBJECT	class	ncl-clos	1	no	CLOS/class/slot surface
COMMON-LISP	STEP	macro	ncl-lib-macros	1	no	macro expansion/setf surface
COMMON-LISP	STORAGE-CONDITION	condition+class	ncl-conditions	1	no	condition/restart surface
COMMON-LISP	STORE-VALUE	function	ncl-conditions	1	no	reclassified by subsystem ownership rule
COMMON-LISP	STREAM	class	ncl-types	1	no	type predicate/coercion surface
COMMON-LISP	STREAM-ELEMENT-TYPE	function	ncl-lib-streams	1	no	stream/readtable/printing stream surface
COMMON-LISP	STREAM-ERROR	condition+class	ncl-conditions	1	no	condition class and accessors
COMMON-LISP	STREAM-ERROR-STREAM	function	ncl-lib-streams	1	no	stream/readtable/printing stream surface
COMMON-LISP	STREAM-EXTERNAL-FORMAT	function	ncl-lib-streams	1	no	stream/readtable/printing stream surface
COMMON-LISP	STREAMP	function	ncl-lib-streams	1	no	stream/readtable/printing stream surface
COMMON-LISP	STRING	class+function	ncl-lib-strings	1	no	character/string operation
COMMON-LISP	STRING-CAPITALIZE	function	ncl-lib-strings	1	no	character/string operation
COMMON-LISP	STRING-DOWNCASE	function	ncl-lib-strings	1	no	character/string operation
COMMON-LISP	STRING-EQUAL	function	ncl-lib-strings	1	no	character/string operation
COMMON-LISP	STRING-GREATERP	function	ncl-lib-strings	1	no	character/string operation
COMMON-LISP	STRING-LEFT-TRIM	function	ncl-lib-strings	1	no	character/string operation
COMMON-LISP	STRING-LESSP	function	ncl-lib-strings	1	no	character/string operation
COMMON-LISP	STRING-NOT-EQUAL	function	ncl-lib-strings	1	no	character/string operation
COMMON-LISP	STRING-NOT-GREATERP	function	ncl-lib-strings	1	no	character/string operation
COMMON-LISP	STRING-NOT-LESSP	function	ncl-lib-strings	1	no	character/string operation
COMMON-LISP	STRING-RIGHT-TRIM	function	ncl-lib-strings	1	no	character/string operation
COMMON-LISP	STRING-STREAM	class	ncl-types	1	no	reclassified by subsystem ownership rule
COMMON-LISP	STRING-TRIM	function	ncl-lib-strings	1	no	character/string operation
COMMON-LISP	STRING-UPCASE	function	ncl-lib-strings	1	no	character/string operation
COMMON-LISP	STRING/=	function	ncl-lib-strings	1	no	character/string operation
COMMON-LISP	STRING<	function	ncl-lib-strings	1	no	character/string operation
COMMON-LISP	STRING<=	function	ncl-lib-strings	1	no	character/string operation
COMMON-LISP	STRING=	function	ncl-lib-strings	1	no	character/string operation
COMMON-LISP	STRING>	function	ncl-lib-strings	1	no	character/string operation
COMMON-LISP	STRING>=	function	ncl-lib-strings	1	no	character/string operation
COMMON-LISP	STRINGP	function	ncl-lib-strings	1	no	character/string operation
COMMON-LISP	STRUCTURE	other	ncl-clos	1	no	reclassified by subsystem ownership rule
COMMON-LISP	STRUCTURE-CLASS	class	ncl-clos	1	no	CLOS/class/slot surface
COMMON-LISP	STRUCTURE-OBJECT	class	ncl-clos	1	no	CLOS/class/slot surface
COMMON-LISP	STYLE-WARNING	condition+class	ncl-conditions	1	no	condition/restart surface
COMMON-LISP	SUBLIS	function	ncl-lib-sequences	1	no	reclassified by subsystem ownership rule
COMMON-LISP	SUBSEQ	function	ncl-lib-sequences	1	no	sequence/list operation
COMMON-LISP	SUBSETP	function	ncl-lib-sequences	1	no	sequence/list operation
COMMON-LISP	SUBST	function	ncl-lib-sequences	1	no	reclassified by subsystem ownership rule
COMMON-LISP	SUBST-IF	function	ncl-lib-sequences	1	no	reclassified by subsystem ownership rule
COMMON-LISP	SUBST-IF-NOT	function	ncl-lib-sequences	1	no	reclassified by subsystem ownership rule
COMMON-LISP	SUBSTITUTE	function	ncl-lib-sequences	1	no	sequence/list operation
COMMON-LISP	SUBSTITUTE-IF	function	ncl-lib-sequences	1	no	reclassified by subsystem ownership rule
COMMON-LISP	SUBSTITUTE-IF-NOT	function	ncl-lib-sequences	1	no	reclassified by subsystem ownership rule
COMMON-LISP	SUBTYPEP	function	ncl-types	1	no	type predicate/coercion surface
COMMON-LISP	SVREF	function	ncl-lib-hash-arrays	1	yes	array/vector/bit/hash operation
COMMON-LISP	SXHASH	function	ncl-types	1	no	reclassified by subsystem ownership rule
COMMON-LISP	SYMBOL	class	ncl-types	1	no	reclassified by subsystem ownership rule
COMMON-LISP	SYMBOL-FUNCTION	function	ncl-lib-packages	1	no	package or symbol operation
COMMON-LISP	SYMBOL-MACROLET	special-operator	ncl-compiler-front	1	no	core syntax/declaration owned by compiler front end
COMMON-LISP	SYMBOL-NAME	function	ncl-lib-packages	1	no	package or symbol operation
COMMON-LISP	SYMBOL-PACKAGE	function	ncl-lib-packages	1	no	package or symbol operation
COMMON-LISP	SYMBOL-PLIST	function	ncl-lib-packages	1	no	package or symbol operation
COMMON-LISP	SYMBOL-VALUE	function	ncl-lib-packages	1	no	package or symbol operation
COMMON-LISP	SYMBOLP	function	ncl-lib-packages	1	no	package or symbol operation
COMMON-LISP	SYNONYM-STREAM	class	ncl-types	1	no	reclassified by subsystem ownership rule
COMMON-LISP	SYNONYM-STREAM-SYMBOL	function	ncl-lib-streams	1	no	reclassified by subsystem ownership rule
COMMON-LISP	T	constant+class	ncl-types	1	no	type predicate/coercion surface
COMMON-LISP	TAGBODY	special-operator	ncl-compiler-front	1	no	core syntax/declaration owned by compiler front end
COMMON-LISP	TAILP	function	ncl-lib-sequences	1	no	reclassified by subsystem ownership rule
COMMON-LISP	TAN	function	ncl-lib-numbers	1	no	numeric tower or numeric type
COMMON-LISP	TANH	function	ncl-lib-numbers	1	no	numeric tower or numeric type
COMMON-LISP	TENTH	function	ncl-lib-sequences	1	no	sequence/list operation
COMMON-LISP	TERPRI	function	ncl-lib-streams	1	no	stream/readtable/printing stream surface
COMMON-LISP	THE	special-operator	ncl-compiler-front	1	no	core syntax/declaration owned by compiler front end
COMMON-LISP	THIRD	function	ncl-lib-sequences	1	no	sequence/list operation
COMMON-LISP	THROW	special-operator	ncl-compiler-front	1	no	core syntax/declaration owned by compiler front end
COMMON-LISP	TIME	macro	ncl-lib-macros	1	no	macro expansion/setf surface
COMMON-LISP	TRACE	macro	ncl-lib-macros	1	no	macro expansion/setf surface
COMMON-LISP	TRANSLATE-LOGICAL-PATHNAME	function	ncl-lib-pathnames	1	no	pathname/file operation
COMMON-LISP	TRANSLATE-PATHNAME	function	ncl-lib-pathnames	1	no	pathname/file operation
COMMON-LISP	TREE-EQUAL	function	ncl-lib-sequences	1	no	reclassified by subsystem ownership rule
COMMON-LISP	TRUENAME	function	ncl-lib-pathnames	1	no	pathname/file operation
COMMON-LISP	TRUNCATE	function	ncl-lib-numbers	1	no	numeric tower or numeric type
COMMON-LISP	TWO-WAY-STREAM	class	ncl-types	1	no	reclassified by subsystem ownership rule
COMMON-LISP	TWO-WAY-STREAM-INPUT-STREAM	function	ncl-lib-streams	1	no	reclassified by subsystem ownership rule
COMMON-LISP	TWO-WAY-STREAM-OUTPUT-STREAM	function	ncl-lib-streams	1	no	reclassified by subsystem ownership rule
COMMON-LISP	TYPE	other	ncl-compiler-front	1	no	reclassified by subsystem ownership rule
COMMON-LISP	TYPE-ERROR	condition+class	ncl-conditions	1	no	condition/restart surface
COMMON-LISP	TYPE-ERROR-DATUM	function	ncl-conditions	1	no	condition/restart surface
COMMON-LISP	TYPE-ERROR-EXPECTED-TYPE	function	ncl-conditions	1	no	condition/restart surface
COMMON-LISP	TYPE-OF	function	ncl-types	1	no	type predicate/coercion surface
COMMON-LISP	TYPECASE	macro	ncl-lib-macros	1	no	macro expansion/setf surface
COMMON-LISP	TYPEP	function	ncl-types	1	yes	type predicate/coercion surface
COMMON-LISP	UNBOUND-SLOT	condition+class	ncl-conditions	1	no	condition/restart surface
COMMON-LISP	UNBOUND-SLOT-INSTANCE	function	ncl-conditions	1	no	reclassified by subsystem ownership rule
COMMON-LISP	UNBOUND-VARIABLE	condition+class	ncl-conditions	1	no	condition/restart surface
COMMON-LISP	UNDEFINED-FUNCTION	condition+class	ncl-conditions	1	no	condition/restart surface
COMMON-LISP	UNEXPORT	function	ncl-lib-packages	1	no	package or symbol operation
COMMON-LISP	UNINTERN	function	ncl-lib-packages	1	no	package or symbol operation
COMMON-LISP	UNION	function	ncl-lib-sequences	1	no	sequence/list operation
COMMON-LISP	UNLESS	macro	ncl-lib-macros	1	no	macro expansion/setf surface
COMMON-LISP	UNREAD-CHAR	function	ncl-lib-streams	1	no	stream/readtable/printing stream surface
COMMON-LISP	UNSIGNED-BYTE	type	ncl-types	1	no	reclassified by subsystem ownership rule
COMMON-LISP	UNTRACE	macro	ncl-lib-macros	1	no	macro expansion/setf surface
COMMON-LISP	UNUSE-PACKAGE	function	ncl-lib-packages	1	no	package or symbol operation
COMMON-LISP	UNWIND-PROTECT	special-operator	ncl-compiler-front	1	no	core syntax/declaration owned by compiler front end
COMMON-LISP	UPDATE-INSTANCE-FOR-DIFFERENT-CLASS	function	ncl-clos	1	no	reclassified by subsystem ownership rule
COMMON-LISP	UPDATE-INSTANCE-FOR-REDEFINED-CLASS	function	ncl-clos	1	no	reclassified by subsystem ownership rule
COMMON-LISP	UPGRADED-ARRAY-ELEMENT-TYPE	function	ncl-lib-numbers	1	no	numeric tower or numeric type
COMMON-LISP	UPGRADED-COMPLEX-PART-TYPE	function	ncl-types	1	no	type predicate/coercion surface
COMMON-LISP	UPPER-CASE-P	function	ncl-lib-strings	1	yes	character/string operation
COMMON-LISP	USE-PACKAGE	function	ncl-lib-packages	1	no	package or symbol operation
COMMON-LISP	USE-VALUE	function	ncl-conditions	1	no	reclassified by subsystem ownership rule
COMMON-LISP	USER-HOMEDIR-PATHNAME	function	ncl-lib-pathnames	1	no	pathname/file operation
COMMON-LISP	VALUES	function	ncl-lib-macros	1	no	reclassified by subsystem ownership rule
COMMON-LISP	VALUES-LIST	function	ncl-lib-macros	1	no	reclassified by subsystem ownership rule
COMMON-LISP	VARIABLE	other	ncl-compiler-front	1	no	reclassified by subsystem ownership rule
COMMON-LISP	VECTOR	class+function	ncl-lib-hash-arrays	1	no	array/vector/bit/hash operation
COMMON-LISP	VECTOR-POP	function	ncl-lib-hash-arrays	1	no	reclassified by subsystem ownership rule
COMMON-LISP	VECTOR-PUSH	function	ncl-lib-hash-arrays	1	no	reclassified by subsystem ownership rule
COMMON-LISP	VECTOR-PUSH-EXTEND	function	ncl-lib-hash-arrays	1	no	reclassified by subsystem ownership rule
COMMON-LISP	VECTORP	function	ncl-lib-hash-arrays	1	no	array/vector/bit/hash operation
COMMON-LISP	WARN	function	ncl-lib-macros	1	no	macro expansion/setf surface
COMMON-LISP	WARNING	condition+class	ncl-conditions	1	no	condition/restart surface
COMMON-LISP	WHEN	macro	ncl-lib-macros	1	no	macro expansion/setf surface
COMMON-LISP	WILD-PATHNAME-P	function	ncl-lib-pathnames	1	no	pathname/file operation
COMMON-LISP	WITH-ACCESSORS	macro	ncl-lib-macros	1	no	macro expansion/setf surface
COMMON-LISP	WITH-COMPILATION-UNIT	macro	ncl-lib-macros	1	no	macro expansion/setf surface
COMMON-LISP	WITH-CONDITION-RESTARTS	macro	ncl-lib-macros	1	no	macro expansion/setf surface
COMMON-LISP	WITH-HASH-TABLE-ITERATOR	macro	ncl-lib-macros	1	no	macro expansion/setf surface
COMMON-LISP	WITH-INPUT-FROM-STRING	macro	ncl-lib-macros	1	no	macro expansion/setf surface
COMMON-LISP	WITH-OPEN-FILE	macro	ncl-lib-macros	1	no	macro expansion/setf surface
COMMON-LISP	WITH-OPEN-STREAM	macro	ncl-lib-macros	1	no	macro expansion/setf surface
COMMON-LISP	WITH-OUTPUT-TO-STRING	macro	ncl-lib-macros	1	no	macro expansion/setf surface
COMMON-LISP	WITH-PACKAGE-ITERATOR	macro	ncl-lib-macros	1	no	macro expansion/setf surface
COMMON-LISP	WITH-SIMPLE-RESTART	macro	ncl-lib-macros	1	no	macro expansion/setf surface
COMMON-LISP	WITH-SLOTS	macro	ncl-lib-macros	1	no	macro expansion/setf surface
COMMON-LISP	WITH-STANDARD-IO-SYNTAX	macro	ncl-reader	1	no	macro expansion/setf surface
COMMON-LISP	WRITE	function	ncl-lib-streams	1	no	reclassified by subsystem ownership rule
COMMON-LISP	WRITE-BYTE	function	ncl-lib-streams	1	no	stream/readtable/printing stream surface
COMMON-LISP	WRITE-CHAR	function	ncl-lib-streams	1	no	stream/readtable/printing stream surface
COMMON-LISP	WRITE-LINE	function	ncl-lib-streams	1	no	stream/readtable/printing stream surface
COMMON-LISP	WRITE-SEQUENCE	function	ncl-lib-streams	1	no	stream/readtable/printing stream surface
COMMON-LISP	WRITE-STRING	function	ncl-lib-streams	1	no	stream/readtable/printing stream surface
COMMON-LISP	WRITE-TO-STRING	function	ncl-printer	1	no	reclassified by subsystem ownership rule
COMMON-LISP	Y-OR-N-P	function	ncl-lib-streams	1	no	reclassified by subsystem ownership rule
COMMON-LISP	YES-OR-NO-P	function	ncl-lib-streams	1	no	reclassified by subsystem ownership rule
COMMON-LISP	ZEROP	function	ncl-lib-numbers	1	no	reclassified by subsystem ownership rule
SB-ACLREPL	*COMMAND-CHAR*	variable	ncl-contrib-sb-aclrepl	3	no	Phase 3 contrib surface
SB-ACLREPL	*EXIT-ON-EOF*	variable	ncl-contrib-sb-aclrepl	3	no	Phase 3 contrib surface
SB-ACLREPL	*MAX-HISTORY*	variable	ncl-contrib-sb-aclrepl	3	no	Phase 3 contrib surface
SB-ACLREPL	*PROMPT*	variable	ncl-contrib-sb-aclrepl	3	no	Phase 3 contrib surface
SB-ACLREPL	*USE-SHORT-PACKAGE-NAME*	variable	ncl-contrib-sb-aclrepl	3	no	Phase 3 contrib surface
SB-ACLREPL	ALIAS	macro	ncl-contrib-sb-aclrepl	3	no	Phase 3 contrib surface
SB-ACLREPL	MAKE-REPL-FUN	function	ncl-contrib-sb-aclrepl	3	no	Phase 3 contrib surface
SB-ALIEN	*	variable+function	ncl-ffi	1	no	SB-ALIEN foreign interface
SB-ALIEN	ADDR	macro	ncl-ffi	1	no	SB-ALIEN foreign interface
SB-ALIEN	ALIEN	other	ncl-ffi	1	no	SB-ALIEN foreign interface
SB-ALIEN	ALIEN-CALLABLE	other	ncl-ffi	1	no	SB-ALIEN foreign interface
SB-ALIEN	ALIEN-CALLABLE-FUNCTION	function	ncl-ffi	1	no	SB-ALIEN foreign interface
SB-ALIEN	ALIEN-FUNCALL	function	ncl-ffi	1	no	SB-ALIEN foreign interface
SB-ALIEN	ALIEN-SAP	function	ncl-ffi	1	no	SB-ALIEN foreign interface
SB-ALIEN	ALIEN-SIZE	macro	ncl-ffi	1	no	SB-ALIEN foreign interface
SB-ALIEN	ARRAY	class	ncl-ffi	1	no	SB-ALIEN foreign interface
SB-ALIEN	BOOLEAN	type	ncl-ffi	1	no	SB-ALIEN foreign interface
SB-ALIEN	C-STRING	other	ncl-ffi	1	no	SB-ALIEN foreign interface
SB-ALIEN	CAST	macro+class	ncl-ffi	1	no	SB-ALIEN foreign interface
SB-ALIEN	CHAR	function	ncl-ffi	1	no	SB-ALIEN foreign interface
SB-ALIEN	DEFINE-ALIEN-CALLABLE	macro	ncl-ffi	1	no	SB-ALIEN foreign interface
SB-ALIEN	DEFINE-ALIEN-ROUTINE	macro	ncl-ffi	1	no	SB-ALIEN foreign interface
SB-ALIEN	DEFINE-ALIEN-TYPE	macro	ncl-ffi	1	no	SB-ALIEN foreign interface
SB-ALIEN	DEFINE-ALIEN-VARIABLE	macro	ncl-ffi	1	no	SB-ALIEN foreign interface
SB-ALIEN	DEREF	function	ncl-ffi	1	no	SB-ALIEN foreign interface
SB-ALIEN	DOUBLE	other	ncl-ffi	1	no	SB-ALIEN foreign interface
SB-ALIEN	DOUBLE-FLOAT	class	ncl-ffi	1	no	SB-ALIEN foreign interface
SB-ALIEN	ENUM	other	ncl-ffi	1	no	SB-ALIEN foreign interface
SB-ALIEN	EXTERN-ALIEN	macro	ncl-ffi	1	no	SB-ALIEN foreign interface
SB-ALIEN	FLOAT	class+function	ncl-ffi	1	no	SB-ALIEN foreign interface
SB-ALIEN	FREE-ALIEN	function	ncl-ffi	1	no	SB-ALIEN foreign interface
SB-ALIEN	FUNCTION	special-operator+class	ncl-ffi	1	no	SB-ALIEN foreign interface
SB-ALIEN	GET-ERRNO	function	ncl-ffi	1	no	SB-ALIEN foreign interface
SB-ALIEN	INT	other	ncl-ffi	1	no	SB-ALIEN foreign interface
SB-ALIEN	INTEGER	class	ncl-ffi	1	no	SB-ALIEN foreign interface
SB-ALIEN	LOAD-1-FOREIGN	function	ncl-ffi	1	no	SB-ALIEN foreign interface
SB-ALIEN	LOAD-FOREIGN	function	ncl-ffi	1	no	SB-ALIEN foreign interface
SB-ALIEN	LOAD-SHARED-OBJECT	function	ncl-ffi	1	no	SB-ALIEN foreign interface
SB-ALIEN	LONG	other	ncl-ffi	1	no	SB-ALIEN foreign interface
SB-ALIEN	LONG-FLOAT	type	ncl-ffi	1	no	SB-ALIEN foreign interface
SB-ALIEN	LONG-LONG	other	ncl-ffi	1	no	SB-ALIEN foreign interface
SB-ALIEN	MAKE-ALIEN	macro	ncl-ffi	1	no	SB-ALIEN foreign interface
SB-ALIEN	MAKE-ALIEN-STRING	function	ncl-ffi	1	no	SB-ALIEN foreign interface
SB-ALIEN	NULL-ALIEN	function	ncl-ffi	1	no	SB-ALIEN foreign interface
SB-ALIEN	OFF-T	other	ncl-ffi	1	no	SB-ALIEN foreign interface
SB-ALIEN	SAP-ALIEN	macro	ncl-ffi	1	no	SB-ALIEN foreign interface
SB-ALIEN	SET-ERRNO	function	ncl-ffi	1	no	SB-ALIEN foreign interface
SB-ALIEN	SHORT	other	ncl-ffi	1	no	SB-ALIEN foreign interface
SB-ALIEN	SIGNED	other	ncl-ffi	1	no	SB-ALIEN foreign interface
SB-ALIEN	SINGLE-FLOAT	class	ncl-ffi	1	no	SB-ALIEN foreign interface
SB-ALIEN	SIZE-T	other	ncl-ffi	1	no	SB-ALIEN foreign interface
SB-ALIEN	SLOT	function	ncl-ffi	1	no	SB-ALIEN foreign interface
SB-ALIEN	SSIZE-T	other	ncl-ffi	1	no	SB-ALIEN foreign interface
SB-ALIEN	STRUCT	other	ncl-ffi	1	no	SB-ALIEN foreign interface
SB-ALIEN	SYSTEM-AREA-POINTER	class	ncl-ffi	1	no	SB-ALIEN foreign interface
SB-ALIEN	UNDEFINED-ALIEN-ERROR	condition+class	ncl-conditions	1	no	condition class and accessors
SB-ALIEN	UNION	function	ncl-ffi	1	no	SB-ALIEN foreign interface
SB-ALIEN	UNLOAD-SHARED-OBJECT	function	ncl-ffi	1	no	SB-ALIEN foreign interface
SB-ALIEN	UNSIGNED	other	ncl-ffi	1	no	SB-ALIEN foreign interface
SB-ALIEN	UNSIGNED-CHAR	other	ncl-ffi	1	no	SB-ALIEN foreign interface
SB-ALIEN	UNSIGNED-INT	other	ncl-ffi	1	no	SB-ALIEN foreign interface
SB-ALIEN	UNSIGNED-LONG	other	ncl-ffi	1	no	SB-ALIEN foreign interface
SB-ALIEN	UNSIGNED-LONG-LONG	other	ncl-ffi	1	no	SB-ALIEN foreign interface
SB-ALIEN	UNSIGNED-SHORT	other	ncl-ffi	1	no	SB-ALIEN foreign interface
SB-ALIEN	UTF8-STRING	other	ncl-ffi	1	no	SB-ALIEN foreign interface
SB-ALIEN	VALUES	function	ncl-ffi	1	no	SB-ALIEN foreign interface
SB-ALIEN	VOID	other	ncl-ffi	1	no	SB-ALIEN foreign interface
SB-ALIEN	WITH-ALIEN	macro	ncl-ffi	1	no	SB-ALIEN foreign interface
SB-ALIEN	WITH-ALIEN-CALLABLE	macro	ncl-ffi	1	no	SB-ALIEN foreign interface
SB-ALIEN-INTERNALS	ALIEN-TYPE-ALIGNMENT	other	ncl-contrib-cffi	3	no	Phase 3 internal compatibility reference; libraries=cffi
SB-ALIEN-INTERNALS	ALIEN-TYPE-BITS	other	ncl-contrib-cffi	3	no	Phase 3 internal compatibility reference; libraries=cffi
SB-ALIEN-INTERNALS	ALIEN-VALUE	other	ncl-contrib-usocket	3	no	Phase 3 internal compatibility reference; libraries=usocket
SB-ALIEN-INTERNALS	PARSE-ALIEN-TYPE	other	ncl-contrib-cffi	3	no	Phase 3 internal compatibility reference; libraries=cffi
SB-BSD-SOCKETS	ADDRESS-FAMILY-NOT-SUPPORTED	condition+class	ncl-contrib-sb-bsd-sockets	3	no	Phase 3 contrib surface
SB-BSD-SOCKETS	ADDRESS-IN-USE-ERROR	condition+class	ncl-contrib-sb-bsd-sockets	3	no	Phase 3 contrib surface
SB-BSD-SOCKETS	BAD-FILE-DESCRIPTOR-ERROR	condition+class	ncl-contrib-sb-bsd-sockets	3	no	Phase 3 contrib surface
SB-BSD-SOCKETS	CONNECTION-REFUSED-ERROR	condition+class	ncl-contrib-sb-bsd-sockets	3	no	Phase 3 contrib surface
SB-BSD-SOCKETS	GET-HOST-BY-ADDRESS	function	ncl-contrib-sb-bsd-sockets	3	no	Phase 3 contrib surface
SB-BSD-SOCKETS	GET-HOST-BY-NAME	function	ncl-contrib-sb-bsd-sockets	3	no	Phase 3 contrib surface
SB-BSD-SOCKETS	GET-PROTOCOL-BY-NAME	function	ncl-contrib-sb-bsd-sockets	3	no	Phase 3 contrib surface
SB-BSD-SOCKETS	HOST-ENT	class	ncl-contrib-sb-bsd-sockets	3	no	Phase 3 contrib surface
SB-BSD-SOCKETS	HOST-ENT-ADDRESS	function	ncl-contrib-sb-bsd-sockets	3	no	Phase 3 contrib surface
SB-BSD-SOCKETS	HOST-ENT-ADDRESS-TYPE	function	ncl-contrib-sb-bsd-sockets	3	no	Phase 3 contrib surface
SB-BSD-SOCKETS	HOST-ENT-ADDRESSES	function	ncl-contrib-sb-bsd-sockets	3	no	Phase 3 contrib surface
SB-BSD-SOCKETS	HOST-ENT-ALIASES	function	ncl-contrib-sb-bsd-sockets	3	no	Phase 3 contrib surface
SB-BSD-SOCKETS	HOST-ENT-NAME	function	ncl-contrib-sb-bsd-sockets	3	no	Phase 3 contrib surface
SB-BSD-SOCKETS	HOST-NOT-FOUND-ERROR	condition+class	ncl-contrib-sb-bsd-sockets	3	no	Phase 3 contrib surface
SB-BSD-SOCKETS	INET-SOCKET	class	ncl-contrib-sb-bsd-sockets	3	no	Phase 3 contrib surface
SB-BSD-SOCKETS	INET6-SOCKET	class	ncl-contrib-sb-bsd-sockets	3	no	Phase 3 contrib surface
SB-BSD-SOCKETS	INTERRUPTED-ERROR	condition+class	ncl-contrib-sb-bsd-sockets	3	no	Phase 3 contrib surface
SB-BSD-SOCKETS	INVALID-ARGUMENT-ERROR	condition+class	ncl-contrib-sb-bsd-sockets	3	no	Phase 3 contrib surface
SB-BSD-SOCKETS	LOCAL-ABSTRACT-SOCKET	class	ncl-contrib-sb-bsd-sockets	3	no	Phase 3 contrib surface
SB-BSD-SOCKETS	LOCAL-SOCKET	class	ncl-contrib-sb-bsd-sockets	3	no	Phase 3 contrib surface
SB-BSD-SOCKETS	MAKE-INET-ADDRESS	function	ncl-contrib-sb-bsd-sockets	3	no	Phase 3 contrib surface
SB-BSD-SOCKETS	MAKE-INET-SOCKET	function	ncl-contrib-sb-bsd-sockets	3	no	Phase 3 contrib surface
SB-BSD-SOCKETS	MAKE-INET6-ADDRESS	function	ncl-contrib-sb-bsd-sockets	3	no	Phase 3 contrib surface
SB-BSD-SOCKETS	NAME-SERVICE-ERROR	condition+class+function	ncl-contrib-sb-bsd-sockets	3	no	Phase 3 contrib surface
SB-BSD-SOCKETS	NETDB-INTERNAL-ERROR	condition+class	ncl-contrib-sb-bsd-sockets	3	no	Phase 3 contrib surface
SB-BSD-SOCKETS	NETDB-SUCCESS-ERROR	condition+class	ncl-contrib-sb-bsd-sockets	3	no	Phase 3 contrib surface
SB-BSD-SOCKETS	NETWORK-UNREACHABLE-ERROR	condition+class	ncl-contrib-sb-bsd-sockets	3	no	Phase 3 contrib surface
SB-BSD-SOCKETS	NO-BUFFERS-ERROR	condition+class	ncl-contrib-sb-bsd-sockets	3	no	Phase 3 contrib surface
SB-BSD-SOCKETS	NO-RECOVERY-ERROR	condition+class	ncl-contrib-sb-bsd-sockets	3	no	Phase 3 contrib surface
SB-BSD-SOCKETS	NON-BLOCKING-MODE	function	ncl-contrib-sb-bsd-sockets	3	no	Phase 3 contrib surface
SB-BSD-SOCKETS	NOT-CONNECTED-ERROR	condition+class	ncl-contrib-sb-bsd-sockets	3	no	Phase 3 contrib surface
SB-BSD-SOCKETS	OPERATION-IN-PROGRESS	condition+class	ncl-contrib-sb-bsd-sockets	3	no	Phase 3 contrib surface
SB-BSD-SOCKETS	OPERATION-NOT-PERMITTED-ERROR	condition+class	ncl-contrib-sb-bsd-sockets	3	no	Phase 3 contrib surface
SB-BSD-SOCKETS	OPERATION-NOT-SUPPORTED-ERROR	condition+class	ncl-contrib-sb-bsd-sockets	3	no	Phase 3 contrib surface
SB-BSD-SOCKETS	OPERATION-TIMEOUT-ERROR	condition+class	ncl-contrib-sb-bsd-sockets	3	no	Phase 3 contrib surface
SB-BSD-SOCKETS	OUT-OF-MEMORY-ERROR	condition+class	ncl-contrib-sb-bsd-sockets	3	no	Phase 3 contrib surface
SB-BSD-SOCKETS	PROTOCOL-NOT-SUPPORTED-ERROR	condition+class	ncl-contrib-sb-bsd-sockets	3	no	Phase 3 contrib surface
SB-BSD-SOCKETS	SOCKET	class	ncl-contrib-sb-bsd-sockets	3	no	Phase 3 contrib surface
SB-BSD-SOCKETS	SOCKET-ACCEPT	function	ncl-contrib-sb-bsd-sockets	3	no	Phase 3 contrib surface
SB-BSD-SOCKETS	SOCKET-BIND	function	ncl-contrib-sb-bsd-sockets	3	no	Phase 3 contrib surface
SB-BSD-SOCKETS	SOCKET-CLOSE	function	ncl-contrib-sb-bsd-sockets	3	no	Phase 3 contrib surface
SB-BSD-SOCKETS	SOCKET-CONNECT	function	ncl-contrib-sb-bsd-sockets	3	no	Phase 3 contrib surface
SB-BSD-SOCKETS	SOCKET-ERROR	condition+class+function	ncl-contrib-sb-bsd-sockets	3	no	Phase 3 contrib surface
SB-BSD-SOCKETS	SOCKET-FAMILY	function	ncl-contrib-sb-bsd-sockets	3	no	Phase 3 contrib surface
SB-BSD-SOCKETS	SOCKET-FILE-DESCRIPTOR	function	ncl-contrib-sb-bsd-sockets	3	no	Phase 3 contrib surface
SB-BSD-SOCKETS	SOCKET-LISTEN	function	ncl-contrib-sb-bsd-sockets	3	no	Phase 3 contrib surface
SB-BSD-SOCKETS	SOCKET-MAKE-STREAM	function	ncl-contrib-sb-bsd-sockets	3	no	Phase 3 contrib surface
SB-BSD-SOCKETS	SOCKET-NAME	function	ncl-contrib-sb-bsd-sockets	3	no	Phase 3 contrib surface
SB-BSD-SOCKETS	SOCKET-OPEN-P	function	ncl-contrib-sb-bsd-sockets	3	no	Phase 3 contrib surface
SB-BSD-SOCKETS	SOCKET-PEERNAME	function	ncl-contrib-sb-bsd-sockets	3	no	Phase 3 contrib surface
SB-BSD-SOCKETS	SOCKET-PROTOCOL	function	ncl-contrib-sb-bsd-sockets	3	no	Phase 3 contrib surface
SB-BSD-SOCKETS	SOCKET-RECEIVE	function	ncl-contrib-sb-bsd-sockets	3	no	Phase 3 contrib surface
SB-BSD-SOCKETS	SOCKET-SEND	function	ncl-contrib-sb-bsd-sockets	3	no	Phase 3 contrib surface
SB-BSD-SOCKETS	SOCKET-SHUTDOWN	function	ncl-contrib-sb-bsd-sockets	3	no	Phase 3 contrib surface
SB-BSD-SOCKETS	SOCKET-TYPE	function	ncl-contrib-sb-bsd-sockets	3	no	Phase 3 contrib surface
SB-BSD-SOCKETS	SOCKET-TYPE-NOT-SUPPORTED-ERROR	condition+class	ncl-contrib-sb-bsd-sockets	3	no	Phase 3 contrib surface
SB-BSD-SOCKETS	SOCKOPT-BIND-TO-DEVICE	function	ncl-contrib-sb-bsd-sockets	3	no	Phase 3 contrib surface
SB-BSD-SOCKETS	SOCKOPT-BROADCAST	function	ncl-contrib-sb-bsd-sockets	3	no	Phase 3 contrib surface
SB-BSD-SOCKETS	SOCKOPT-BSD-COMPATIBLE	function	ncl-contrib-sb-bsd-sockets	3	no	Phase 3 contrib surface
SB-BSD-SOCKETS	SOCKOPT-DEBUG	function	ncl-contrib-sb-bsd-sockets	3	no	Phase 3 contrib surface
SB-BSD-SOCKETS	SOCKOPT-DONT-ROUTE	function	ncl-contrib-sb-bsd-sockets	3	no	Phase 3 contrib surface
SB-BSD-SOCKETS	SOCKOPT-ERROR	function	ncl-contrib-sb-bsd-sockets	3	no	Phase 3 contrib surface
SB-BSD-SOCKETS	SOCKOPT-KEEP-ALIVE	function	ncl-contrib-sb-bsd-sockets	3	no	Phase 3 contrib surface
SB-BSD-SOCKETS	SOCKOPT-OOB-INLINE	function	ncl-contrib-sb-bsd-sockets	3	no	Phase 3 contrib surface
SB-BSD-SOCKETS	SOCKOPT-PASS-CREDENTIALS	function	ncl-contrib-sb-bsd-sockets	3	no	Phase 3 contrib surface
SB-BSD-SOCKETS	SOCKOPT-PRIORITY	function	ncl-contrib-sb-bsd-sockets	3	no	Phase 3 contrib surface
SB-BSD-SOCKETS	SOCKOPT-RECEIVE-BUFFER	function	ncl-contrib-sb-bsd-sockets	3	no	Phase 3 contrib surface
SB-BSD-SOCKETS	SOCKOPT-RECEIVE-LOW-WATER	function	ncl-contrib-sb-bsd-sockets	3	no	Phase 3 contrib surface
SB-BSD-SOCKETS	SOCKOPT-REUSE-ADDRESS	function	ncl-contrib-sb-bsd-sockets	3	no	Phase 3 contrib surface
SB-BSD-SOCKETS	SOCKOPT-SEND-BUFFER	function	ncl-contrib-sb-bsd-sockets	3	no	Phase 3 contrib surface
SB-BSD-SOCKETS	SOCKOPT-SEND-LOW-WATER	function	ncl-contrib-sb-bsd-sockets	3	no	Phase 3 contrib surface
SB-BSD-SOCKETS	SOCKOPT-TCP-KEEPCNT	function	ncl-contrib-sb-bsd-sockets	3	no	Phase 3 contrib surface
SB-BSD-SOCKETS	SOCKOPT-TCP-KEEPIDLE	function	ncl-contrib-sb-bsd-sockets	3	no	Phase 3 contrib surface
SB-BSD-SOCKETS	SOCKOPT-TCP-KEEPINTVL	function	ncl-contrib-sb-bsd-sockets	3	no	Phase 3 contrib surface
SB-BSD-SOCKETS	SOCKOPT-TCP-NODELAY	function	ncl-contrib-sb-bsd-sockets	3	no	Phase 3 contrib surface
SB-BSD-SOCKETS	SOCKOPT-TCP-USER-TIMEOUT	function	ncl-contrib-sb-bsd-sockets	3	no	Phase 3 contrib surface
SB-BSD-SOCKETS	SOCKOPT-TYPE	function	ncl-contrib-sb-bsd-sockets	3	no	Phase 3 contrib surface
SB-BSD-SOCKETS	TRY-AGAIN-ERROR	condition+class	ncl-contrib-sb-bsd-sockets	3	no	Phase 3 contrib surface
SB-BSD-SOCKETS	UNKNOWN-PROTOCOL	condition+class	ncl-contrib-sb-bsd-sockets	3	no	Phase 3 contrib surface
SB-C	*ABORTED-COMPILATION-UNIT-COUNT*	other	ncl-contrib-uiop	3	no	Phase 3 internal compatibility reference; libraries=uiop
SB-C	*COMPILER-ERROR-COUNT*	other	ncl-contrib-uiop	3	no	Phase 3 internal compatibility reference; libraries=uiop
SB-C	*COMPILER-NOTE-COUNT*	other	ncl-contrib-uiop	3	no	Phase 3 internal compatibility reference; libraries=uiop
SB-C	*COMPILER-STYLE-WARNING-COUNT*	other	ncl-contrib-uiop	3	no	Phase 3 internal compatibility reference; libraries=uiop
SB-C	*COMPILER-WARNING-COUNT*	other	ncl-contrib-uiop	3	no	Phase 3 internal compatibility reference; libraries=uiop
SB-C	*IN-COMPILATION-UNIT*	other	ncl-contrib-uiop	3	no	Phase 3 internal compatibility reference; libraries=uiop
SB-C	*POLICY*	other	ncl-contrib-uiop	3	no	Phase 3 internal compatibility reference; libraries=uiop
SB-C	*UNDEFINED-WARNINGS*	other	ncl-contrib-uiop	3	no	Phase 3 internal compatibility reference; libraries=uiop
SB-C	COMPILER-ERROR-CONTEXT-CONTEXT	other	ncl-contrib-uiop	3	no	Phase 3 internal compatibility reference; libraries=uiop
SB-C	COMPILER-ERROR-CONTEXT-ENCLOSING-SOURCE	other	ncl-contrib-uiop	3	no	Phase 3 internal compatibility reference; libraries=uiop
SB-C	COMPILER-ERROR-CONTEXT-FILE-NAME	other	ncl-contrib-uiop	3	no	Phase 3 internal compatibility reference; libraries=uiop
SB-C	COMPILER-ERROR-CONTEXT-FILE-POSITION	other	ncl-contrib-uiop	3	no	Phase 3 internal compatibility reference; libraries=uiop
SB-C	COMPILER-ERROR-CONTEXT-ORIGINAL-SOURCE	other	ncl-contrib-uiop	3	no	Phase 3 internal compatibility reference; libraries=uiop
SB-C	COMPILER-ERROR-CONTEXT-ORIGINAL-SOURCE-PATH	other	ncl-contrib-uiop	3	no	Phase 3 internal compatibility reference; libraries=uiop
SB-C	COMPILER-ERROR-CONTEXT-SOURCE	other	ncl-contrib-uiop	3	no	Phase 3 internal compatibility reference; libraries=uiop
SB-C	MAKE-COMPILER-ERROR-CONTEXT	other	ncl-contrib-uiop	3	no	Phase 3 internal compatibility reference; libraries=uiop
SB-C	MAKE-UNDEFINED-WARNING	other	ncl-contrib-uiop	3	no	Phase 3 internal compatibility reference; libraries=uiop
SB-C	POLICY-QUALITY	other	ncl-contrib-uiop	3	no	Phase 3 internal compatibility reference; libraries=uiop
SB-C	SIMPLE-COMPILER-NOTE	other	ncl-contrib-uiop	3	no	Phase 3 internal compatibility reference; libraries=uiop
SB-C	UNDEFINED-WARNING-COUNT	other	ncl-contrib-uiop	3	no	Phase 3 internal compatibility reference; libraries=uiop
SB-C	UNDEFINED-WARNING-KIND	other	ncl-contrib-uiop	3	no	Phase 3 internal compatibility reference; libraries=uiop
SB-C	UNDEFINED-WARNING-NAME	other	ncl-contrib-uiop	3	no	Phase 3 internal compatibility reference; libraries=uiop
SB-C	UNDEFINED-WARNING-WARNINGS	other	ncl-contrib-uiop	3	no	Phase 3 internal compatibility reference; libraries=uiop
SB-CAPSTONE	CS-AC-INVALID	constant	ncl-contrib-sb-capstone	3	no	Phase 3 contrib surface
SB-CAPSTONE	CS-AC-READ	constant	ncl-contrib-sb-capstone	3	no	Phase 3 contrib surface
SB-CAPSTONE	CS-AC-WRITE	constant	ncl-contrib-sb-capstone	3	no	Phase 3 contrib surface
SB-CAPSTONE	CS-API-MAJOR	constant	ncl-contrib-sb-capstone	3	no	Phase 3 contrib surface
SB-CAPSTONE	CS-API-MINOR	constant	ncl-contrib-sb-capstone	3	no	Phase 3 contrib surface
SB-CAPSTONE	CS-ARCH-ALL	constant	ncl-contrib-sb-capstone	3	no	Phase 3 contrib surface
SB-CAPSTONE	CS-ARCH-ARM	constant	ncl-contrib-sb-capstone	3	no	Phase 3 contrib surface
SB-CAPSTONE	CS-ARCH-ARM64	constant	ncl-contrib-sb-capstone	3	no	Phase 3 contrib surface
SB-CAPSTONE	CS-ARCH-EVM	constant	ncl-contrib-sb-capstone	3	no	Phase 3 contrib surface
SB-CAPSTONE	CS-ARCH-M680X	constant	ncl-contrib-sb-capstone	3	no	Phase 3 contrib surface
SB-CAPSTONE	CS-ARCH-M68K	constant	ncl-contrib-sb-capstone	3	no	Phase 3 contrib surface
SB-CAPSTONE	CS-ARCH-MAX	constant	ncl-contrib-sb-capstone	3	no	Phase 3 contrib surface
SB-CAPSTONE	CS-ARCH-MIPS	constant	ncl-contrib-sb-capstone	3	no	Phase 3 contrib surface
SB-CAPSTONE	CS-ARCH-PPC	constant	ncl-contrib-sb-capstone	3	no	Phase 3 contrib surface
SB-CAPSTONE	CS-ARCH-SPARC	constant	ncl-contrib-sb-capstone	3	no	Phase 3 contrib surface
SB-CAPSTONE	CS-ARCH-SYSZ	constant	ncl-contrib-sb-capstone	3	no	Phase 3 contrib surface
SB-CAPSTONE	CS-ARCH-TMS320C64X	constant	ncl-contrib-sb-capstone	3	no	Phase 3 contrib surface
SB-CAPSTONE	CS-ARCH-X86	constant	ncl-contrib-sb-capstone	3	no	Phase 3 contrib surface
SB-CAPSTONE	CS-ARCH-XCORE	constant	ncl-contrib-sb-capstone	3	no	Phase 3 contrib surface
SB-CAPSTONE	CS-CLOSE	function	ncl-contrib-sb-capstone	3	no	Phase 3 contrib surface
SB-CAPSTONE	CS-DETAIL	other	ncl-contrib-sb-capstone	3	no	Phase 3 contrib surface
SB-CAPSTONE	CS-DISASM-ITER	function	ncl-contrib-sb-capstone	3	no	Phase 3 contrib surface
SB-CAPSTONE	CS-ERR-ARCH	constant	ncl-contrib-sb-capstone	3	no	Phase 3 contrib surface
SB-CAPSTONE	CS-ERR-CSH	constant	ncl-contrib-sb-capstone	3	no	Phase 3 contrib surface
SB-CAPSTONE	CS-ERR-DETAIL	constant	ncl-contrib-sb-capstone	3	no	Phase 3 contrib surface
SB-CAPSTONE	CS-ERR-DIET	constant	ncl-contrib-sb-capstone	3	no	Phase 3 contrib surface
SB-CAPSTONE	CS-ERR-HANDLE	constant	ncl-contrib-sb-capstone	3	no	Phase 3 contrib surface
SB-CAPSTONE	CS-ERR-MEM	constant	ncl-contrib-sb-capstone	3	no	Phase 3 contrib surface
SB-CAPSTONE	CS-ERR-MEMSETUP	constant	ncl-contrib-sb-capstone	3	no	Phase 3 contrib surface
SB-CAPSTONE	CS-ERR-MODE	constant	ncl-contrib-sb-capstone	3	no	Phase 3 contrib surface
SB-CAPSTONE	CS-ERR-OK	constant	ncl-contrib-sb-capstone	3	no	Phase 3 contrib surface
SB-CAPSTONE	CS-ERR-OPTION	constant	ncl-contrib-sb-capstone	3	no	Phase 3 contrib surface
SB-CAPSTONE	CS-ERR-SKIPDATA	constant	ncl-contrib-sb-capstone	3	no	Phase 3 contrib surface
SB-CAPSTONE	CS-ERR-VERSION	constant	ncl-contrib-sb-capstone	3	no	Phase 3 contrib surface
SB-CAPSTONE	CS-ERR-X86-ATT	constant	ncl-contrib-sb-capstone	3	no	Phase 3 contrib surface
SB-CAPSTONE	CS-ERR-X86-INTEL	constant	ncl-contrib-sb-capstone	3	no	Phase 3 contrib surface
SB-CAPSTONE	CS-ERR-X86-MASM	constant	ncl-contrib-sb-capstone	3	no	Phase 3 contrib surface
SB-CAPSTONE	CS-FREE	function	ncl-contrib-sb-capstone	3	no	Phase 3 contrib surface
SB-CAPSTONE	CS-GRP-BRANCH-RELATIVE	constant	ncl-contrib-sb-capstone	3	no	Phase 3 contrib surface
SB-CAPSTONE	CS-GRP-CALL	constant	ncl-contrib-sb-capstone	3	no	Phase 3 contrib surface
SB-CAPSTONE	CS-GRP-INT	constant	ncl-contrib-sb-capstone	3	no	Phase 3 contrib surface
SB-CAPSTONE	CS-GRP-INVALID	constant	ncl-contrib-sb-capstone	3	no	Phase 3 contrib surface
SB-CAPSTONE	CS-GRP-IRET	constant	ncl-contrib-sb-capstone	3	no	Phase 3 contrib surface
SB-CAPSTONE	CS-GRP-JUMP	constant	ncl-contrib-sb-capstone	3	no	Phase 3 contrib surface
SB-CAPSTONE	CS-GRP-PRIVILEGE	constant	ncl-contrib-sb-capstone	3	no	Phase 3 contrib surface
SB-CAPSTONE	CS-GRP-RET	constant	ncl-contrib-sb-capstone	3	no	Phase 3 contrib surface
SB-CAPSTONE	CS-INSN	other	ncl-contrib-sb-capstone	3	no	Phase 3 contrib surface
SB-CAPSTONE	CS-MAKE-VERSION	macro	ncl-contrib-sb-capstone	3	no	Phase 3 contrib surface
SB-CAPSTONE	CS-MALLOC	function	ncl-contrib-sb-capstone	3	no	Phase 3 contrib surface
SB-CAPSTONE	CS-MNEMONIC-SIZE	constant	ncl-contrib-sb-capstone	3	no	Phase 3 contrib surface
SB-CAPSTONE	CS-MODE-16	constant	ncl-contrib-sb-capstone	3	no	Phase 3 contrib surface
SB-CAPSTONE	CS-MODE-32	constant	ncl-contrib-sb-capstone	3	no	Phase 3 contrib surface
SB-CAPSTONE	CS-MODE-64	constant	ncl-contrib-sb-capstone	3	no	Phase 3 contrib surface
SB-CAPSTONE	CS-MODE-ARM	constant	ncl-contrib-sb-capstone	3	no	Phase 3 contrib surface
SB-CAPSTONE	CS-MODE-BIG-ENDIAN	constant	ncl-contrib-sb-capstone	3	no	Phase 3 contrib surface
SB-CAPSTONE	CS-MODE-LITTLE-ENDIAN	constant	ncl-contrib-sb-capstone	3	no	Phase 3 contrib surface
SB-CAPSTONE	CS-MODE-M680X-6301	constant	ncl-contrib-sb-capstone	3	no	Phase 3 contrib surface
SB-CAPSTONE	CS-MODE-M680X-6309	constant	ncl-contrib-sb-capstone	3	no	Phase 3 contrib surface
SB-CAPSTONE	CS-MODE-M680X-6800	constant	ncl-contrib-sb-capstone	3	no	Phase 3 contrib surface
SB-CAPSTONE	CS-MODE-M680X-6801	constant	ncl-contrib-sb-capstone	3	no	Phase 3 contrib surface
SB-CAPSTONE	CS-MODE-M680X-6805	constant	ncl-contrib-sb-capstone	3	no	Phase 3 contrib surface
SB-CAPSTONE	CS-MODE-M680X-6808	constant	ncl-contrib-sb-capstone	3	no	Phase 3 contrib surface
SB-CAPSTONE	CS-MODE-M680X-6809	constant	ncl-contrib-sb-capstone	3	no	Phase 3 contrib surface
SB-CAPSTONE	CS-MODE-M680X-6811	constant	ncl-contrib-sb-capstone	3	no	Phase 3 contrib surface
SB-CAPSTONE	CS-MODE-M680X-CPU12	constant	ncl-contrib-sb-capstone	3	no	Phase 3 contrib surface
SB-CAPSTONE	CS-MODE-M680X-HCS08	constant	ncl-contrib-sb-capstone	3	no	Phase 3 contrib surface
SB-CAPSTONE	CS-MODE-M68K-000	constant	ncl-contrib-sb-capstone	3	no	Phase 3 contrib surface
SB-CAPSTONE	CS-MODE-M68K-010	constant	ncl-contrib-sb-capstone	3	no	Phase 3 contrib surface
SB-CAPSTONE	CS-MODE-M68K-020	constant	ncl-contrib-sb-capstone	3	no	Phase 3 contrib surface
SB-CAPSTONE	CS-MODE-M68K-030	constant	ncl-contrib-sb-capstone	3	no	Phase 3 contrib surface
SB-CAPSTONE	CS-MODE-M68K-040	constant	ncl-contrib-sb-capstone	3	no	Phase 3 contrib surface
SB-CAPSTONE	CS-MODE-M68K-060	constant	ncl-contrib-sb-capstone	3	no	Phase 3 contrib surface
SB-CAPSTONE	CS-MODE-MCLASS	constant	ncl-contrib-sb-capstone	3	no	Phase 3 contrib surface
SB-CAPSTONE	CS-MODE-MICRO	constant	ncl-contrib-sb-capstone	3	no	Phase 3 contrib surface
SB-CAPSTONE	CS-MODE-MIPS2	constant	ncl-contrib-sb-capstone	3	no	Phase 3 contrib surface
SB-CAPSTONE	CS-MODE-MIPS3	constant	ncl-contrib-sb-capstone	3	no	Phase 3 contrib surface
SB-CAPSTONE	CS-MODE-MIPS32	constant	ncl-contrib-sb-capstone	3	no	Phase 3 contrib surface
SB-CAPSTONE	CS-MODE-MIPS32R6	constant	ncl-contrib-sb-capstone	3	no	Phase 3 contrib surface
SB-CAPSTONE	CS-MODE-MIPS64	constant	ncl-contrib-sb-capstone	3	no	Phase 3 contrib surface
SB-CAPSTONE	CS-MODE-QPX	constant	ncl-contrib-sb-capstone	3	no	Phase 3 contrib surface
SB-CAPSTONE	CS-MODE-THUMB	constant	ncl-contrib-sb-capstone	3	no	Phase 3 contrib surface
SB-CAPSTONE	CS-MODE-V8	constant	ncl-contrib-sb-capstone	3	no	Phase 3 contrib surface
SB-CAPSTONE	CS-MODE-V9	constant	ncl-contrib-sb-capstone	3	no	Phase 3 contrib surface
SB-CAPSTONE	CS-NEXT-VERSION	constant	ncl-contrib-sb-capstone	3	no	Phase 3 contrib surface
SB-CAPSTONE	CS-OP-FP	constant	ncl-contrib-sb-capstone	3	no	Phase 3 contrib surface
SB-CAPSTONE	CS-OP-IMM	constant	ncl-contrib-sb-capstone	3	no	Phase 3 contrib surface
SB-CAPSTONE	CS-OP-INVALID	constant	ncl-contrib-sb-capstone	3	no	Phase 3 contrib surface
SB-CAPSTONE	CS-OP-MEM	constant	ncl-contrib-sb-capstone	3	no	Phase 3 contrib surface
SB-CAPSTONE	CS-OP-REG	constant	ncl-contrib-sb-capstone	3	no	Phase 3 contrib surface
SB-CAPSTONE	CS-OPEN	function	ncl-contrib-sb-capstone	3	no	Phase 3 contrib surface
SB-CAPSTONE	CS-OPEN-FOR-TARGET	function	ncl-contrib-sb-capstone	3	no	Phase 3 contrib surface
SB-CAPSTONE	CS-OPT-DETAIL	constant	ncl-contrib-sb-capstone	3	no	Phase 3 contrib surface
SB-CAPSTONE	CS-OPT-INVALID	constant	ncl-contrib-sb-capstone	3	no	Phase 3 contrib surface
SB-CAPSTONE	CS-OPT-MEM	constant	ncl-contrib-sb-capstone	3	no	Phase 3 contrib surface
SB-CAPSTONE	CS-OPT-MNEM	other	ncl-contrib-sb-capstone	3	no	Phase 3 contrib surface
SB-CAPSTONE	CS-OPT-MNEMONIC	constant	ncl-contrib-sb-capstone	3	no	Phase 3 contrib surface
SB-CAPSTONE	CS-OPT-MODE	constant	ncl-contrib-sb-capstone	3	no	Phase 3 contrib surface
SB-CAPSTONE	CS-OPT-OFF	constant	ncl-contrib-sb-capstone	3	no	Phase 3 contrib surface
SB-CAPSTONE	CS-OPT-ON	constant	ncl-contrib-sb-capstone	3	no	Phase 3 contrib surface
SB-CAPSTONE	CS-OPT-SKIPDATA	constant	ncl-contrib-sb-capstone	3	no	Phase 3 contrib surface
SB-CAPSTONE	CS-OPT-SKIPDATA-SETUP	constant	ncl-contrib-sb-capstone	3	no	Phase 3 contrib surface
SB-CAPSTONE	CS-OPT-SYNTAX	constant	ncl-contrib-sb-capstone	3	no	Phase 3 contrib surface
SB-CAPSTONE	CS-OPT-SYNTAX-ATT	constant	ncl-contrib-sb-capstone	3	no	Phase 3 contrib surface
SB-CAPSTONE	CS-OPT-SYNTAX-DEFAULT	constant	ncl-contrib-sb-capstone	3	no	Phase 3 contrib surface
SB-CAPSTONE	CS-OPT-SYNTAX-INTEL	constant	ncl-contrib-sb-capstone	3	no	Phase 3 contrib surface
SB-CAPSTONE	CS-OPT-SYNTAX-MASM	constant	ncl-contrib-sb-capstone	3	no	Phase 3 contrib surface
SB-CAPSTONE	CS-OPT-SYNTAX-NOREGNAME	constant	ncl-contrib-sb-capstone	3	no	Phase 3 contrib surface
SB-CAPSTONE	CS-OPT-UNSIGNED	constant	ncl-contrib-sb-capstone	3	no	Phase 3 contrib surface
SB-CAPSTONE	CS-OPTION	function	ncl-contrib-sb-capstone	3	no	Phase 3 contrib surface
SB-CAPSTONE	CS-SUPPORT-DIET	constant	ncl-contrib-sb-capstone	3	no	Phase 3 contrib surface
SB-CAPSTONE	CS-SUPPORT-X86-REDUCE	constant	ncl-contrib-sb-capstone	3	no	Phase 3 contrib surface
SB-CAPSTONE	CS-VERSION-EXTRA	constant	ncl-contrib-sb-capstone	3	no	Phase 3 contrib surface
SB-CAPSTONE	CS-VERSION-MAJOR	constant	ncl-contrib-sb-capstone	3	no	Phase 3 contrib surface
SB-CAPSTONE	CS-VERSION-MINOR	constant	ncl-contrib-sb-capstone	3	no	Phase 3 contrib surface
SB-CAPSTONE	INSN-ADDR	other	ncl-contrib-sb-capstone	3	no	Phase 3 contrib surface
SB-CAPSTONE	INSN-BYTES	other	ncl-contrib-sb-capstone	3	no	Phase 3 contrib surface
SB-CAPSTONE	INSN-DETAIL	other	ncl-contrib-sb-capstone	3	no	Phase 3 contrib surface
SB-CAPSTONE	INSN-ID	other	ncl-contrib-sb-capstone	3	no	Phase 3 contrib surface
SB-CAPSTONE	INSN-MNEMONIC	other	ncl-contrib-sb-capstone	3	no	Phase 3 contrib surface
SB-CAPSTONE	INSN-OPERANDS	other	ncl-contrib-sb-capstone	3	no	Phase 3 contrib surface
SB-CAPSTONE	INSN-SIZE	other	ncl-contrib-sb-capstone	3	no	Phase 3 contrib surface
SB-CLTL2	AUGMENT-ENVIRONMENT	function	ncl-contrib-sb-cltl2	3	no	Phase 3 contrib surface
SB-CLTL2	COMPILER-LET	special-operator	ncl-contrib-sb-cltl2	3	no	Phase 3 contrib surface
SB-CLTL2	DECLARATION-INFORMATION	function	ncl-contrib-sb-cltl2	3	no	Phase 3 contrib surface
SB-CLTL2	DEFINE-DECLARATION	macro	ncl-contrib-sb-cltl2	3	no	Phase 3 contrib surface
SB-CLTL2	ENCLOSE	function	ncl-contrib-sb-cltl2	3	no	Phase 3 contrib surface
SB-CLTL2	FUNCTION-INFORMATION	function	ncl-contrib-sb-cltl2	3	no	Phase 3 contrib surface
SB-CLTL2	MACROEXPAND-ALL	function	ncl-contrib-sb-cltl2	3	no	Phase 3 contrib surface
SB-CLTL2	PARSE-MACRO	function	ncl-contrib-sb-cltl2	3	no	Phase 3 contrib surface
SB-CLTL2	VARIABLE-INFORMATION	function	ncl-contrib-sb-cltl2	3	no	Phase 3 contrib surface
SB-CONCURRENCY	CLOSE-GATE	function	ncl-contrib-sb-concurrency	3	no	Phase 3 contrib surface
SB-CONCURRENCY	DEQUEUE	function	ncl-contrib-sb-concurrency	3	no	Phase 3 contrib surface
SB-CONCURRENCY	ENQUEUE	function	ncl-contrib-sb-concurrency	3	no	Phase 3 contrib surface
SB-CONCURRENCY	FRLOCK	class	ncl-contrib-sb-concurrency	3	no	Phase 3 contrib surface
SB-CONCURRENCY	FRLOCK-NAME	function	ncl-contrib-sb-concurrency	3	no	Phase 3 contrib surface
SB-CONCURRENCY	FRLOCK-READ	macro	ncl-contrib-sb-concurrency	3	no	Phase 3 contrib surface
SB-CONCURRENCY	FRLOCK-READ-BEGIN	function	ncl-contrib-sb-concurrency	3	no	Phase 3 contrib surface
SB-CONCURRENCY	FRLOCK-READ-END	function	ncl-contrib-sb-concurrency	3	no	Phase 3 contrib surface
SB-CONCURRENCY	FRLOCK-WRITE	macro	ncl-contrib-sb-concurrency	3	no	Phase 3 contrib surface
SB-CONCURRENCY	GATE	class	ncl-contrib-sb-concurrency	3	no	Phase 3 contrib surface
SB-CONCURRENCY	GATE-NAME	function	ncl-contrib-sb-concurrency	3	no	Phase 3 contrib surface
SB-CONCURRENCY	GATE-OPEN-P	function	ncl-contrib-sb-concurrency	3	no	Phase 3 contrib surface
SB-CONCURRENCY	GATEP	function	ncl-contrib-sb-concurrency	3	no	Phase 3 contrib surface
SB-CONCURRENCY	GRAB-FRLOCK-WRITE-LOCK	function	ncl-contrib-sb-concurrency	3	no	Phase 3 contrib surface
SB-CONCURRENCY	LIST-MAILBOX-MESSAGES	function	ncl-contrib-sb-concurrency	3	no	Phase 3 contrib surface
SB-CONCURRENCY	LIST-QUEUE-CONTENTS	function	ncl-contrib-sb-concurrency	3	no	Phase 3 contrib surface
SB-CONCURRENCY	MAILBOX	class	ncl-contrib-sb-concurrency	3	no	Phase 3 contrib surface
SB-CONCURRENCY	MAILBOX-COUNT	function	ncl-contrib-sb-concurrency	3	no	Phase 3 contrib surface
SB-CONCURRENCY	MAILBOX-EMPTY-P	function	ncl-contrib-sb-concurrency	3	no	Phase 3 contrib surface
SB-CONCURRENCY	MAILBOX-NAME	function	ncl-contrib-sb-concurrency	3	no	Phase 3 contrib surface
SB-CONCURRENCY	MAILBOXP	function	ncl-contrib-sb-concurrency	3	no	Phase 3 contrib surface
SB-CONCURRENCY	MAKE-FRLOCK	function	ncl-contrib-sb-concurrency	3	no	Phase 3 contrib surface
SB-CONCURRENCY	MAKE-GATE	function	ncl-contrib-sb-concurrency	3	no	Phase 3 contrib surface
SB-CONCURRENCY	MAKE-MAILBOX	function	ncl-contrib-sb-concurrency	3	no	Phase 3 contrib surface
SB-CONCURRENCY	MAKE-QUEUE	function	ncl-contrib-sb-concurrency	3	no	Phase 3 contrib surface
SB-CONCURRENCY	OPEN-GATE	function	ncl-contrib-sb-concurrency	3	no	Phase 3 contrib surface
SB-CONCURRENCY	QUEUE	class	ncl-contrib-sb-concurrency	3	no	Phase 3 contrib surface
SB-CONCURRENCY	QUEUE-COUNT	function	ncl-contrib-sb-concurrency	3	no	Phase 3 contrib surface
SB-CONCURRENCY	QUEUE-EMPTY-P	function	ncl-contrib-sb-concurrency	3	no	Phase 3 contrib surface
SB-CONCURRENCY	QUEUE-NAME	function	ncl-contrib-sb-concurrency	3	no	Phase 3 contrib surface
SB-CONCURRENCY	QUEUEP	function	ncl-contrib-sb-concurrency	3	no	Phase 3 contrib surface
SB-CONCURRENCY	RECEIVE-MESSAGE	function	ncl-contrib-sb-concurrency	3	no	Phase 3 contrib surface
SB-CONCURRENCY	RECEIVE-MESSAGE-NO-HANG	function	ncl-contrib-sb-concurrency	3	no	Phase 3 contrib surface
SB-CONCURRENCY	RECEIVE-PENDING-MESSAGES	function	ncl-contrib-sb-concurrency	3	no	Phase 3 contrib surface
SB-CONCURRENCY	RELEASE-FRLOCK-WRITE-LOCK	function	ncl-contrib-sb-concurrency	3	no	Phase 3 contrib surface
SB-CONCURRENCY	SEND-MESSAGE	function	ncl-contrib-sb-concurrency	3	no	Phase 3 contrib surface
SB-CONCURRENCY	WAIT-ON-GATE	function	ncl-contrib-sb-concurrency	3	no	Phase 3 contrib surface
SB-COVER	CLEAR-COVERAGE	function	ncl-contrib-sb-cover	3	no	Phase 3 contrib surface
SB-COVER	ENABLE-COVERAGE-LOGGING	function	ncl-contrib-sb-cover	3	no	Phase 3 contrib surface
SB-COVER	GET-COVERAGE	function	ncl-contrib-sb-cover	3	no	Phase 3 contrib surface
SB-COVER	LCOV-REPORT	function	ncl-contrib-sb-cover	3	no	Phase 3 contrib surface
SB-COVER	MERGE-COVERAGE	function	ncl-contrib-sb-cover	3	no	Phase 3 contrib surface
SB-COVER	MERGE-COVERAGE-FROM-FILE	function	ncl-contrib-sb-cover	3	no	Phase 3 contrib surface
SB-COVER	REPORT	function	ncl-contrib-sb-cover	3	no	Phase 3 contrib surface
SB-COVER	RESET-COVERAGE	function	ncl-contrib-sb-cover	3	no	Phase 3 contrib surface
SB-COVER	RESTORE-COVERAGE	function	ncl-contrib-sb-cover	3	no	Phase 3 contrib surface
SB-COVER	RESTORE-COVERAGE-FROM-FILE	function	ncl-contrib-sb-cover	3	no	Phase 3 contrib surface
SB-COVER	SAVE-COVERAGE	function	ncl-contrib-sb-cover	3	no	Phase 3 contrib surface
SB-COVER	SAVE-COVERAGE-IN-FILE	function	ncl-contrib-sb-cover	3	no	Phase 3 contrib surface
SB-COVER	STORE-COVERAGE-DATA	other	ncl-contrib-sb-cover	3	no	Phase 3 contrib surface
SB-DEBUG	*BACKTRACE-FRAME-COUNT*	variable	ncl-conditions	1	no	SB-DEBUG debugger API
SB-DEBUG	*DEBUG-BEGINNER-HELP-P*	variable	ncl-conditions	1	no	SB-DEBUG debugger API
SB-DEBUG	*DEBUG-CONDITION*	other	ncl-conditions	1	no	SB-DEBUG debugger API
SB-DEBUG	*DEBUG-HELP-STRING*	variable	ncl-conditions	1	no	SB-DEBUG debugger API
SB-DEBUG	*DEBUG-PRINT-VARIABLE-ALIST*	variable	ncl-conditions	1	no	SB-DEBUG debugger API
SB-DEBUG	*DEBUG-READTABLE*	variable	ncl-conditions	1	no	SB-DEBUG debugger API
SB-DEBUG	*FLUSH-DEBUG-ERRORS*	variable	ncl-conditions	1	no	SB-DEBUG debugger API
SB-DEBUG	*IN-THE-DEBUGGER*	variable	ncl-conditions	1	no	SB-DEBUG debugger API
SB-DEBUG	*MAX-TRACE-INDENTATION*	variable	ncl-conditions	1	no	SB-DEBUG debugger API
SB-DEBUG	*METHOD-FRAME-STYLE*	variable	ncl-conditions	1	no	SB-DEBUG debugger API
SB-DEBUG	*STACK-TOP-HINT*	variable	ncl-conditions	1	no	SB-DEBUG debugger API
SB-DEBUG	*TRACE-ENCAPSULATE-DEFAULT*	variable	ncl-conditions	1	no	SB-DEBUG debugger API
SB-DEBUG	*TRACE-INDENTATION-STEP*	variable	ncl-conditions	1	no	SB-DEBUG debugger API
SB-DEBUG	*TRACE-REPORT-DEFAULT*	variable	ncl-conditions	1	no	SB-DEBUG debugger API
SB-DEBUG	ARG	function	ncl-conditions	1	no	SB-DEBUG debugger API
SB-DEBUG	BACKTRACE	function	ncl-conditions	1	no	SB-DEBUG debugger API
SB-DEBUG	BACKTRACE-AS-LIST	function	ncl-conditions	1	no	SB-DEBUG debugger API
SB-DEBUG	FRAME-HAS-DEBUG-TAG-P	function	ncl-conditions	1	no	SB-DEBUG debugger API
SB-DEBUG	INTERNAL-DEBUG	function	ncl-conditions	1	no	SB-DEBUG debugger API
SB-DEBUG	LIST-BACKTRACE	function	ncl-conditions	1	no	SB-DEBUG debugger API
SB-DEBUG	MAP-BACKTRACE	function	ncl-conditions	1	no	SB-DEBUG debugger API
SB-DEBUG	PRINT-BACKTRACE	function	ncl-conditions	1	no	SB-DEBUG debugger API
SB-DEBUG	UNWIND-TO-FRAME-AND-CALL	function	ncl-conditions	1	no	SB-DEBUG debugger API
SB-DEBUG	VAR	function	ncl-conditions	1	no	SB-DEBUG debugger API
SB-EXECUTABLE	COPY-STREAM	function	ncl-contrib-sb-executable	3	no	Phase 3 contrib surface
SB-EXECUTABLE	MAKE-EXECUTABLE	function	ncl-contrib-sb-executable	3	no	Phase 3 contrib surface
SB-EXT	*AFTER-GC-HOOKS*	variable	ncl-object	1	no	SB-EXT GC/weak/finalizer API is registered by ncl-object
SB-EXT	*BLOCK-COMPILE-DEFAULT*	variable	ncl-compiler-front	1	no	reclassified by subsystem ownership rule
SB-EXT	*COMPILE-PROGRESS*	variable	ncl-compiler-front	1	no	reclassified by subsystem ownership rule
SB-EXT	*COMPILER-PRINT-VARIABLE-ALIST*	variable	ncl-compiler-front	1	no	reclassified by subsystem ownership rule
SB-EXT	*CORE-PATHNAME*	variable	ncl-runtime	2	no	Phase 2 evaluator/compiler or image integration
SB-EXT	*DEBUG-PRINT-VARIABLE-ALIST*	variable	ncl-compiler-front	1	no	reclassified by subsystem ownership rule
SB-EXT	*DEFAULT-C-STRING-EXTERNAL-FORMAT*	variable	ncl-lib-streams	1	no	reclassified by subsystem ownership rule
SB-EXT	*DEFAULT-EXTERNAL-FORMAT*	variable	ncl-lib-streams	1	no	reclassified by subsystem ownership rule
SB-EXT	*DEFAULT-SOURCE-EXTERNAL-FORMAT*	variable	ncl-compiler-front	1	no	reclassified by subsystem ownership rule
SB-EXT	*DERIVE-FUNCTION-TYPES*	variable	ncl-runtime	2	no	Phase 2 evaluator/compiler or image integration
SB-EXT	*DISASSEMBLE-ANNOTATE*	variable	ncl-compiler-front	1	no	reclassified by subsystem ownership rule
SB-EXT	*ED-FUNCTIONS*	variable	ncl-compiler-front	1	no	SB-EXT compiler/front-end extension
SB-EXT	*EFFICIENCY-NOTE-COST-THRESHOLD*	variable	ncl-compiler-front	1	no	reclassified by subsystem ownership rule
SB-EXT	*EFFICIENCY-NOTE-LIMIT*	variable	ncl-compiler-front	1	no	reclassified by subsystem ownership rule
SB-EXT	*ENCLOSING-SOURCE-CUTOFF*	variable	ncl-compiler-front	1	no	reclassified by subsystem ownership rule
SB-EXT	*EVALUATOR-MODE*	variable	ncl-runtime	2	no	Phase 2 evaluator/compiler or image integration
SB-EXT	*EXIT-HOOKS*	variable	ncl-runtime	2	no	Phase 2 evaluator/compiler or image integration
SB-EXT	*EXIT-TIMEOUT*	variable	ncl-threads	1	no	SB-EXT timer/deadline API nearest to thread scheduling
SB-EXT	*FORCIBLY-TERMINATE-THREADS-ON-EXIT*	variable	ncl-compiler-front	1	no	SB-EXT compiler/front-end extension
SB-EXT	*GC-REAL-TIME*	variable	ncl-object	1	no	SB-EXT GC/weak/finalizer API is registered by ncl-object
SB-EXT	*GC-RUN-TIME*	variable	ncl-object	1	no	SB-EXT GC/weak/finalizer API is registered by ncl-object
SB-EXT	*INIT-HOOKS*	variable	ncl-runtime	2	no	Phase 2 evaluator/compiler or image integration
SB-EXT	*INLINE-EXPANSION-LIMIT*	variable	ncl-runtime	2	no	Phase 2 evaluator/compiler or image integration
SB-EXT	*INSPECTED*	other	ncl-compiler-front	1	no	SB-EXT compiler/front-end extension
SB-EXT	*INVOKE-DEBUGGER-HOOK*	variable	ncl-runtime	2	no	Phase 2 evaluator/compiler or image integration
SB-EXT	*MODULE-PROVIDER-FUNCTIONS*	variable	ncl-compiler-front	1	no	SB-EXT compiler/front-end extension
SB-EXT	*MUFFLED-WARNINGS*	variable	ncl-compiler-front	1	no	reclassified by subsystem ownership rule
SB-EXT	*ON-PACKAGE-VARIANCE*	variable	ncl-compiler-front	1	no	SB-EXT compiler/front-end extension
SB-EXT	*POSIX-ARGV*	variable	ncl-image	1	no	SB-EXT image/startup API
SB-EXT	*PRINT-CIRCLE-NOT-SHARED*	variable	ncl-printer	1	no	reclassified by subsystem ownership rule
SB-EXT	*PRINT-VECTOR-LENGTH*	variable	ncl-printer	1	no	reclassified by subsystem ownership rule
SB-EXT	*RUNTIME-PATHNAME*	variable	ncl-runtime	2	no	Phase 2 evaluator/compiler or image integration
SB-EXT	*SAVE-HOOKS*	variable	ncl-runtime	2	no	Phase 2 evaluator/compiler or image integration
SB-EXT	*STACK-ALLOCATE-DYNAMIC-EXTENT*	variable	ncl-compiler-front	1	no	reclassified by subsystem ownership rule
SB-EXT	*STEPPER-HOOK*	variable	ncl-compiler-front	1	no	SB-EXT compiler/front-end extension
SB-EXT	*SUPPRESS-PRINT-ERRORS*	variable	ncl-compiler-front	1	no	SB-EXT compiler/front-end extension
SB-EXT	*SYSINIT-PATHNAME-FUNCTION*	variable	ncl-compiler-front	1	no	SB-EXT compiler/front-end extension
SB-EXT	*UNDEFINED-WARNING-LIMIT*	variable	ncl-compiler-front	1	no	reclassified by subsystem ownership rule
SB-EXT	*USERINIT-PATHNAME-FUNCTION*	variable	ncl-compiler-front	1	no	SB-EXT compiler/front-end extension
SB-EXT	ADD-IMPLEMENTATION-PACKAGE	function	ncl-lib-packages	1	no	reclassified by subsystem ownership rule
SB-EXT	ADD-PACKAGE-LOCAL-NICKNAME	function	ncl-lib-packages	1	no	reclassified by subsystem ownership rule
SB-EXT	ALWAYS-BOUND	other	ncl-compiler-front	1	no	SB-EXT compiler/front-end extension
SB-EXT	ARRAY-STORAGE-VECTOR	function	ncl-object	1	no	reclassified by subsystem ownership rule
SB-EXT	ASSERT-VERSION->=	function	ncl-compiler-front	1	no	SB-EXT compiler/front-end extension
SB-EXT	ATOMIC-DECF	macro	ncl-threads	1	no	reclassified by subsystem ownership rule
SB-EXT	ATOMIC-INCF	macro	ncl-threads	1	no	reclassified by subsystem ownership rule
SB-EXT	ATOMIC-POP	macro	ncl-threads	1	no	reclassified by subsystem ownership rule
SB-EXT	ATOMIC-PUSH	macro	ncl-threads	1	no	reclassified by subsystem ownership rule
SB-EXT	ATOMIC-UPDATE	macro	ncl-threads	1	no	reclassified by subsystem ownership rule
SB-EXT	BYTES-CONSED-BETWEEN-GCS	function	ncl-object	1	no	reclassified by subsystem ownership rule
SB-EXT	CALL-WITH-TIMING	function	ncl-threads	1	no	reclassified by subsystem ownership rule
SB-EXT	CANCEL-FINALIZATION	function	ncl-object	1	no	SB-EXT GC/weak/finalizer API is registered by ncl-object
SB-EXT	CAS	macro	ncl-threads	1	no	reclassified by subsystem ownership rule
SB-EXT	CODE-DELETION-NOTE	condition+class	ncl-conditions	1	no	condition class and accessors
SB-EXT	COMPARE-AND-SWAP	macro	ncl-threads	1	no	reclassified by subsystem ownership rule
SB-EXT	COMPILE-FILE-LINE	macro	ncl-compiler-front	1	no	reclassified by subsystem ownership rule
SB-EXT	COMPILE-FILE-POSITION	macro	ncl-compiler-front	1	no	reclassified by subsystem ownership rule
SB-EXT	COMPILER-NOTE	condition+class	ncl-conditions	1	no	condition class and accessors
SB-EXT	CREATE	other	ncl-compiler-front	1	no	SB-EXT compiler/front-end extension
SB-EXT	DECIMAL-WITH-GROUPED-DIGITS-WIDTH	function	ncl-compiler-front	1	no	SB-EXT compiler/front-end extension
SB-EXT	DEFCONSTANT-UNEQL	condition+class	ncl-conditions	1	no	condition class and accessors
SB-EXT	DEFCONSTANT-UNEQL-NAME	function	ncl-compiler-front	1	no	SB-EXT compiler/front-end extension
SB-EXT	DEFCONSTANT-UNEQL-NEW-VALUE	function	ncl-compiler-front	1	no	SB-EXT compiler/front-end extension
SB-EXT	DEFCONSTANT-UNEQL-OLD-VALUE	function	ncl-compiler-front	1	no	SB-EXT compiler/front-end extension
SB-EXT	DEFGLOBAL	macro	ncl-compiler-front	1	no	reclassified by subsystem ownership rule
SB-EXT	DEFINE-HASH-TABLE-TEST	macro	ncl-lib-hash-arrays	1	no	reclassified by subsystem ownership rule
SB-EXT	DEFINE-LOAD-TIME-GLOBAL	macro	ncl-compiler-front	1	no	reclassified by subsystem ownership rule
SB-EXT	DEFINE-SOURCE-CONTEXT	macro	ncl-compiler-front	1	no	reclassified by subsystem ownership rule
SB-EXT	DEFINED-TYPE-NAME-P	function	ncl-compiler-front	1	no	reclassified by subsystem ownership rule
SB-EXT	DELETE-DIRECTORY	function	ncl-lib-pathnames	1	no	reclassified by subsystem ownership rule
SB-EXT	DELETE-FILE-ERROR	condition+class	ncl-conditions	1	no	reclassified by subsystem ownership rule
SB-EXT	DEPRECATED	other	ncl-compiler-front	1	no	SB-EXT compiler/front-end extension
SB-EXT	DEPRECATION-CONDITION	condition+class	ncl-conditions	1	no	reclassified by subsystem ownership rule
SB-EXT	DEPRECATION-CONDITION-NAME	function	ncl-conditions	1	no	reclassified by subsystem ownership rule
SB-EXT	DEPRECATION-CONDITION-NAMESPACE	function	ncl-conditions	1	no	reclassified by subsystem ownership rule
SB-EXT	DEPRECATION-CONDITION-REPLACEMENTS	function	ncl-conditions	1	no	reclassified by subsystem ownership rule
SB-EXT	DEPRECATION-CONDITION-RUNTIME-ERROR	function	ncl-conditions	1	no	reclassified by subsystem ownership rule
SB-EXT	DEPRECATION-CONDITION-SOFTWARE	function	ncl-conditions	1	no	reclassified by subsystem ownership rule
SB-EXT	DEPRECATION-CONDITION-VERSION	function	ncl-conditions	1	no	reclassified by subsystem ownership rule
SB-EXT	DEPRECATION-ERROR	condition+class+function	ncl-conditions	1	no	reclassified by subsystem ownership rule
SB-EXT	DESCRIBE-COMPILER-POLICY	function	ncl-compiler-front	1	no	SB-EXT compiler/front-end extension
SB-EXT	DISABLE-DEBUGGER	function	ncl-runtime	2	no	Phase 2 debugger integration
SB-EXT	DISABLE-PACKAGE-LOCKS	other	ncl-lib-packages	1	no	reclassified by subsystem ownership rule
SB-EXT	DOUBLE-FLOAT-NEGATIVE-INFINITY	constant	ncl-types	1	no	reclassified by subsystem ownership rule
SB-EXT	DOUBLE-FLOAT-POSITIVE-INFINITY	constant	ncl-types	1	no	reclassified by subsystem ownership rule
SB-EXT	DYNAMIC-SPACE-SIZE	function	ncl-object	1	no	reclassified by subsystem ownership rule
SB-EXT	EARLY-DEPRECATION-WARNING	condition+class	ncl-conditions	1	no	reclassified by subsystem ownership rule
SB-EXT	ENABLE-DEBUGGER	function	ncl-runtime	2	no	Phase 2 debugger integration
SB-EXT	ENABLE-PACKAGE-LOCKS	other	ncl-lib-packages	1	no	reclassified by subsystem ownership rule
SB-EXT	END-BLOCK	other	ncl-compiler-front	1	no	reclassified by subsystem ownership rule
SB-EXT	EVAL-TLF	function	ncl-compiler-front	1	no	reclassified by subsystem ownership rule
SB-EXT	EXIT	class+function	ncl-image	1	no	SB-EXT image/startup API
SB-EXT	FILE-DOES-NOT-EXIST	condition+class	ncl-conditions	1	no	reclassified by subsystem ownership rule
SB-EXT	FILE-EXISTS	condition+class	ncl-conditions	1	no	condition class and accessors
SB-EXT	FINAL-DEPRECATION-WARNING	condition+class	ncl-conditions	1	no	reclassified by subsystem ownership rule
SB-EXT	FINALIZE	function	ncl-object	1	no	SB-EXT GC/weak/finalizer API is registered by ncl-object
SB-EXT	FLOAT-DENORMALIZED-P	function	ncl-types	1	no	reclassified by subsystem ownership rule
SB-EXT	FLOAT-INFINITY-P	function	ncl-types	1	no	reclassified by subsystem ownership rule
SB-EXT	FLOAT-NAN-P	function	ncl-types	1	no	reclassified by subsystem ownership rule
SB-EXT	FLOAT-TRAPPING-NAN-P	function	ncl-types	1	no	reclassified by subsystem ownership rule
SB-EXT	FOLD-IDENTICAL-CODE	function	ncl-compiler-front	1	no	reclassified by subsystem ownership rule
SB-EXT	FREEZE-TYPE	other	ncl-compiler-front	1	no	reclassified by subsystem ownership rule
SB-EXT	GC	function	ncl-object	1	no	SB-EXT GC/weak/finalizer API is registered by ncl-object
SB-EXT	GC-LOGFILE	function	ncl-object	1	no	reclassified by subsystem ownership rule
SB-EXT	GENERATION-AVERAGE-AGE	function	ncl-object	1	no	reclassified by subsystem ownership rule
SB-EXT	GENERATION-BYTES-ALLOCATED	function	ncl-object	1	no	SB-EXT GC/weak/finalizer API is registered by ncl-object
SB-EXT	GENERATION-BYTES-CONSED-BETWEEN-GCS	function	ncl-object	1	no	reclassified by subsystem ownership rule
SB-EXT	GENERATION-MINIMUM-AGE-BEFORE-GC	function	ncl-object	1	no	reclassified by subsystem ownership rule
SB-EXT	GENERATION-NUMBER-OF-GCS	function	ncl-object	1	no	reclassified by subsystem ownership rule
SB-EXT	GENERATION-NUMBER-OF-GCS-BEFORE-PROMOTION	function	ncl-object	1	no	reclassified by subsystem ownership rule
SB-EXT	GET-BYTES-CONSED	function	ncl-object	1	no	reclassified by subsystem ownership rule
SB-EXT	GET-CAS-EXPANSION	function	ncl-compiler-front	1	no	reclassified by subsystem ownership rule
SB-EXT	GET-TIME-OF-DAY	function	ncl-threads	1	no	reclassified by subsystem ownership rule
SB-EXT	GLOBAL	other	ncl-compiler-front	1	no	SB-EXT compiler/front-end extension
SB-EXT	HASH-TABLE-SYNCHRONIZED-P	function	ncl-lib-hash-arrays	1	no	reclassified by subsystem ownership rule
SB-EXT	HASH-TABLE-WEAKNESS	function	ncl-object	1	no	SB-EXT GC/weak/finalizer API is registered by ncl-object
SB-EXT	HEAP-ALLOCATED-P	function	ncl-object	1	no	reclassified by subsystem ownership rule
SB-EXT	IMPLICIT-GENERIC-FUNCTION-NAME	function	ncl-compiler-front	1	no	SB-EXT compiler/front-end extension
SB-EXT	IMPLICIT-GENERIC-FUNCTION-WARNING	condition+class	ncl-conditions	1	no	condition class and accessors
SB-EXT	INHIBIT-WARNINGS	other	ncl-conditions	1	no	reclassified by subsystem ownership rule
SB-EXT	INTERACTIVE-EVAL	function	ncl-runtime	2	no	Phase 2 evaluator integration
SB-EXT	INVALID-FASL	condition+class	ncl-conditions	1	no	reclassified by subsystem ownership rule
SB-EXT	LATE-DEPRECATION-WARNING	condition+class	ncl-conditions	1	no	reclassified by subsystem ownership rule
SB-EXT	LIST-ALL-TIMERS	function	ncl-threads	1	no	reclassified by subsystem ownership rule
SB-EXT	LOCK-PACKAGE	function	ncl-lib-packages	1	no	reclassified by subsystem ownership rule
SB-EXT	LONG-FLOAT-NEGATIVE-INFINITY	constant	ncl-types	1	no	reclassified by subsystem ownership rule
SB-EXT	LONG-FLOAT-POSITIVE-INFINITY	constant	ncl-types	1	no	reclassified by subsystem ownership rule
SB-EXT	MAKE-TIMER	function	ncl-threads	1	no	SB-EXT timer/deadline API nearest to thread scheduling
SB-EXT	MAKE-WEAK-POINTER	function	ncl-object	1	no	SB-EXT GC/weak/finalizer API is registered by ncl-object
SB-EXT	MAKE-WEAK-VECTOR	function	ncl-object	1	no	SB-EXT GC/weak/finalizer API is registered by ncl-object
SB-EXT	MAP-DIRECTORY	function	ncl-lib-pathnames	1	no	reclassified by subsystem ownership rule
SB-EXT	MAYBE-INLINE	other	ncl-compiler-front	1	no	reclassified by subsystem ownership rule
SB-EXT	MOST-POSITIVE-WORD	constant	ncl-types	1	no	reclassified by subsystem ownership rule
SB-EXT	MUFFLE-CONDITIONS	other	ncl-conditions	1	no	reclassified by subsystem ownership rule
SB-EXT	NAME-CONFLICT	condition+class+function	ncl-conditions	1	no	reclassified by subsystem ownership rule
SB-EXT	NAME-CONFLICT-DATUM	function	ncl-compiler-front	1	no	SB-EXT compiler/front-end extension
SB-EXT	NAME-CONFLICT-FUNCTION	function	ncl-compiler-front	1	no	SB-EXT compiler/front-end extension
SB-EXT	NAME-CONFLICT-SYMBOLS	function	ncl-compiler-front	1	no	SB-EXT compiler/front-end extension
SB-EXT	NATIVE-NAMESTRING	function	ncl-lib-pathnames	1	no	reclassified by subsystem ownership rule
SB-EXT	NATIVE-PATHNAME	function	ncl-lib-pathnames	1	no	reclassified by subsystem ownership rule
SB-EXT	OCTETS-TO-STRING	function	ncl-lib-strings	1	no	SB-EXT encoding helper nearest to strings
SB-EXT	OVERWRITE	other	ncl-compiler-front	1	no	SB-EXT compiler/front-end extension
SB-EXT	PACKAGE-DOES-NOT-EXIST	condition+class	ncl-conditions	1	no	condition class and accessors
SB-EXT	PACKAGE-IMPLEMENTED-BY-LIST	function	ncl-lib-packages	1	no	reclassified by subsystem ownership rule
SB-EXT	PACKAGE-IMPLEMENTS-LIST	function	ncl-lib-packages	1	no	reclassified by subsystem ownership rule
SB-EXT	PACKAGE-LOCAL-NICKNAMES	function	ncl-lib-packages	1	no	reclassified by subsystem ownership rule
SB-EXT	PACKAGE-LOCALLY-NICKNAMED-BY-LIST	function	ncl-lib-packages	1	no	reclassified by subsystem ownership rule
SB-EXT	PACKAGE-LOCK-VIOLATION	condition+class+function	ncl-conditions	1	no	reclassified by subsystem ownership rule
SB-EXT	PACKAGE-LOCKED-ERROR	condition+class	ncl-conditions	1	no	reclassified by subsystem ownership rule
SB-EXT	PACKAGE-LOCKED-ERROR-SYMBOL	function	ncl-lib-packages	1	no	reclassified by subsystem ownership rule
SB-EXT	PACKAGE-LOCKED-P	function	ncl-lib-packages	1	no	reclassified by subsystem ownership rule
SB-EXT	PARSE-NATIVE-NAMESTRING	function	ncl-lib-pathnames	1	no	reclassified by subsystem ownership rule
SB-EXT	POSIX-ENVIRON	function	ncl-ffi	1	no	reclassified by subsystem ownership rule
SB-EXT	POSIX-GETENV	function	ncl-ffi	1	no	reclassified by subsystem ownership rule
SB-EXT	PRIMITIVE-OBJECT-SIZE	function	ncl-object	1	no	reclassified by subsystem ownership rule
SB-EXT	PRINT-SYMBOL-WITH-PREFIX	function	ncl-printer	1	no	reclassified by subsystem ownership rule
SB-EXT	PRINT-UNREADABLY	function	ncl-printer	1	no	reclassified by subsystem ownership rule
SB-EXT	PROCESS-ALIVE-P	function	ncl-threads	1	no	reclassified by subsystem ownership rule
SB-EXT	PROCESS-CLOSE	function	ncl-threads	1	no	reclassified by subsystem ownership rule
SB-EXT	PROCESS-CORE-DUMPED	function	ncl-threads	1	no	reclassified by subsystem ownership rule
SB-EXT	PROCESS-ERROR	function	ncl-threads	1	no	reclassified by subsystem ownership rule
SB-EXT	PROCESS-EXIT-CODE	function	ncl-threads	1	no	reclassified by subsystem ownership rule
SB-EXT	PROCESS-INPUT	function	ncl-threads	1	no	reclassified by subsystem ownership rule
SB-EXT	PROCESS-KILL	function	ncl-threads	1	no	reclassified by subsystem ownership rule
SB-EXT	PROCESS-OUTPUT	function	ncl-threads	1	no	reclassified by subsystem ownership rule
SB-EXT	PROCESS-P	function	ncl-threads	1	no	reclassified by subsystem ownership rule
SB-EXT	PROCESS-PID	function	ncl-threads	1	no	reclassified by subsystem ownership rule
SB-EXT	PROCESS-PLIST	function	ncl-threads	1	no	reclassified by subsystem ownership rule
SB-EXT	PROCESS-PTY	function	ncl-threads	1	no	reclassified by subsystem ownership rule
SB-EXT	PROCESS-STATUS	function	ncl-threads	1	no	reclassified by subsystem ownership rule
SB-EXT	PROCESS-STATUS-HOOK	function	ncl-threads	1	no	reclassified by subsystem ownership rule
SB-EXT	PROCESS-WAIT	function	ncl-threads	1	no	reclassified by subsystem ownership rule
SB-EXT	PURIFY	other	ncl-object	1	no	reclassified by subsystem ownership rule
SB-EXT	QUIT	function	ncl-image	1	no	SB-EXT image/startup API
SB-EXT	READER-PACKAGE-DOES-NOT-EXIST	condition+class	ncl-conditions	1	no	condition class and accessors
SB-EXT	READTABLE-BASE-CHAR-PREFERENCE	function	ncl-reader	1	no	reclassified by subsystem ownership rule
SB-EXT	READTABLE-NORMALIZATION	function	ncl-reader	1	no	reclassified by subsystem ownership rule
SB-EXT	REMOVE-IMPLEMENTATION-PACKAGE	function	ncl-lib-packages	1	no	reclassified by subsystem ownership rule
SB-EXT	REMOVE-PACKAGE-LOCAL-NICKNAME	function	ncl-lib-packages	1	no	reclassified by subsystem ownership rule
SB-EXT	RENAME	other	ncl-compiler-front	1	no	SB-EXT compiler/front-end extension
SB-EXT	RESOLVE-CONFLICT	other	ncl-compiler-front	1	no	SB-EXT compiler/front-end extension
SB-EXT	RESTRICT-COMPILER-POLICY	function	ncl-compiler-front	1	no	reclassified by subsystem ownership rule
SB-EXT	RETRY	other	ncl-conditions	1	no	reclassified by subsystem ownership rule
SB-EXT	RUN-PROGRAM	function	ncl-ffi	1	no	reclassified by subsystem ownership rule
SB-EXT	SAVE-LISP-AND-DIE	function	ncl-image	1	no	SB-EXT image/startup API
SB-EXT	SCHEDULE-TIMER	function	ncl-threads	1	no	SB-EXT timer/deadline API nearest to thread scheduling
SB-EXT	SEARCH-ROOTS	function	ncl-object	1	no	reclassified by subsystem ownership rule
SB-EXT	SEED-RANDOM-STATE	function	ncl-lib-numbers	1	no	reclassified by subsystem ownership rule
SB-EXT	SET-MACRO-POLICY	function	ncl-compiler-front	1	no	reclassified by subsystem ownership rule
SB-EXT	SET-SBCL-SOURCE-LOCATION	function	ncl-compiler-front	1	no	SB-EXT compiler/front-end extension
SB-EXT	SHORT-FLOAT-NEGATIVE-INFINITY	constant	ncl-types	1	no	reclassified by subsystem ownership rule
SB-EXT	SHORT-FLOAT-POSITIVE-INFINITY	constant	ncl-types	1	no	reclassified by subsystem ownership rule
SB-EXT	SINGLE-FLOAT-NEGATIVE-INFINITY	constant	ncl-types	1	no	reclassified by subsystem ownership rule
SB-EXT	SINGLE-FLOAT-POSITIVE-INFINITY	constant	ncl-types	1	no	reclassified by subsystem ownership rule
SB-EXT	SPIN-LOOP-HINT	function	ncl-compiler-front	1	no	SB-EXT compiler/front-end extension
SB-EXT	STACK-ALLOCATED-P	function	ncl-object	1	no	reclassified by subsystem ownership rule
SB-EXT	START-BLOCK	other	ncl-compiler-front	1	no	reclassified by subsystem ownership rule
SB-EXT	STEP-CONDITION	condition+class	ncl-conditions	1	no	condition class and accessors
SB-EXT	STEP-CONDITION-ARGS	function	ncl-compiler-front	1	no	SB-EXT compiler/front-end extension
SB-EXT	STEP-CONDITION-FORM	function	ncl-compiler-front	1	no	SB-EXT compiler/front-end extension
SB-EXT	STEP-CONDITION-RESULT	function	ncl-compiler-front	1	no	SB-EXT compiler/front-end extension
SB-EXT	STEP-CONTINUE	function	ncl-compiler-front	1	no	SB-EXT compiler/front-end extension
SB-EXT	STEP-FINISHED-CONDITION	condition+class	ncl-conditions	1	no	condition class and accessors
SB-EXT	STEP-FORM-CONDITION	condition+class	ncl-conditions	1	no	condition class and accessors
SB-EXT	STEP-INTO	function	ncl-compiler-front	1	no	SB-EXT compiler/front-end extension
SB-EXT	STEP-NEXT	function	ncl-compiler-front	1	no	SB-EXT compiler/front-end extension
SB-EXT	STEP-OUT	other	ncl-compiler-front	1	no	SB-EXT compiler/front-end extension
SB-EXT	STEP-VALUES-CONDITION	condition+class	ncl-conditions	1	no	condition class and accessors
SB-EXT	STRING-TO-OCTETS	function	ncl-lib-strings	1	no	SB-EXT encoding helper nearest to strings
SB-EXT	SUPERSEDE	other	ncl-compiler-front	1	no	SB-EXT compiler/front-end extension
SB-EXT	SYMBOL-GLOBAL-VALUE	function	ncl-compiler-front	1	no	SB-EXT compiler/front-end extension
SB-EXT	SYMBOL-PACKAGE-LOCKED-ERROR	condition+class	ncl-conditions	1	no	condition class and accessors
SB-EXT	TIMEOUT	condition+class	ncl-conditions	1	no	condition class and accessors
SB-EXT	TIMER	class	ncl-threads	1	no	SB-EXT timer/deadline API nearest to thread scheduling
SB-EXT	TIMER-NAME	function	ncl-threads	1	no	reclassified by subsystem ownership rule
SB-EXT	TIMER-SCHEDULED-P	function	ncl-threads	1	no	SB-EXT timer/deadline API nearest to thread scheduling
SB-EXT	TRULY-THE	macro+special-operator	ncl-compiler-front	1	no	reclassified by subsystem ownership rule
SB-EXT	TYPEXPAND	function	ncl-compiler-front	1	no	reclassified by subsystem ownership rule
SB-EXT	TYPEXPAND-1	function	ncl-compiler-front	1	no	reclassified by subsystem ownership rule
SB-EXT	TYPEXPAND-ALL	function	ncl-compiler-front	1	no	reclassified by subsystem ownership rule
SB-EXT	UNKNOWN-KEYWORD-ARGUMENT	condition+class	ncl-conditions	1	no	reclassified by subsystem ownership rule
SB-EXT	UNKNOWN-KEYWORD-ARGUMENT-NAME	function	ncl-compiler-front	1	no	SB-EXT compiler/front-end extension
SB-EXT	UNLOCK-PACKAGE	function	ncl-lib-packages	1	no	reclassified by subsystem ownership rule
SB-EXT	UNMUFFLE-CONDITIONS	other	ncl-conditions	1	no	reclassified by subsystem ownership rule
SB-EXT	UNSCHEDULE-TIMER	function	ncl-threads	1	no	SB-EXT timer/deadline API nearest to thread scheduling
SB-EXT	VALID-TYPE-SPECIFIER-P	function	ncl-compiler-front	1	no	reclassified by subsystem ownership rule
SB-EXT	WAIT-FOR	macro	ncl-threads	1	no	reclassified by subsystem ownership rule
SB-EXT	WEAK-POINTER	class	ncl-object	1	no	SB-EXT GC/weak/finalizer API is registered by ncl-object
SB-EXT	WEAK-POINTER-P	function	ncl-object	1	no	SB-EXT GC/weak/finalizer API is registered by ncl-object
SB-EXT	WEAK-POINTER-VALUE	function	ncl-object	1	no	SB-EXT GC/weak/finalizer API is registered by ncl-object
SB-EXT	WEAK-VECTOR-P	function	ncl-object	1	no	SB-EXT GC/weak/finalizer API is registered by ncl-object
SB-EXT	WITH-CURRENT-SOURCE-FORM	macro	ncl-compiler-front	1	no	reclassified by subsystem ownership rule
SB-EXT	WITH-LOCKED-HASH-TABLE	macro	ncl-lib-hash-arrays	1	no	reclassified by subsystem ownership rule
SB-EXT	WITH-TIMEOUT	macro	ncl-threads	1	no	SB-EXT timer/deadline API nearest to thread scheduling
SB-EXT	WITH-UNLOCKED-PACKAGES	macro	ncl-lib-packages	1	no	reclassified by subsystem ownership rule
SB-EXT	WITHOUT-PACKAGE-LOCKS	macro	ncl-lib-packages	1	no	reclassified by subsystem ownership rule
SB-EXT	WORD	type	ncl-types	1	no	reclassified by subsystem ownership rule
SB-GMP	*GMP-DISABLED*	variable	ncl-contrib-sb-gmp	3	no	Phase 3 contrib surface
SB-GMP	*GMP-VERSION*	variable	ncl-contrib-sb-gmp	3	no	Phase 3 contrib surface
SB-GMP	INSTALL-GMP-FUNS	function	ncl-contrib-sb-gmp	3	no	Phase 3 contrib surface
SB-GMP	LOAD-GMP	function	ncl-contrib-sb-gmp	3	no	Phase 3 contrib surface
SB-GMP	MAKE-GMP-RSTATE	function	ncl-contrib-sb-gmp	3	no	Phase 3 contrib surface
SB-GMP	MAKE-GMP-RSTATE-LC	function	ncl-contrib-sb-gmp	3	no	Phase 3 contrib surface
SB-GMP	MPQ-ADD	function	ncl-contrib-sb-gmp	3	no	Phase 3 contrib surface
SB-GMP	MPQ-DIV	function	ncl-contrib-sb-gmp	3	no	Phase 3 contrib surface
SB-GMP	MPQ-MUL	function	ncl-contrib-sb-gmp	3	no	Phase 3 contrib surface
SB-GMP	MPQ-SUB	function	ncl-contrib-sb-gmp	3	no	Phase 3 contrib surface
SB-GMP	MPZ-2FAC	function	ncl-contrib-sb-gmp	3	no	Phase 3 contrib surface
SB-GMP	MPZ-ADD	function	ncl-contrib-sb-gmp	3	no	Phase 3 contrib surface
SB-GMP	MPZ-BIN	function	ncl-contrib-sb-gmp	3	no	Phase 3 contrib surface
SB-GMP	MPZ-CDIV	function	ncl-contrib-sb-gmp	3	no	Phase 3 contrib surface
SB-GMP	MPZ-DIVISIBLE-P	function	ncl-contrib-sb-gmp	3	no	Phase 3 contrib surface
SB-GMP	MPZ-FAC	function	ncl-contrib-sb-gmp	3	no	Phase 3 contrib surface
SB-GMP	MPZ-FDIV	function	ncl-contrib-sb-gmp	3	no	Phase 3 contrib surface
SB-GMP	MPZ-FDIV-2EXP	function	ncl-contrib-sb-gmp	3	no	Phase 3 contrib surface
SB-GMP	MPZ-FIB2	function	ncl-contrib-sb-gmp	3	no	Phase 3 contrib surface
SB-GMP	MPZ-GCD	function	ncl-contrib-sb-gmp	3	no	Phase 3 contrib surface
SB-GMP	MPZ-LCM	function	ncl-contrib-sb-gmp	3	no	Phase 3 contrib surface
SB-GMP	MPZ-MFAC	function	ncl-contrib-sb-gmp	3	no	Phase 3 contrib surface
SB-GMP	MPZ-MOD	function	ncl-contrib-sb-gmp	3	no	Phase 3 contrib surface
SB-GMP	MPZ-MUL	function	ncl-contrib-sb-gmp	3	no	Phase 3 contrib surface
SB-GMP	MPZ-MUL-2EXP	function	ncl-contrib-sb-gmp	3	no	Phase 3 contrib surface
SB-GMP	MPZ-NEXTPRIME	function	ncl-contrib-sb-gmp	3	no	Phase 3 contrib surface
SB-GMP	MPZ-POW	function	ncl-contrib-sb-gmp	3	no	Phase 3 contrib surface
SB-GMP	MPZ-POWM	function	ncl-contrib-sb-gmp	3	no	Phase 3 contrib surface
SB-GMP	MPZ-PRIMORIAL	function	ncl-contrib-sb-gmp	3	no	Phase 3 contrib surface
SB-GMP	MPZ-PROBABLY-PRIME-P	function	ncl-contrib-sb-gmp	3	no	Phase 3 contrib surface
SB-GMP	MPZ-REMOVE	function	ncl-contrib-sb-gmp	3	no	Phase 3 contrib surface
SB-GMP	MPZ-SQRT	function	ncl-contrib-sb-gmp	3	no	Phase 3 contrib surface
SB-GMP	MPZ-SUB	function	ncl-contrib-sb-gmp	3	no	Phase 3 contrib surface
SB-GMP	MPZ-TDIV	function	ncl-contrib-sb-gmp	3	no	Phase 3 contrib surface
SB-GMP	RAND-SEED	function	ncl-contrib-sb-gmp	3	no	Phase 3 contrib surface
SB-GMP	RANDOM-BITCOUNT	function	ncl-contrib-sb-gmp	3	no	Phase 3 contrib surface
SB-GMP	RANDOM-INT	function	ncl-contrib-sb-gmp	3	no	Phase 3 contrib surface
SB-GMP	UNINSTALL-GMP-FUNS	function	ncl-contrib-sb-gmp	3	no	Phase 3 contrib surface
SB-GMP	UNLOAD-GMP	function	ncl-contrib-sb-gmp	3	no	Phase 3 contrib surface
SB-GRAY	FUNDAMENTAL-BINARY-INPUT-STREAM	class	ncl-lib-streams	1	no	SB-GRAY stream protocol
SB-GRAY	FUNDAMENTAL-BINARY-OUTPUT-STREAM	class	ncl-lib-streams	1	no	SB-GRAY stream protocol
SB-GRAY	FUNDAMENTAL-BINARY-STREAM	class	ncl-lib-streams	1	no	SB-GRAY stream protocol
SB-GRAY	FUNDAMENTAL-CHARACTER-INPUT-STREAM	class	ncl-lib-streams	1	no	SB-GRAY stream protocol
SB-GRAY	FUNDAMENTAL-CHARACTER-OUTPUT-STREAM	class	ncl-lib-streams	1	no	SB-GRAY stream protocol
SB-GRAY	FUNDAMENTAL-CHARACTER-STREAM	class	ncl-lib-streams	1	no	SB-GRAY stream protocol
SB-GRAY	FUNDAMENTAL-INPUT-STREAM	class	ncl-lib-streams	1	no	SB-GRAY stream protocol
SB-GRAY	FUNDAMENTAL-OUTPUT-STREAM	class	ncl-lib-streams	1	no	SB-GRAY stream protocol
SB-GRAY	FUNDAMENTAL-STREAM	class	ncl-lib-streams	1	no	SB-GRAY stream protocol
SB-GRAY	STREAM-ADVANCE-TO-COLUMN	function	ncl-lib-streams	1	no	SB-GRAY stream protocol
SB-GRAY	STREAM-CLEAR-INPUT	function	ncl-lib-streams	1	no	SB-GRAY stream protocol
SB-GRAY	STREAM-CLEAR-OUTPUT	function	ncl-lib-streams	1	no	SB-GRAY stream protocol
SB-GRAY	STREAM-FILE-POSITION	function	ncl-lib-streams	1	no	SB-GRAY stream protocol
SB-GRAY	STREAM-FINISH-OUTPUT	function	ncl-lib-streams	1	no	SB-GRAY stream protocol
SB-GRAY	STREAM-FORCE-OUTPUT	function	ncl-lib-streams	1	no	SB-GRAY stream protocol
SB-GRAY	STREAM-FRESH-LINE	function	ncl-lib-streams	1	no	SB-GRAY stream protocol
SB-GRAY	STREAM-LINE-COLUMN	function	ncl-lib-streams	1	no	SB-GRAY stream protocol
SB-GRAY	STREAM-LINE-LENGTH	function	ncl-lib-streams	1	no	SB-GRAY stream protocol
SB-GRAY	STREAM-LISTEN	function	ncl-lib-streams	1	no	SB-GRAY stream protocol
SB-GRAY	STREAM-PEEK-CHAR	function	ncl-lib-streams	1	no	SB-GRAY stream protocol
SB-GRAY	STREAM-READ-BYTE	function	ncl-lib-streams	1	no	SB-GRAY stream protocol
SB-GRAY	STREAM-READ-CHAR	function	ncl-lib-streams	1	no	SB-GRAY stream protocol
SB-GRAY	STREAM-READ-CHAR-NO-HANG	function	ncl-lib-streams	1	no	SB-GRAY stream protocol
SB-GRAY	STREAM-READ-LINE	function	ncl-lib-streams	1	no	SB-GRAY stream protocol
SB-GRAY	STREAM-READ-SEQUENCE	function	ncl-lib-streams	1	no	SB-GRAY stream protocol
SB-GRAY	STREAM-START-LINE-P	function	ncl-lib-streams	1	no	SB-GRAY stream protocol
SB-GRAY	STREAM-TERPRI	function	ncl-lib-streams	1	no	SB-GRAY stream protocol
SB-GRAY	STREAM-UNREAD-CHAR	function	ncl-lib-streams	1	no	SB-GRAY stream protocol
SB-GRAY	STREAM-WRITE-BYTE	function	ncl-lib-streams	1	no	SB-GRAY stream protocol
SB-GRAY	STREAM-WRITE-CHAR	function	ncl-lib-streams	1	no	SB-GRAY stream protocol
SB-GRAY	STREAM-WRITE-SEQUENCE	function	ncl-lib-streams	1	no	SB-GRAY stream protocol
SB-GRAY	STREAM-WRITE-STRING	function	ncl-lib-streams	1	no	SB-GRAY stream protocol
SB-GROVEL	GROVEL-CONSTANTS-FILE	class	ncl-contrib-sb-grovel	3	no	Phase 3 contrib surface
SB-IMPL	FD-STREAM-TIMEOUT	other	ncl-contrib-usocket	3	no	Phase 3 internal compatibility reference; libraries=usocket
SB-IMPL	PROCESS-EXIT-CODE	other	ncl-contrib-cffi	3	no	Phase 3 internal compatibility reference; libraries=cffi
SB-INT	BROKEN-PIPE	other	ncl-contrib-usocket	3	no	Phase 3 internal compatibility reference; libraries=usocket
SB-INT	CONSTANT-FORM-VALUE	other	ncl-contrib-cffi	3	no	Phase 3 internal compatibility reference; libraries=cffi
SB-INT	INDEX	other	ncl-contrib-cffi	3	no	Phase 3 internal compatibility reference; libraries=cffi
SB-INT	PACKAGE-AT-VARIANCE	other	ncl-contrib-uiop	3	no	Phase 3 internal compatibility reference; libraries=uiop
SB-INT	SIMPLE-READER-ERROR	other	ncl-contrib-alexandria	3	no	Phase 3 internal compatibility reference; libraries=alexandria
SB-INT	SIMPLE-STYLE-WARNING	other	ncl-contrib-uiop	3	no	Phase 3 internal compatibility reference; libraries=uiop
SB-INTROSPECT	ALLOCATION-INFORMATION	function	ncl-contrib-sb-introspect	3	no	Phase 3 contrib surface
SB-INTROSPECT	DEFINITION-SOURCE	class	ncl-contrib-sb-introspect	3	no	Phase 3 contrib surface
SB-INTROSPECT	DEFINITION-SOURCE-CHARACTER-OFFSET	function	ncl-contrib-sb-introspect	3	no	Phase 3 contrib surface
SB-INTROSPECT	DEFINITION-SOURCE-FILE-WRITE-DATE	function	ncl-contrib-sb-introspect	3	no	Phase 3 contrib surface
SB-INTROSPECT	DEFINITION-SOURCE-FORM-NUMBER	function	ncl-contrib-sb-introspect	3	no	Phase 3 contrib surface
SB-INTROSPECT	DEFINITION-SOURCE-FORM-PATH	function	ncl-contrib-sb-introspect	3	no	Phase 3 contrib surface
SB-INTROSPECT	DEFINITION-SOURCE-PATHNAME	function	ncl-contrib-sb-introspect	3	no	Phase 3 contrib surface
SB-INTROSPECT	DEFINITION-SOURCE-PLIST	function	ncl-contrib-sb-introspect	3	no	Phase 3 contrib surface
SB-INTROSPECT	DEFTYPE-LAMBDA-LIST	function	ncl-contrib-sb-introspect	3	no	Phase 3 contrib surface
SB-INTROSPECT	FIND-DEFINITION-SOURCE	function	ncl-contrib-sb-introspect	3	no	Phase 3 contrib surface
SB-INTROSPECT	FIND-DEFINITION-SOURCES-BY-NAME	function	ncl-contrib-sb-introspect	3	no	Phase 3 contrib surface
SB-INTROSPECT	FIND-FUNCTION-CALLEES	function	ncl-contrib-sb-introspect	3	no	Phase 3 contrib surface
SB-INTROSPECT	FIND-FUNCTION-CALLERS	function	ncl-contrib-sb-introspect	3	no	Phase 3 contrib surface
SB-INTROSPECT	FUNCTION-ARGLIST	function	ncl-contrib-sb-introspect	3	no	Phase 3 contrib surface
SB-INTROSPECT	FUNCTION-LAMBDA-LIST	function	ncl-contrib-sb-introspect	3	no	Phase 3 contrib surface
SB-INTROSPECT	FUNCTION-TYPE	function	ncl-contrib-sb-introspect	3	no	Phase 3 contrib surface
SB-INTROSPECT	MAP-ROOT	function	ncl-contrib-sb-introspect	3	no	Phase 3 contrib surface
SB-INTROSPECT	METHOD-COMBINATION-LAMBDA-LIST	function	ncl-contrib-sb-introspect	3	no	Phase 3 contrib surface
SB-INTROSPECT	VALID-FUNCTION-NAME-P	function	ncl-contrib-sb-introspect	3	no	Phase 3 contrib surface
SB-INTROSPECT	WHO-BINDS	function	ncl-contrib-sb-introspect	3	no	Phase 3 contrib surface
SB-INTROSPECT	WHO-CALLS	function	ncl-contrib-sb-introspect	3	no	Phase 3 contrib surface
SB-INTROSPECT	WHO-MACROEXPANDS	function	ncl-contrib-sb-introspect	3	no	Phase 3 contrib surface
SB-INTROSPECT	WHO-REFERENCES	function	ncl-contrib-sb-introspect	3	no	Phase 3 contrib surface
SB-INTROSPECT	WHO-SETS	function	ncl-contrib-sb-introspect	3	no	Phase 3 contrib surface
SB-INTROSPECT	WHO-SPECIALIZES-DIRECTLY	function	ncl-contrib-sb-introspect	3	no	Phase 3 contrib surface
SB-INTROSPECT	WHO-SPECIALIZES-GENERALLY	function	ncl-contrib-sb-introspect	3	no	Phase 3 contrib surface
SB-KERNEL	%SIGNAL	other	ncl-contrib-usocket	3	no	Phase 3 internal compatibility reference; libraries=usocket
SB-KERNEL	CLASSOID-CELL	other	ncl-contrib-usocket	3	no	Phase 3 internal compatibility reference; libraries=usocket
SB-KERNEL	FORMAT-CONTROL	other	ncl-contrib-uiop	3	no	Phase 3 internal compatibility reference; libraries=uiop
SB-KERNEL	LEXICAL-ENVIRONMENT-TOO-COMPLEX	other	ncl-contrib-uiop	3	no	Phase 3 internal compatibility reference; libraries=uiop
SB-KERNEL	REDEFINITION-WITH-DEFGENERIC	other	ncl-contrib-uiop	3	no	Phase 3 internal compatibility reference; libraries=uiop
SB-KERNEL	REDEFINITION-WITH-DEFMACRO	other	ncl-contrib-uiop	3	no	Phase 3 internal compatibility reference; libraries=uiop
SB-KERNEL	REDEFINITION-WITH-DEFMETHOD	other	ncl-contrib-uiop	3	no	Phase 3 internal compatibility reference; libraries=uiop
SB-KERNEL	REDEFINITION-WITH-DEFUN	other	ncl-contrib-uiop	3	no	Phase 3 internal compatibility reference; libraries=uiop
SB-KERNEL	SIMPLE-UNBOXED-ARRAY	other	ncl-contrib-cffi	3	no	Phase 3 internal compatibility reference; libraries=cffi
SB-KERNEL	UNDEFINED-ALIEN-STYLE-WARNING	other	ncl-contrib-uiop	3	no	Phase 3 internal compatibility reference; libraries=uiop
SB-KERNEL	UNINTERESTING-REDEFINITION	other	ncl-contrib-uiop	3	no	Phase 3 internal compatibility reference; libraries=uiop
SB-KERNEL	WITH-ARRAY-DATA	other	ncl-contrib-babel	3	no	Phase 3 internal compatibility reference; libraries=babel
SB-MD5	FILL-BLOCK	function	ncl-contrib-sb-md5	3	no	Phase 3 contrib surface
SB-MD5	FILL-BLOCK-CHAR	function	ncl-contrib-sb-md5	3	no	Phase 3 contrib surface
SB-MD5	FILL-BLOCK-UB8	function	ncl-contrib-sb-md5	3	no	Phase 3 contrib surface
SB-MD5	FINALIZE-MD5-STATE	function	ncl-contrib-sb-md5	3	no	Phase 3 contrib surface
SB-MD5	INITIAL-MD5-REGS	function	ncl-contrib-sb-md5	3	no	Phase 3 contrib surface
SB-MD5	MAKE-MD5-STATE	function	ncl-contrib-sb-md5	3	no	Phase 3 contrib surface
SB-MD5	MD5-REGS	type	ncl-contrib-sb-md5	3	no	Phase 3 contrib surface
SB-MD5	MD5-STATE	class	ncl-contrib-sb-md5	3	no	Phase 3 contrib surface
SB-MD5	MD5-STATE-P	function	ncl-contrib-sb-md5	3	no	Phase 3 contrib surface
SB-MD5	MD5REGS-DIGEST	function	ncl-contrib-sb-md5	3	no	Phase 3 contrib surface
SB-MD5	MD5SUM-FILE	function	ncl-contrib-sb-md5	3	no	Phase 3 contrib surface
SB-MD5	MD5SUM-SEQUENCE	function	ncl-contrib-sb-md5	3	no	Phase 3 contrib surface
SB-MD5	MD5SUM-STREAM	function	ncl-contrib-sb-md5	3	no	Phase 3 contrib surface
SB-MD5	MD5SUM-STRING	function	ncl-contrib-sb-md5	3	no	Phase 3 contrib surface
SB-MD5	UPDATE-MD5-BLOCK	function	ncl-contrib-sb-md5	3	no	Phase 3 contrib surface
SB-MD5	UPDATE-MD5-STATE	function	ncl-contrib-sb-md5	3	no	Phase 3 contrib surface
SB-MOP	ACCESSOR-METHOD-SLOT-DEFINITION	function	ncl-clos	1	no	SB-MOP maps to CLOS/MOP
SB-MOP	ADD-DEPENDENT	function	ncl-clos	1	no	SB-MOP maps to CLOS/MOP
SB-MOP	ADD-DIRECT-METHOD	function	ncl-clos	1	no	SB-MOP maps to CLOS/MOP
SB-MOP	ADD-DIRECT-SUBCLASS	function	ncl-clos	1	no	SB-MOP maps to CLOS/MOP
SB-MOP	ADD-METHOD	function	ncl-clos	1	no	SB-MOP maps to CLOS/MOP
SB-MOP	ALLOCATE-INSTANCE	function	ncl-clos	1	no	SB-MOP maps to CLOS/MOP
SB-MOP	BUILT-IN-CLASS	class	ncl-clos	1	no	SB-MOP maps to CLOS/MOP
SB-MOP	CLASS	class	ncl-clos	1	no	SB-MOP maps to CLOS/MOP
SB-MOP	CLASS-DEFAULT-INITARGS	function	ncl-clos	1	no	SB-MOP maps to CLOS/MOP
SB-MOP	CLASS-DIRECT-DEFAULT-INITARGS	function	ncl-clos	1	no	SB-MOP maps to CLOS/MOP
SB-MOP	CLASS-DIRECT-SLOTS	function	ncl-clos	1	no	SB-MOP maps to CLOS/MOP
SB-MOP	CLASS-DIRECT-SUBCLASSES	function	ncl-clos	1	no	SB-MOP maps to CLOS/MOP
SB-MOP	CLASS-DIRECT-SUPERCLASSES	function	ncl-clos	1	no	SB-MOP maps to CLOS/MOP
SB-MOP	CLASS-FINALIZED-P	function	ncl-clos	1	no	SB-MOP maps to CLOS/MOP
SB-MOP	CLASS-NAME	function	ncl-clos	1	no	SB-MOP maps to CLOS/MOP
SB-MOP	CLASS-PRECEDENCE-LIST	function	ncl-clos	1	no	SB-MOP maps to CLOS/MOP
SB-MOP	CLASS-PROTOTYPE	function	ncl-clos	1	no	SB-MOP maps to CLOS/MOP
SB-MOP	CLASS-SLOTS	function	ncl-clos	1	no	SB-MOP maps to CLOS/MOP
SB-MOP	COMPUTE-APPLICABLE-METHODS	function	ncl-clos	1	no	SB-MOP maps to CLOS/MOP
SB-MOP	COMPUTE-APPLICABLE-METHODS-USING-CLASSES	function	ncl-clos	1	no	SB-MOP maps to CLOS/MOP
SB-MOP	COMPUTE-CLASS-PRECEDENCE-LIST	function	ncl-clos	1	no	SB-MOP maps to CLOS/MOP
SB-MOP	COMPUTE-DEFAULT-INITARGS	function	ncl-clos	1	no	SB-MOP maps to CLOS/MOP
SB-MOP	COMPUTE-DISCRIMINATING-FUNCTION	function	ncl-clos	1	no	SB-MOP maps to CLOS/MOP
SB-MOP	COMPUTE-EFFECTIVE-METHOD	function	ncl-clos	1	no	SB-MOP maps to CLOS/MOP
SB-MOP	COMPUTE-EFFECTIVE-SLOT-DEFINITION	function	ncl-clos	1	no	SB-MOP maps to CLOS/MOP
SB-MOP	COMPUTE-SLOTS	function	ncl-clos	1	no	SB-MOP maps to CLOS/MOP
SB-MOP	DIRECT-SLOT-DEFINITION	class	ncl-clos	1	no	SB-MOP maps to CLOS/MOP
SB-MOP	DIRECT-SLOT-DEFINITION-CLASS	function	ncl-clos	1	no	SB-MOP maps to CLOS/MOP
SB-MOP	EFFECTIVE-SLOT-DEFINITION	class	ncl-clos	1	no	SB-MOP maps to CLOS/MOP
SB-MOP	EFFECTIVE-SLOT-DEFINITION-CLASS	function	ncl-clos	1	no	SB-MOP maps to CLOS/MOP
SB-MOP	ENSURE-CLASS	function	ncl-clos	1	no	SB-MOP maps to CLOS/MOP
SB-MOP	ENSURE-CLASS-USING-CLASS	function	ncl-clos	1	no	SB-MOP maps to CLOS/MOP
SB-MOP	ENSURE-GENERIC-FUNCTION	function	ncl-clos	1	no	SB-MOP maps to CLOS/MOP
SB-MOP	ENSURE-GENERIC-FUNCTION-USING-CLASS	function	ncl-clos	1	no	SB-MOP maps to CLOS/MOP
SB-MOP	EQL-SPECIALIZER	class	ncl-clos	1	no	SB-MOP maps to CLOS/MOP
SB-MOP	EQL-SPECIALIZER-OBJECT	function	ncl-clos	1	no	SB-MOP maps to CLOS/MOP
SB-MOP	EXTRACT-LAMBDA-LIST	function	ncl-clos	1	no	SB-MOP maps to CLOS/MOP
SB-MOP	EXTRACT-SPECIALIZER-NAMES	function	ncl-clos	1	no	SB-MOP maps to CLOS/MOP
SB-MOP	FINALIZE-INHERITANCE	function	ncl-clos	1	no	SB-MOP maps to CLOS/MOP
SB-MOP	FIND-METHOD-COMBINATION	function	ncl-clos	1	no	SB-MOP maps to CLOS/MOP
SB-MOP	FORWARD-REFERENCED-CLASS	class	ncl-clos	1	no	SB-MOP maps to CLOS/MOP
SB-MOP	FUNCALLABLE-STANDARD-CLASS	class	ncl-clos	1	no	SB-MOP maps to CLOS/MOP
SB-MOP	FUNCALLABLE-STANDARD-INSTANCE-ACCESS	function	ncl-clos	1	no	SB-MOP maps to CLOS/MOP
SB-MOP	FUNCALLABLE-STANDARD-OBJECT	class	ncl-clos	1	no	SB-MOP maps to CLOS/MOP
SB-MOP	FUNCTION	special-operator+class	ncl-clos	1	no	SB-MOP maps to CLOS/MOP
SB-MOP	GENERIC-FUNCTION	class	ncl-clos	1	no	SB-MOP maps to CLOS/MOP
SB-MOP	GENERIC-FUNCTION-ARGUMENT-PRECEDENCE-ORDER	function	ncl-clos	1	no	SB-MOP maps to CLOS/MOP
SB-MOP	GENERIC-FUNCTION-DECLARATIONS	function	ncl-clos	1	no	SB-MOP maps to CLOS/MOP
SB-MOP	GENERIC-FUNCTION-LAMBDA-LIST	function	ncl-clos	1	no	SB-MOP maps to CLOS/MOP
SB-MOP	GENERIC-FUNCTION-METHOD-CLASS	function	ncl-clos	1	no	SB-MOP maps to CLOS/MOP
SB-MOP	GENERIC-FUNCTION-METHOD-COMBINATION	function	ncl-clos	1	no	SB-MOP maps to CLOS/MOP
SB-MOP	GENERIC-FUNCTION-METHODS	function	ncl-clos	1	no	SB-MOP maps to CLOS/MOP
SB-MOP	GENERIC-FUNCTION-NAME	function	ncl-clos	1	no	SB-MOP maps to CLOS/MOP
SB-MOP	INTERN-EQL-SPECIALIZER	function	ncl-clos	1	no	SB-MOP maps to CLOS/MOP
SB-MOP	MAKE-INSTANCE	function	ncl-clos	1	no	SB-MOP maps to CLOS/MOP
SB-MOP	MAKE-METHOD-LAMBDA	function	ncl-clos	1	no	SB-MOP maps to CLOS/MOP
SB-MOP	MAP-DEPENDENTS	function	ncl-clos	1	no	SB-MOP maps to CLOS/MOP
SB-MOP	METAOBJECT	class	ncl-clos	1	no	SB-MOP maps to CLOS/MOP
SB-MOP	METHOD	class	ncl-clos	1	no	SB-MOP maps to CLOS/MOP
SB-MOP	METHOD-COMBINATION	class	ncl-clos	1	no	SB-MOP maps to CLOS/MOP
SB-MOP	METHOD-FUNCTION	function	ncl-clos	1	no	SB-MOP maps to CLOS/MOP
SB-MOP	METHOD-GENERIC-FUNCTION	function	ncl-clos	1	no	SB-MOP maps to CLOS/MOP
SB-MOP	METHOD-LAMBDA-LIST	function	ncl-clos	1	no	SB-MOP maps to CLOS/MOP
SB-MOP	METHOD-QUALIFIERS	function	ncl-clos	1	no	SB-MOP maps to CLOS/MOP
SB-MOP	METHOD-SPECIALIZERS	function	ncl-clos	1	no	SB-MOP maps to CLOS/MOP
SB-MOP	READER-METHOD-CLASS	function	ncl-clos	1	no	SB-MOP maps to CLOS/MOP
SB-MOP	REMOVE-DEPENDENT	function	ncl-clos	1	no	SB-MOP maps to CLOS/MOP
SB-MOP	REMOVE-DIRECT-METHOD	function	ncl-clos	1	no	SB-MOP maps to CLOS/MOP
SB-MOP	REMOVE-DIRECT-SUBCLASS	function	ncl-clos	1	no	SB-MOP maps to CLOS/MOP
SB-MOP	REMOVE-METHOD	function	ncl-clos	1	no	SB-MOP maps to CLOS/MOP
SB-MOP	SET-FUNCALLABLE-INSTANCE-FUNCTION	function	ncl-clos	1	no	SB-MOP maps to CLOS/MOP
SB-MOP	SLOT-BOUNDP-USING-CLASS	function	ncl-clos	1	no	SB-MOP maps to CLOS/MOP
SB-MOP	SLOT-DEFINITION	class	ncl-clos	1	no	SB-MOP maps to CLOS/MOP
SB-MOP	SLOT-DEFINITION-ALLOCATION	function	ncl-clos	1	no	SB-MOP maps to CLOS/MOP
SB-MOP	SLOT-DEFINITION-INITARGS	function	ncl-clos	1	no	SB-MOP maps to CLOS/MOP
SB-MOP	SLOT-DEFINITION-INITFORM	function	ncl-clos	1	no	SB-MOP maps to CLOS/MOP
SB-MOP	SLOT-DEFINITION-INITFUNCTION	function	ncl-clos	1	no	SB-MOP maps to CLOS/MOP
SB-MOP	SLOT-DEFINITION-LOCATION	function	ncl-clos	1	no	SB-MOP maps to CLOS/MOP
SB-MOP	SLOT-DEFINITION-NAME	function	ncl-clos	1	no	SB-MOP maps to CLOS/MOP
SB-MOP	SLOT-DEFINITION-READERS	function	ncl-clos	1	no	SB-MOP maps to CLOS/MOP
SB-MOP	SLOT-DEFINITION-TYPE	function	ncl-clos	1	no	SB-MOP maps to CLOS/MOP
SB-MOP	SLOT-DEFINITION-WRITERS	function	ncl-clos	1	no	SB-MOP maps to CLOS/MOP
SB-MOP	SLOT-MAKUNBOUND-USING-CLASS	function	ncl-clos	1	no	SB-MOP maps to CLOS/MOP
SB-MOP	SLOT-VALUE-USING-CLASS	function	ncl-clos	1	no	SB-MOP maps to CLOS/MOP
SB-MOP	SPECIALIZER	class	ncl-clos	1	no	SB-MOP maps to CLOS/MOP
SB-MOP	SPECIALIZER-DIRECT-GENERIC-FUNCTIONS	function	ncl-clos	1	no	SB-MOP maps to CLOS/MOP
SB-MOP	SPECIALIZER-DIRECT-METHODS	function	ncl-clos	1	no	SB-MOP maps to CLOS/MOP
SB-MOP	STANDARD-ACCESSOR-METHOD	class	ncl-clos	1	no	SB-MOP maps to CLOS/MOP
SB-MOP	STANDARD-CLASS	class	ncl-clos	1	no	SB-MOP maps to CLOS/MOP
SB-MOP	STANDARD-DIRECT-SLOT-DEFINITION	class	ncl-clos	1	no	SB-MOP maps to CLOS/MOP
SB-MOP	STANDARD-EFFECTIVE-SLOT-DEFINITION	class	ncl-clos	1	no	SB-MOP maps to CLOS/MOP
SB-MOP	STANDARD-GENERIC-FUNCTION	class	ncl-clos	1	no	SB-MOP maps to CLOS/MOP
SB-MOP	STANDARD-INSTANCE-ACCESS	function	ncl-clos	1	no	SB-MOP maps to CLOS/MOP
SB-MOP	STANDARD-METHOD	class	ncl-clos	1	no	SB-MOP maps to CLOS/MOP
SB-MOP	STANDARD-OBJECT	class	ncl-clos	1	no	SB-MOP maps to CLOS/MOP
SB-MOP	STANDARD-READER-METHOD	class	ncl-clos	1	no	SB-MOP maps to CLOS/MOP
SB-MOP	STANDARD-SLOT-DEFINITION	class	ncl-clos	1	no	SB-MOP maps to CLOS/MOP
SB-MOP	STANDARD-WRITER-METHOD	class	ncl-clos	1	no	SB-MOP maps to CLOS/MOP
SB-MOP	T	constant+class	ncl-clos	1	no	SB-MOP maps to CLOS/MOP
SB-MOP	UPDATE-DEPENDENT	function	ncl-clos	1	no	SB-MOP maps to CLOS/MOP
SB-MOP	VALIDATE-SUPERCLASS	function	ncl-clos	1	no	SB-MOP maps to CLOS/MOP
SB-MOP	WRITER-METHOD-CLASS	function	ncl-clos	1	no	SB-MOP maps to CLOS/MOP
SB-MPFR	*MPFR-BASE*	variable	ncl-contrib-sb-mpfr	3	no	Phase 3 contrib surface
SB-MPFR	*MPFR-FEATURES*	variable	ncl-contrib-sb-mpfr	3	no	Phase 3 contrib surface
SB-MPFR	*MPFR-RND*	variable	ncl-contrib-sb-mpfr	3	no	Phase 3 contrib surface
SB-MPFR	*MPFR-VERSION*	variable	ncl-contrib-sb-mpfr	3	no	Phase 3 contrib surface
SB-MPFR	+MPFR-PRECISION+	other	ncl-contrib-sb-mpfr	3	no	Phase 3 contrib surface
SB-MPFR	/=	function	ncl-contrib-sb-mpfr	3	no	Phase 3 contrib surface
SB-MPFR	<	function	ncl-contrib-sb-mpfr	3	no	Phase 3 contrib surface
SB-MPFR	<=	function	ncl-contrib-sb-mpfr	3	no	Phase 3 contrib surface
SB-MPFR	=	function	ncl-contrib-sb-mpfr	3	no	Phase 3 contrib surface
SB-MPFR	>	function	ncl-contrib-sb-mpfr	3	no	Phase 3 contrib surface
SB-MPFR	>=	function	ncl-contrib-sb-mpfr	3	no	Phase 3 contrib surface
SB-MPFR	ABS	function	ncl-contrib-sb-mpfr	3	no	Phase 3 contrib surface
SB-MPFR	ACOS	function	ncl-contrib-sb-mpfr	3	no	Phase 3 contrib surface
SB-MPFR	ACOSH	function	ncl-contrib-sb-mpfr	3	no	Phase 3 contrib surface
SB-MPFR	ADD	function	ncl-contrib-sb-mpfr	3	no	Phase 3 contrib surface
SB-MPFR	AI	function	ncl-contrib-sb-mpfr	3	no	Phase 3 contrib surface
SB-MPFR	ARITHMETIC-GEOMETRIC-MEAN	function	ncl-contrib-sb-mpfr	3	no	Phase 3 contrib surface
SB-MPFR	ASIN	function	ncl-contrib-sb-mpfr	3	no	Phase 3 contrib surface
SB-MPFR	ASINH	function	ncl-contrib-sb-mpfr	3	no	Phase 3 contrib surface
SB-MPFR	ATAN	function	ncl-contrib-sb-mpfr	3	no	Phase 3 contrib surface
SB-MPFR	ATANH	function	ncl-contrib-sb-mpfr	3	no	Phase 3 contrib surface
SB-MPFR	CEILING	function	ncl-contrib-sb-mpfr	3	no	Phase 3 contrib surface
SB-MPFR	CLEAR-DIV-BY-ZERO	function	ncl-contrib-sb-mpfr	3	no	Phase 3 contrib surface
SB-MPFR	CLEAR-ERANGE-FLAG	function	ncl-contrib-sb-mpfr	3	no	Phase 3 contrib surface
SB-MPFR	CLEAR-FLAGS	function	ncl-contrib-sb-mpfr	3	no	Phase 3 contrib surface
SB-MPFR	CLEAR-INEX-FLAG	function	ncl-contrib-sb-mpfr	3	no	Phase 3 contrib surface
SB-MPFR	CLEAR-NAN-FLAG	function	ncl-contrib-sb-mpfr	3	no	Phase 3 contrib surface
SB-MPFR	CLEAR-OVERFLOW	function	ncl-contrib-sb-mpfr	3	no	Phase 3 contrib surface
SB-MPFR	CLEAR-UNDERFLOW	function	ncl-contrib-sb-mpfr	3	no	Phase 3 contrib surface
SB-MPFR	COERCE	function	ncl-contrib-sb-mpfr	3	no	Phase 3 contrib surface
SB-MPFR	COMPARE	function	ncl-contrib-sb-mpfr	3	no	Phase 3 contrib surface
SB-MPFR	COMPARE-2EXP	function	ncl-contrib-sb-mpfr	3	no	Phase 3 contrib surface
SB-MPFR	COMPARE-ABS	function	ncl-contrib-sb-mpfr	3	no	Phase 3 contrib surface
SB-MPFR	CONST-CATALAN	function	ncl-contrib-sb-mpfr	3	no	Phase 3 contrib surface
SB-MPFR	CONST-EULER	function	ncl-contrib-sb-mpfr	3	no	Phase 3 contrib surface
SB-MPFR	CONST-LOG2	function	ncl-contrib-sb-mpfr	3	no	Phase 3 contrib surface
SB-MPFR	CONST-PI	function	ncl-contrib-sb-mpfr	3	no	Phase 3 contrib surface
SB-MPFR	COS	function	ncl-contrib-sb-mpfr	3	no	Phase 3 contrib surface
SB-MPFR	COSH	function	ncl-contrib-sb-mpfr	3	no	Phase 3 contrib surface
SB-MPFR	COT	function	ncl-contrib-sb-mpfr	3	no	Phase 3 contrib surface
SB-MPFR	COTH	function	ncl-contrib-sb-mpfr	3	no	Phase 3 contrib surface
SB-MPFR	CSC	function	ncl-contrib-sb-mpfr	3	no	Phase 3 contrib surface
SB-MPFR	CSCH	function	ncl-contrib-sb-mpfr	3	no	Phase 3 contrib surface
SB-MPFR	CUBIC-ROOT	function	ncl-contrib-sb-mpfr	3	no	Phase 3 contrib surface
SB-MPFR	DIGAMMA	function	ncl-contrib-sb-mpfr	3	no	Phase 3 contrib surface
SB-MPFR	DIM	function	ncl-contrib-sb-mpfr	3	no	Phase 3 contrib surface
SB-MPFR	DIV	function	ncl-contrib-sb-mpfr	3	no	Phase 3 contrib surface
SB-MPFR	DIV-2-RAISED	function	ncl-contrib-sb-mpfr	3	no	Phase 3 contrib surface
SB-MPFR	DIV-BY-ZERO-P	function	ncl-contrib-sb-mpfr	3	no	Phase 3 contrib surface
SB-MPFR	EINT	function	ncl-contrib-sb-mpfr	3	no	Phase 3 contrib surface
SB-MPFR	ERANGEFLAG-P	function	ncl-contrib-sb-mpfr	3	no	Phase 3 contrib surface
SB-MPFR	ERF	function	ncl-contrib-sb-mpfr	3	no	Phase 3 contrib surface
SB-MPFR	ERFC	function	ncl-contrib-sb-mpfr	3	no	Phase 3 contrib surface
SB-MPFR	EXP	function	ncl-contrib-sb-mpfr	3	no	Phase 3 contrib surface
SB-MPFR	EXP10	function	ncl-contrib-sb-mpfr	3	no	Phase 3 contrib surface
SB-MPFR	EXP2	function	ncl-contrib-sb-mpfr	3	no	Phase 3 contrib surface
SB-MPFR	EXPM1	function	ncl-contrib-sb-mpfr	3	no	Phase 3 contrib surface
SB-MPFR	FAC	function	ncl-contrib-sb-mpfr	3	no	Phase 3 contrib surface
SB-MPFR	FLOOR	function	ncl-contrib-sb-mpfr	3	no	Phase 3 contrib surface
SB-MPFR	FMA	function	ncl-contrib-sb-mpfr	3	no	Phase 3 contrib surface
SB-MPFR	FMOD	function	ncl-contrib-sb-mpfr	3	no	Phase 3 contrib surface
SB-MPFR	FMS	function	ncl-contrib-sb-mpfr	3	no	Phase 3 contrib surface
SB-MPFR	FRACTIONAL	function	ncl-contrib-sb-mpfr	3	no	Phase 3 contrib surface
SB-MPFR	GAMMA	function	ncl-contrib-sb-mpfr	3	no	Phase 3 contrib surface
SB-MPFR	HYPOT	function	ncl-contrib-sb-mpfr	3	no	Phase 3 contrib surface
SB-MPFR	INEXFLAG-P	function	ncl-contrib-sb-mpfr	3	no	Phase 3 contrib surface
SB-MPFR	INFINITYP	function	ncl-contrib-sb-mpfr	3	no	Phase 3 contrib surface
SB-MPFR	INTEGERP	function	ncl-contrib-sb-mpfr	3	no	Phase 3 contrib surface
SB-MPFR	J0	function	ncl-contrib-sb-mpfr	3	no	Phase 3 contrib surface
SB-MPFR	J1	function	ncl-contrib-sb-mpfr	3	no	Phase 3 contrib surface
SB-MPFR	JN	function	ncl-contrib-sb-mpfr	3	no	Phase 3 contrib surface
SB-MPFR	K-ROOT	function	ncl-contrib-sb-mpfr	3	no	Phase 3 contrib surface
SB-MPFR	LI2	function	ncl-contrib-sb-mpfr	3	no	Phase 3 contrib surface
SB-MPFR	LNGAMMA	function	ncl-contrib-sb-mpfr	3	no	Phase 3 contrib surface
SB-MPFR	LOG	function	ncl-contrib-sb-mpfr	3	no	Phase 3 contrib surface
SB-MPFR	LOG10	function	ncl-contrib-sb-mpfr	3	no	Phase 3 contrib surface
SB-MPFR	LOG1P	function	ncl-contrib-sb-mpfr	3	no	Phase 3 contrib surface
SB-MPFR	LOG2	function	ncl-contrib-sb-mpfr	3	no	Phase 3 contrib surface
SB-MPFR	MAKE-MPFR-FLOAT	function	ncl-contrib-sb-mpfr	3	no	Phase 3 contrib surface
SB-MPFR	MODF	function	ncl-contrib-sb-mpfr	3	no	Phase 3 contrib surface
SB-MPFR	MPFR-FLOAT	class	ncl-contrib-sb-mpfr	3	no	Phase 3 contrib surface
SB-MPFR	MPFR-FLOAT-TO-STRING	function	ncl-contrib-sb-mpfr	3	no	Phase 3 contrib surface
SB-MPFR	MUL	function	ncl-contrib-sb-mpfr	3	no	Phase 3 contrib surface
SB-MPFR	MUL-2-RAISED	function	ncl-contrib-sb-mpfr	3	no	Phase 3 contrib surface
SB-MPFR	NAN-P	function	ncl-contrib-sb-mpfr	3	no	Phase 3 contrib surface
SB-MPFR	NANFLAG-P	function	ncl-contrib-sb-mpfr	3	no	Phase 3 contrib surface
SB-MPFR	NEGATE	function	ncl-contrib-sb-mpfr	3	no	Phase 3 contrib surface
SB-MPFR	NUMBERP	function	ncl-contrib-sb-mpfr	3	no	Phase 3 contrib surface
SB-MPFR	OVERFLOWP	function	ncl-contrib-sb-mpfr	3	no	Phase 3 contrib surface
SB-MPFR	POWER	function	ncl-contrib-sb-mpfr	3	no	Phase 3 contrib surface
SB-MPFR	RECIPROCAL-SQRT	function	ncl-contrib-sb-mpfr	3	no	Phase 3 contrib surface
SB-MPFR	REGULARP	function	ncl-contrib-sb-mpfr	3	no	Phase 3 contrib surface
SB-MPFR	REMAINDER	function	ncl-contrib-sb-mpfr	3	no	Phase 3 contrib surface
SB-MPFR	REMAINDER-QUOT	function	ncl-contrib-sb-mpfr	3	no	Phase 3 contrib surface
SB-MPFR	ROUND	function	ncl-contrib-sb-mpfr	3	no	Phase 3 contrib surface
SB-MPFR	ROUNDED-INT	function	ncl-contrib-sb-mpfr	3	no	Phase 3 contrib surface
SB-MPFR	ROUNDED-INT-CEILING	function	ncl-contrib-sb-mpfr	3	no	Phase 3 contrib surface
SB-MPFR	ROUNDED-INT-FLOOR	function	ncl-contrib-sb-mpfr	3	no	Phase 3 contrib surface
SB-MPFR	ROUNDED-INT-ROUND	function	ncl-contrib-sb-mpfr	3	no	Phase 3 contrib surface
SB-MPFR	ROUNDED-INT-TRUNCATE	function	ncl-contrib-sb-mpfr	3	no	Phase 3 contrib surface
SB-MPFR	SEC	function	ncl-contrib-sb-mpfr	3	no	Phase 3 contrib surface
SB-MPFR	SECH	function	ncl-contrib-sb-mpfr	3	no	Phase 3 contrib surface
SB-MPFR	SET-DIV-BY-ZERO-FLAG	function	ncl-contrib-sb-mpfr	3	no	Phase 3 contrib surface
SB-MPFR	SET-ERANGE-FLAG	function	ncl-contrib-sb-mpfr	3	no	Phase 3 contrib surface
SB-MPFR	SET-INEX-FLAG	function	ncl-contrib-sb-mpfr	3	no	Phase 3 contrib surface
SB-MPFR	SET-NAN-FLAG	function	ncl-contrib-sb-mpfr	3	no	Phase 3 contrib surface
SB-MPFR	SET-OVERFLOW-FLAG	function	ncl-contrib-sb-mpfr	3	no	Phase 3 contrib surface
SB-MPFR	SET-PRECISION	function	ncl-contrib-sb-mpfr	3	no	Phase 3 contrib surface
SB-MPFR	SET-UNDERFLOW-FLAG	function	ncl-contrib-sb-mpfr	3	no	Phase 3 contrib surface
SB-MPFR	SIN	function	ncl-contrib-sb-mpfr	3	no	Phase 3 contrib surface
SB-MPFR	SIN-COS	function	ncl-contrib-sb-mpfr	3	no	Phase 3 contrib surface
SB-MPFR	SINH	function	ncl-contrib-sb-mpfr	3	no	Phase 3 contrib surface
SB-MPFR	SINH-COSH	function	ncl-contrib-sb-mpfr	3	no	Phase 3 contrib surface
SB-MPFR	SQRT	function	ncl-contrib-sb-mpfr	3	no	Phase 3 contrib surface
SB-MPFR	SQUARE	function	ncl-contrib-sb-mpfr	3	no	Phase 3 contrib surface
SB-MPFR	SUB	function	ncl-contrib-sb-mpfr	3	no	Phase 3 contrib surface
SB-MPFR	SUM	function	ncl-contrib-sb-mpfr	3	no	Phase 3 contrib surface
SB-MPFR	TAN	function	ncl-contrib-sb-mpfr	3	no	Phase 3 contrib surface
SB-MPFR	TANH	function	ncl-contrib-sb-mpfr	3	no	Phase 3 contrib surface
SB-MPFR	TRUNCATE	function	ncl-contrib-sb-mpfr	3	no	Phase 3 contrib surface
SB-MPFR	UNDERFLOWP	function	ncl-contrib-sb-mpfr	3	no	Phase 3 contrib surface
SB-MPFR	UNORDEREDP	function	ncl-contrib-sb-mpfr	3	no	Phase 3 contrib surface
SB-MPFR	URANDOM	function	ncl-contrib-sb-mpfr	3	no	Phase 3 contrib surface
SB-MPFR	URANDOMB	function	ncl-contrib-sb-mpfr	3	no	Phase 3 contrib surface
SB-MPFR	WITH-PRECISION	macro	ncl-contrib-sb-mpfr	3	no	Phase 3 contrib surface
SB-MPFR	Y0	function	ncl-contrib-sb-mpfr	3	no	Phase 3 contrib surface
SB-MPFR	Y1	function	ncl-contrib-sb-mpfr	3	no	Phase 3 contrib surface
SB-MPFR	YN	function	ncl-contrib-sb-mpfr	3	no	Phase 3 contrib surface
SB-MPFR	ZEROP	function	ncl-contrib-sb-mpfr	3	no	Phase 3 contrib surface
SB-MPFR	ZETA	function	ncl-contrib-sb-mpfr	3	no	Phase 3 contrib surface
SB-PCL	CONDITION-CLASS	other	ncl-contrib-alexandria	3	no	Phase 3 internal compatibility reference; libraries=alexandria
SB-PCL	PRECOMPILE-RANDOM-CODE-SEGMENTS	other	ncl-contrib-uiop	3	no	Phase 3 internal compatibility reference; libraries=uiop
SB-POSIX	ABORT	function	ncl-contrib-sb-posix	3	no	Phase 3 contrib surface
SB-POSIX	ACCESS	function	ncl-contrib-sb-posix	3	no	Phase 3 contrib surface
SB-POSIX	AF-INET	constant	ncl-contrib-sb-posix	3	no	Phase 3 contrib surface
SB-POSIX	ALARM	function	ncl-contrib-sb-posix	3	no	Phase 3 contrib surface
SB-POSIX	B0	constant	ncl-contrib-sb-posix	3	no	Phase 3 contrib surface
SB-POSIX	B110	constant	ncl-contrib-sb-posix	3	no	Phase 3 contrib surface
SB-POSIX	B115200	constant	ncl-contrib-sb-posix	3	no	Phase 3 contrib surface
SB-POSIX	B1200	constant	ncl-contrib-sb-posix	3	no	Phase 3 contrib surface
SB-POSIX	B134	constant	ncl-contrib-sb-posix	3	no	Phase 3 contrib surface
SB-POSIX	B150	constant	ncl-contrib-sb-posix	3	no	Phase 3 contrib surface
SB-POSIX	B1800	constant	ncl-contrib-sb-posix	3	no	Phase 3 contrib surface
SB-POSIX	B19200	constant	ncl-contrib-sb-posix	3	no	Phase 3 contrib surface
SB-POSIX	B200	constant	ncl-contrib-sb-posix	3	no	Phase 3 contrib surface
SB-POSIX	B230400	constant	ncl-contrib-sb-posix	3	no	Phase 3 contrib surface
SB-POSIX	B2400	constant	ncl-contrib-sb-posix	3	no	Phase 3 contrib surface
SB-POSIX	B300	constant	ncl-contrib-sb-posix	3	no	Phase 3 contrib surface
SB-POSIX	B38400	constant	ncl-contrib-sb-posix	3	no	Phase 3 contrib surface
SB-POSIX	B4800	constant	ncl-contrib-sb-posix	3	no	Phase 3 contrib surface
SB-POSIX	B50	constant	ncl-contrib-sb-posix	3	no	Phase 3 contrib surface
SB-POSIX	B57600	constant	ncl-contrib-sb-posix	3	no	Phase 3 contrib surface
SB-POSIX	B600	constant	ncl-contrib-sb-posix	3	no	Phase 3 contrib surface
SB-POSIX	B75	constant	ncl-contrib-sb-posix	3	no	Phase 3 contrib surface
SB-POSIX	B9600	constant	ncl-contrib-sb-posix	3	no	Phase 3 contrib surface
SB-POSIX	BRKINT	constant	ncl-contrib-sb-posix	3	no	Phase 3 contrib surface
SB-POSIX	BS0	constant	ncl-contrib-sb-posix	3	no	Phase 3 contrib surface
SB-POSIX	BS1	constant	ncl-contrib-sb-posix	3	no	Phase 3 contrib surface
SB-POSIX	BSDLY	constant	ncl-contrib-sb-posix	3	no	Phase 3 contrib surface
SB-POSIX	CFGETISPEED	function	ncl-contrib-sb-posix	3	no	Phase 3 contrib surface
SB-POSIX	CFGETOSPEED	function	ncl-contrib-sb-posix	3	no	Phase 3 contrib surface
SB-POSIX	CFSETISPEED	function	ncl-contrib-sb-posix	3	no	Phase 3 contrib surface
SB-POSIX	CFSETOSPEED	function	ncl-contrib-sb-posix	3	no	Phase 3 contrib surface
SB-POSIX	CHDIR	function	ncl-contrib-sb-posix	3	no	Phase 3 contrib surface
SB-POSIX	CHMOD	function	ncl-contrib-sb-posix	3	no	Phase 3 contrib surface
SB-POSIX	CHOWN	function	ncl-contrib-sb-posix	3	no	Phase 3 contrib surface
SB-POSIX	CHROOT	function	ncl-contrib-sb-posix	3	no	Phase 3 contrib surface
SB-POSIX	CLOCAL	constant	ncl-contrib-sb-posix	3	no	Phase 3 contrib surface
SB-POSIX	CLOSE	function	ncl-contrib-sb-posix	3	no	Phase 3 contrib surface
SB-POSIX	CLOSEDIR	function	ncl-contrib-sb-posix	3	no	Phase 3 contrib surface
SB-POSIX	CLOSELOG	function	ncl-contrib-sb-posix	3	no	Phase 3 contrib surface
SB-POSIX	CR0	constant	ncl-contrib-sb-posix	3	no	Phase 3 contrib surface
SB-POSIX	CR1	constant	ncl-contrib-sb-posix	3	no	Phase 3 contrib surface
SB-POSIX	CR2	constant	ncl-contrib-sb-posix	3	no	Phase 3 contrib surface
SB-POSIX	CR3	constant	ncl-contrib-sb-posix	3	no	Phase 3 contrib surface
SB-POSIX	CRDLY	constant	ncl-contrib-sb-posix	3	no	Phase 3 contrib surface
SB-POSIX	CREAD	constant	ncl-contrib-sb-posix	3	no	Phase 3 contrib surface
SB-POSIX	CREAT	function	ncl-contrib-sb-posix	3	no	Phase 3 contrib surface
SB-POSIX	CS5	constant	ncl-contrib-sb-posix	3	no	Phase 3 contrib surface
SB-POSIX	CS6	constant	ncl-contrib-sb-posix	3	no	Phase 3 contrib surface
SB-POSIX	CS7	constant	ncl-contrib-sb-posix	3	no	Phase 3 contrib surface
SB-POSIX	CS8	constant	ncl-contrib-sb-posix	3	no	Phase 3 contrib surface
SB-POSIX	CSIZE	constant	ncl-contrib-sb-posix	3	no	Phase 3 contrib surface
SB-POSIX	CSTOPB	constant	ncl-contrib-sb-posix	3	no	Phase 3 contrib surface
SB-POSIX	DIRENT-INO	function	ncl-contrib-sb-posix	3	no	Phase 3 contrib surface
SB-POSIX	DIRENT-NAME	function	ncl-contrib-sb-posix	3	no	Phase 3 contrib surface
SB-POSIX	DO-GROUPS	macro	ncl-contrib-sb-posix	3	no	Phase 3 contrib surface
SB-POSIX	DO-PASSWDS	macro	ncl-contrib-sb-posix	3	no	Phase 3 contrib surface
SB-POSIX	DUP	function	ncl-contrib-sb-posix	3	no	Phase 3 contrib surface
SB-POSIX	DUP2	function	ncl-contrib-sb-posix	3	no	Phase 3 contrib surface
SB-POSIX	E2BIG	constant	ncl-contrib-sb-posix	3	no	Phase 3 contrib surface
SB-POSIX	EACCES	constant	ncl-contrib-sb-posix	3	no	Phase 3 contrib surface
SB-POSIX	EADDRINUSE	constant	ncl-contrib-sb-posix	3	no	Phase 3 contrib surface
SB-POSIX	EADDRNOTAVAIL	constant	ncl-contrib-sb-posix	3	no	Phase 3 contrib surface
SB-POSIX	EADV	other	ncl-contrib-sb-posix	3	no	Phase 3 contrib surface
SB-POSIX	EAFNOSUPPORT	constant	ncl-contrib-sb-posix	3	no	Phase 3 contrib surface
SB-POSIX	EAGAIN	constant	ncl-contrib-sb-posix	3	no	Phase 3 contrib surface
SB-POSIX	EALREADY	constant	ncl-contrib-sb-posix	3	no	Phase 3 contrib surface
SB-POSIX	EBADE	other	ncl-contrib-sb-posix	3	no	Phase 3 contrib surface
SB-POSIX	EBADF	constant	ncl-contrib-sb-posix	3	no	Phase 3 contrib surface
SB-POSIX	EBADFD	other	ncl-contrib-sb-posix	3	no	Phase 3 contrib surface
SB-POSIX	EBADMSG	constant	ncl-contrib-sb-posix	3	no	Phase 3 contrib surface
SB-POSIX	EBADR	other	ncl-contrib-sb-posix	3	no	Phase 3 contrib surface
SB-POSIX	EBADRQC	other	ncl-contrib-sb-posix	3	no	Phase 3 contrib surface
SB-POSIX	EBADSLT	other	ncl-contrib-sb-posix	3	no	Phase 3 contrib surface
SB-POSIX	EBFONT	other	ncl-contrib-sb-posix	3	no	Phase 3 contrib surface
SB-POSIX	EBUSY	constant	ncl-contrib-sb-posix	3	no	Phase 3 contrib surface
SB-POSIX	ECHILD	constant	ncl-contrib-sb-posix	3	no	Phase 3 contrib surface
SB-POSIX	ECHO	constant	ncl-contrib-sb-posix	3	no	Phase 3 contrib surface
SB-POSIX	ECHOE	constant	ncl-contrib-sb-posix	3	no	Phase 3 contrib surface
SB-POSIX	ECHOK	constant	ncl-contrib-sb-posix	3	no	Phase 3 contrib surface
SB-POSIX	ECHONL	constant	ncl-contrib-sb-posix	3	no	Phase 3 contrib surface
SB-POSIX	ECHRNG	other	ncl-contrib-sb-posix	3	no	Phase 3 contrib surface
SB-POSIX	ECOMM	other	ncl-contrib-sb-posix	3	no	Phase 3 contrib surface
SB-POSIX	ECONNABORTED	constant	ncl-contrib-sb-posix	3	no	Phase 3 contrib surface
SB-POSIX	ECONNREFUSED	constant	ncl-contrib-sb-posix	3	no	Phase 3 contrib surface
SB-POSIX	ECONNRESET	constant	ncl-contrib-sb-posix	3	no	Phase 3 contrib surface
SB-POSIX	EDEADLK	constant	ncl-contrib-sb-posix	3	no	Phase 3 contrib surface
SB-POSIX	EDEADLOCK	other	ncl-contrib-sb-posix	3	no	Phase 3 contrib surface
SB-POSIX	EDESTADDRREQ	constant	ncl-contrib-sb-posix	3	no	Phase 3 contrib surface
SB-POSIX	EDOM	constant	ncl-contrib-sb-posix	3	no	Phase 3 contrib surface
SB-POSIX	EDOTDOT	other	ncl-contrib-sb-posix	3	no	Phase 3 contrib surface
SB-POSIX	EDQUOT	constant	ncl-contrib-sb-posix	3	no	Phase 3 contrib surface
SB-POSIX	EEXIST	constant	ncl-contrib-sb-posix	3	no	Phase 3 contrib surface
SB-POSIX	EFAULT	constant	ncl-contrib-sb-posix	3	no	Phase 3 contrib surface
SB-POSIX	EFBIG	constant	ncl-contrib-sb-posix	3	no	Phase 3 contrib surface
SB-POSIX	EHOSTDOWN	constant	ncl-contrib-sb-posix	3	no	Phase 3 contrib surface
SB-POSIX	EHOSTUNREACH	constant	ncl-contrib-sb-posix	3	no	Phase 3 contrib surface
SB-POSIX	EIDRM	constant	ncl-contrib-sb-posix	3	no	Phase 3 contrib surface
SB-POSIX	EILSEQ	constant	ncl-contrib-sb-posix	3	no	Phase 3 contrib surface
SB-POSIX	EINPROGRESS	constant	ncl-contrib-sb-posix	3	no	Phase 3 contrib surface
SB-POSIX	EINTR	constant	ncl-contrib-sb-posix	3	no	Phase 3 contrib surface
SB-POSIX	EINVAL	constant	ncl-contrib-sb-posix	3	no	Phase 3 contrib surface
SB-POSIX	EIO	constant	ncl-contrib-sb-posix	3	no	Phase 3 contrib surface
SB-POSIX	EISCONN	constant	ncl-contrib-sb-posix	3	no	Phase 3 contrib surface
SB-POSIX	EISDIR	constant	ncl-contrib-sb-posix	3	no	Phase 3 contrib surface
SB-POSIX	EL2HLT	other	ncl-contrib-sb-posix	3	no	Phase 3 contrib surface
SB-POSIX	EL2NSYNC	other	ncl-contrib-sb-posix	3	no	Phase 3 contrib surface
SB-POSIX	EL3HLT	other	ncl-contrib-sb-posix	3	no	Phase 3 contrib surface
SB-POSIX	EL3RST	other	ncl-contrib-sb-posix	3	no	Phase 3 contrib surface
SB-POSIX	ELIBACC	other	ncl-contrib-sb-posix	3	no	Phase 3 contrib surface
SB-POSIX	ELIBBAD	other	ncl-contrib-sb-posix	3	no	Phase 3 contrib surface
SB-POSIX	ELIBEXEC	other	ncl-contrib-sb-posix	3	no	Phase 3 contrib surface
SB-POSIX	ELIBMAX	other	ncl-contrib-sb-posix	3	no	Phase 3 contrib surface
SB-POSIX	ELIBSCN	other	ncl-contrib-sb-posix	3	no	Phase 3 contrib surface
SB-POSIX	ELNRNG	other	ncl-contrib-sb-posix	3	no	Phase 3 contrib surface
SB-POSIX	ELOOP	constant	ncl-contrib-sb-posix	3	no	Phase 3 contrib surface
SB-POSIX	EMEDIUMTYPE	other	ncl-contrib-sb-posix	3	no	Phase 3 contrib surface
SB-POSIX	EMFILE	constant	ncl-contrib-sb-posix	3	no	Phase 3 contrib surface
SB-POSIX	EMLINK	constant	ncl-contrib-sb-posix	3	no	Phase 3 contrib surface
SB-POSIX	EMSGSIZE	constant	ncl-contrib-sb-posix	3	no	Phase 3 contrib surface
SB-POSIX	EMULTIHOP	constant	ncl-contrib-sb-posix	3	no	Phase 3 contrib surface
SB-POSIX	ENAMETOOLONG	constant	ncl-contrib-sb-posix	3	no	Phase 3 contrib surface
SB-POSIX	ENAVAIL	other	ncl-contrib-sb-posix	3	no	Phase 3 contrib surface
SB-POSIX	ENETDOWN	constant	ncl-contrib-sb-posix	3	no	Phase 3 contrib surface
SB-POSIX	ENETRESET	constant	ncl-contrib-sb-posix	3	no	Phase 3 contrib surface
SB-POSIX	ENETUNREACH	constant	ncl-contrib-sb-posix	3	no	Phase 3 contrib surface
SB-POSIX	ENFILE	constant	ncl-contrib-sb-posix	3	no	Phase 3 contrib surface
SB-POSIX	ENOANO	other	ncl-contrib-sb-posix	3	no	Phase 3 contrib surface
SB-POSIX	ENOBUFS	constant	ncl-contrib-sb-posix	3	no	Phase 3 contrib surface
SB-POSIX	ENOCSI	other	ncl-contrib-sb-posix	3	no	Phase 3 contrib surface
SB-POSIX	ENODATA	constant	ncl-contrib-sb-posix	3	no	Phase 3 contrib surface
SB-POSIX	ENODEV	constant	ncl-contrib-sb-posix	3	no	Phase 3 contrib surface
SB-POSIX	ENOENT	constant	ncl-contrib-sb-posix	3	no	Phase 3 contrib surface
SB-POSIX	ENOEXEC	constant	ncl-contrib-sb-posix	3	no	Phase 3 contrib surface
SB-POSIX	ENOLCK	constant	ncl-contrib-sb-posix	3	no	Phase 3 contrib surface
SB-POSIX	ENOLINK	constant	ncl-contrib-sb-posix	3	no	Phase 3 contrib surface
SB-POSIX	ENOMEDIUM	other	ncl-contrib-sb-posix	3	no	Phase 3 contrib surface
SB-POSIX	ENOMEM	constant	ncl-contrib-sb-posix	3	no	Phase 3 contrib surface
SB-POSIX	ENOMSG	constant	ncl-contrib-sb-posix	3	no	Phase 3 contrib surface
SB-POSIX	ENONET	other	ncl-contrib-sb-posix	3	no	Phase 3 contrib surface
SB-POSIX	ENOPKG	other	ncl-contrib-sb-posix	3	no	Phase 3 contrib surface
SB-POSIX	ENOPROTOOPT	constant	ncl-contrib-sb-posix	3	no	Phase 3 contrib surface
SB-POSIX	ENOSPC	constant	ncl-contrib-sb-posix	3	no	Phase 3 contrib surface
SB-POSIX	ENOSR	constant	ncl-contrib-sb-posix	3	no	Phase 3 contrib surface
SB-POSIX	ENOSTR	constant	ncl-contrib-sb-posix	3	no	Phase 3 contrib surface
SB-POSIX	ENOSYS	constant	ncl-contrib-sb-posix	3	no	Phase 3 contrib surface
SB-POSIX	ENOTBLK	constant	ncl-contrib-sb-posix	3	no	Phase 3 contrib surface
SB-POSIX	ENOTCONN	constant	ncl-contrib-sb-posix	3	no	Phase 3 contrib surface
SB-POSIX	ENOTDIR	constant	ncl-contrib-sb-posix	3	no	Phase 3 contrib surface
SB-POSIX	ENOTEMPTY	constant	ncl-contrib-sb-posix	3	no	Phase 3 contrib surface
SB-POSIX	ENOTNAM	other	ncl-contrib-sb-posix	3	no	Phase 3 contrib surface
SB-POSIX	ENOTSOCK	constant	ncl-contrib-sb-posix	3	no	Phase 3 contrib surface
SB-POSIX	ENOTTY	constant	ncl-contrib-sb-posix	3	no	Phase 3 contrib surface
SB-POSIX	ENOTUNIQ	other	ncl-contrib-sb-posix	3	no	Phase 3 contrib surface
SB-POSIX	ENXIO	constant	ncl-contrib-sb-posix	3	no	Phase 3 contrib surface
SB-POSIX	EOPNOTSUPP	constant	ncl-contrib-sb-posix	3	no	Phase 3 contrib surface
SB-POSIX	EOVERFLOW	constant	ncl-contrib-sb-posix	3	no	Phase 3 contrib surface
SB-POSIX	EPERM	constant	ncl-contrib-sb-posix	3	no	Phase 3 contrib surface
SB-POSIX	EPFNOSUPPORT	constant	ncl-contrib-sb-posix	3	no	Phase 3 contrib surface
SB-POSIX	EPIPE	constant	ncl-contrib-sb-posix	3	no	Phase 3 contrib surface
SB-POSIX	EPROTO	constant	ncl-contrib-sb-posix	3	no	Phase 3 contrib surface
SB-POSIX	EPROTONOSUPPORT	constant	ncl-contrib-sb-posix	3	no	Phase 3 contrib surface
SB-POSIX	EPROTOTYPE	constant	ncl-contrib-sb-posix	3	no	Phase 3 contrib surface
SB-POSIX	ERANGE	constant	ncl-contrib-sb-posix	3	no	Phase 3 contrib surface
SB-POSIX	EREMCHG	other	ncl-contrib-sb-posix	3	no	Phase 3 contrib surface
SB-POSIX	EREMOTE	constant	ncl-contrib-sb-posix	3	no	Phase 3 contrib surface
SB-POSIX	EREMOTEIO	other	ncl-contrib-sb-posix	3	no	Phase 3 contrib surface
SB-POSIX	ERESTART	other	ncl-contrib-sb-posix	3	no	Phase 3 contrib surface
SB-POSIX	EROFS	constant	ncl-contrib-sb-posix	3	no	Phase 3 contrib surface
SB-POSIX	ESHUTDOWN	constant	ncl-contrib-sb-posix	3	no	Phase 3 contrib surface
SB-POSIX	ESOCKTNOSUPPORT	constant	ncl-contrib-sb-posix	3	no	Phase 3 contrib surface
SB-POSIX	ESPIPE	constant	ncl-contrib-sb-posix	3	no	Phase 3 contrib surface
SB-POSIX	ESRCH	constant	ncl-contrib-sb-posix	3	no	Phase 3 contrib surface
SB-POSIX	ESRMNT	other	ncl-contrib-sb-posix	3	no	Phase 3 contrib surface
SB-POSIX	ESTALE	constant	ncl-contrib-sb-posix	3	no	Phase 3 contrib surface
SB-POSIX	ESTRPIPE	other	ncl-contrib-sb-posix	3	no	Phase 3 contrib surface
SB-POSIX	ETIME	constant	ncl-contrib-sb-posix	3	no	Phase 3 contrib surface
SB-POSIX	ETIMEDOUT	constant	ncl-contrib-sb-posix	3	no	Phase 3 contrib surface
SB-POSIX	ETOOMANYREFS	constant	ncl-contrib-sb-posix	3	no	Phase 3 contrib surface
SB-POSIX	ETXTBSY	constant	ncl-contrib-sb-posix	3	no	Phase 3 contrib surface
SB-POSIX	EUCLEAN	other	ncl-contrib-sb-posix	3	no	Phase 3 contrib surface
SB-POSIX	EUNATCH	other	ncl-contrib-sb-posix	3	no	Phase 3 contrib surface
SB-POSIX	EUSERS	constant	ncl-contrib-sb-posix	3	no	Phase 3 contrib surface
SB-POSIX	EWOULDBLOCK	constant	ncl-contrib-sb-posix	3	no	Phase 3 contrib surface
SB-POSIX	EXDEV	constant	ncl-contrib-sb-posix	3	no	Phase 3 contrib surface
SB-POSIX	EXFULL	other	ncl-contrib-sb-posix	3	no	Phase 3 contrib surface
SB-POSIX	EXIT	function	ncl-contrib-sb-posix	3	no	Phase 3 contrib surface
SB-POSIX	F-DUPFD	constant	ncl-contrib-sb-posix	3	no	Phase 3 contrib surface
SB-POSIX	F-GETFD	constant	ncl-contrib-sb-posix	3	no	Phase 3 contrib surface
SB-POSIX	F-GETFL	constant	ncl-contrib-sb-posix	3	no	Phase 3 contrib surface
SB-POSIX	F-GETLK	constant	ncl-contrib-sb-posix	3	no	Phase 3 contrib surface
SB-POSIX	F-GETOWN	constant	ncl-contrib-sb-posix	3	no	Phase 3 contrib surface
SB-POSIX	F-LOCK	constant	ncl-contrib-sb-posix	3	no	Phase 3 contrib surface
SB-POSIX	F-OK	constant	ncl-contrib-sb-posix	3	no	Phase 3 contrib surface
SB-POSIX	F-RDLCK	constant	ncl-contrib-sb-posix	3	no	Phase 3 contrib surface
SB-POSIX	F-SETFD	constant	ncl-contrib-sb-posix	3	no	Phase 3 contrib surface
SB-POSIX	F-SETFL	constant	ncl-contrib-sb-posix	3	no	Phase 3 contrib surface
SB-POSIX	F-SETLK	constant	ncl-contrib-sb-posix	3	no	Phase 3 contrib surface
SB-POSIX	F-SETLKW	constant	ncl-contrib-sb-posix	3	no	Phase 3 contrib surface
SB-POSIX	F-SETOWN	constant	ncl-contrib-sb-posix	3	no	Phase 3 contrib surface
SB-POSIX	F-TEST	constant	ncl-contrib-sb-posix	3	no	Phase 3 contrib surface
SB-POSIX	F-TLOCK	constant	ncl-contrib-sb-posix	3	no	Phase 3 contrib surface
SB-POSIX	F-ULOCK	constant	ncl-contrib-sb-posix	3	no	Phase 3 contrib surface
SB-POSIX	F-UNLCK	constant	ncl-contrib-sb-posix	3	no	Phase 3 contrib surface
SB-POSIX	F-WRLCK	constant	ncl-contrib-sb-posix	3	no	Phase 3 contrib surface
SB-POSIX	FCHDIR	function	ncl-contrib-sb-posix	3	no	Phase 3 contrib surface
SB-POSIX	FCHMOD	function	ncl-contrib-sb-posix	3	no	Phase 3 contrib surface
SB-POSIX	FCHOWN	function	ncl-contrib-sb-posix	3	no	Phase 3 contrib surface
SB-POSIX	FCNTL	function	ncl-contrib-sb-posix	3	no	Phase 3 contrib surface
SB-POSIX	FDATASYNC	function	ncl-contrib-sb-posix	3	no	Phase 3 contrib surface
SB-POSIX	FF0	constant	ncl-contrib-sb-posix	3	no	Phase 3 contrib surface
SB-POSIX	FF1	constant	ncl-contrib-sb-posix	3	no	Phase 3 contrib surface
SB-POSIX	FFDLY	constant	ncl-contrib-sb-posix	3	no	Phase 3 contrib surface
SB-POSIX	FILE-DESCRIPTOR	function	ncl-contrib-sb-posix	3	no	Phase 3 contrib surface
SB-POSIX	FILE-DESCRIPTOR-DESIGNATOR	type	ncl-contrib-sb-posix	3	no	Phase 3 contrib surface
SB-POSIX	FILENAME	function	ncl-contrib-sb-posix	3	no	Phase 3 contrib surface
SB-POSIX	FILENAME-DESIGNATOR	type	ncl-contrib-sb-posix	3	no	Phase 3 contrib surface
SB-POSIX	FLOCK	class	ncl-contrib-sb-posix	3	no	Phase 3 contrib surface
SB-POSIX	FLOCK-LEN	function	ncl-contrib-sb-posix	3	no	Phase 3 contrib surface
SB-POSIX	FLOCK-PID	function	ncl-contrib-sb-posix	3	no	Phase 3 contrib surface
SB-POSIX	FLOCK-START	function	ncl-contrib-sb-posix	3	no	Phase 3 contrib surface
SB-POSIX	FLOCK-TYPE	function	ncl-contrib-sb-posix	3	no	Phase 3 contrib surface
SB-POSIX	FLOCK-WHENCE	function	ncl-contrib-sb-posix	3	no	Phase 3 contrib surface
SB-POSIX	FORK	function	ncl-contrib-sb-posix	3	no	Phase 3 contrib surface
SB-POSIX	FSTAT	function	ncl-contrib-sb-posix	3	no	Phase 3 contrib surface
SB-POSIX	FSYNC	function	ncl-contrib-sb-posix	3	no	Phase 3 contrib surface
SB-POSIX	FTRUNCATE	function	ncl-contrib-sb-posix	3	no	Phase 3 contrib surface
SB-POSIX	GETCWD	function	ncl-contrib-sb-posix	3	no	Phase 3 contrib surface
SB-POSIX	GETEGID	function	ncl-contrib-sb-posix	3	no	Phase 3 contrib surface
SB-POSIX	GETENV	function	ncl-contrib-sb-posix	3	no	Phase 3 contrib surface
SB-POSIX	GETEUID	function	ncl-contrib-sb-posix	3	no	Phase 3 contrib surface
SB-POSIX	GETGID	function	ncl-contrib-sb-posix	3	no	Phase 3 contrib surface
SB-POSIX	GETGRGID	function	ncl-contrib-sb-posix	3	no	Phase 3 contrib surface
SB-POSIX	GETGRNAM	function	ncl-contrib-sb-posix	3	no	Phase 3 contrib surface
SB-POSIX	GETPAGESIZE	function	ncl-contrib-sb-posix	3	no	Phase 3 contrib surface
SB-POSIX	GETPGID	function	ncl-contrib-sb-posix	3	no	Phase 3 contrib surface
SB-POSIX	GETPGRP	function	ncl-contrib-sb-posix	3	no	Phase 3 contrib surface
SB-POSIX	GETPID	function	ncl-contrib-sb-posix	3	no	Phase 3 contrib surface
SB-POSIX	GETPPID	function	ncl-contrib-sb-posix	3	no	Phase 3 contrib surface
SB-POSIX	GETPWNAM	function	ncl-contrib-sb-posix	3	no	Phase 3 contrib surface
SB-POSIX	GETPWUID	function	ncl-contrib-sb-posix	3	no	Phase 3 contrib surface
SB-POSIX	GETSID	function	ncl-contrib-sb-posix	3	no	Phase 3 contrib surface
SB-POSIX	GETUID	function	ncl-contrib-sb-posix	3	no	Phase 3 contrib surface
SB-POSIX	GROUP	class	ncl-contrib-sb-posix	3	no	Phase 3 contrib surface
SB-POSIX	GROUP-GID	function	ncl-contrib-sb-posix	3	no	Phase 3 contrib surface
SB-POSIX	GROUP-MEM	function	ncl-contrib-sb-posix	3	no	Phase 3 contrib surface
SB-POSIX	GROUP-NAME	function	ncl-contrib-sb-posix	3	no	Phase 3 contrib surface
SB-POSIX	GROUP-PASSWD	function	ncl-contrib-sb-posix	3	no	Phase 3 contrib surface
SB-POSIX	HUPCL	constant	ncl-contrib-sb-posix	3	no	Phase 3 contrib surface
SB-POSIX	ICANON	constant	ncl-contrib-sb-posix	3	no	Phase 3 contrib surface
SB-POSIX	ICRNL	constant	ncl-contrib-sb-posix	3	no	Phase 3 contrib surface
SB-POSIX	IEXTEN	constant	ncl-contrib-sb-posix	3	no	Phase 3 contrib surface
SB-POSIX	IGNBRK	constant	ncl-contrib-sb-posix	3	no	Phase 3 contrib surface
SB-POSIX	IGNCR	constant	ncl-contrib-sb-posix	3	no	Phase 3 contrib surface
SB-POSIX	IGNPAR	constant	ncl-contrib-sb-posix	3	no	Phase 3 contrib surface
SB-POSIX	INLCR	constant	ncl-contrib-sb-posix	3	no	Phase 3 contrib surface
SB-POSIX	INPCK	constant	ncl-contrib-sb-posix	3	no	Phase 3 contrib surface
SB-POSIX	IOCTL	function	ncl-contrib-sb-posix	3	no	Phase 3 contrib surface
SB-POSIX	ISIG	constant	ncl-contrib-sb-posix	3	no	Phase 3 contrib surface
SB-POSIX	ISTRIP	constant	ncl-contrib-sb-posix	3	no	Phase 3 contrib surface
SB-POSIX	IXOFF	constant	ncl-contrib-sb-posix	3	no	Phase 3 contrib surface
SB-POSIX	IXON	constant	ncl-contrib-sb-posix	3	no	Phase 3 contrib surface
SB-POSIX	KILL	function	ncl-contrib-sb-posix	3	no	Phase 3 contrib surface
SB-POSIX	KILLPG	function	ncl-contrib-sb-posix	3	no	Phase 3 contrib surface
SB-POSIX	LCHOWN	function	ncl-contrib-sb-posix	3	no	Phase 3 contrib surface
SB-POSIX	LINK	function	ncl-contrib-sb-posix	3	no	Phase 3 contrib surface
SB-POSIX	LOCKF	function	ncl-contrib-sb-posix	3	no	Phase 3 contrib surface
SB-POSIX	LOG-ALERT	constant	ncl-contrib-sb-posix	3	no	Phase 3 contrib surface
SB-POSIX	LOG-AUTHPRIV	constant	ncl-contrib-sb-posix	3	no	Phase 3 contrib surface
SB-POSIX	LOG-CONS	constant	ncl-contrib-sb-posix	3	no	Phase 3 contrib surface
SB-POSIX	LOG-CRIT	constant	ncl-contrib-sb-posix	3	no	Phase 3 contrib surface
SB-POSIX	LOG-CRON	constant	ncl-contrib-sb-posix	3	no	Phase 3 contrib surface
SB-POSIX	LOG-DAEMON	constant	ncl-contrib-sb-posix	3	no	Phase 3 contrib surface
SB-POSIX	LOG-DEBUG	constant	ncl-contrib-sb-posix	3	no	Phase 3 contrib surface
SB-POSIX	LOG-EMERG	constant	ncl-contrib-sb-posix	3	no	Phase 3 contrib surface
SB-POSIX	LOG-ERR	constant	ncl-contrib-sb-posix	3	no	Phase 3 contrib surface
SB-POSIX	LOG-FTP	constant	ncl-contrib-sb-posix	3	no	Phase 3 contrib surface
SB-POSIX	LOG-INFO	constant	ncl-contrib-sb-posix	3	no	Phase 3 contrib surface
SB-POSIX	LOG-KERN	constant	ncl-contrib-sb-posix	3	no	Phase 3 contrib surface
SB-POSIX	LOG-LOCAL0	constant	ncl-contrib-sb-posix	3	no	Phase 3 contrib surface
SB-POSIX	LOG-LOCAL1	constant	ncl-contrib-sb-posix	3	no	Phase 3 contrib surface
SB-POSIX	LOG-LOCAL2	constant	ncl-contrib-sb-posix	3	no	Phase 3 contrib surface
SB-POSIX	LOG-LOCAL3	constant	ncl-contrib-sb-posix	3	no	Phase 3 contrib surface
SB-POSIX	LOG-LOCAL4	constant	ncl-contrib-sb-posix	3	no	Phase 3 contrib surface
SB-POSIX	LOG-LOCAL5	constant	ncl-contrib-sb-posix	3	no	Phase 3 contrib surface
SB-POSIX	LOG-LOCAL6	constant	ncl-contrib-sb-posix	3	no	Phase 3 contrib surface
SB-POSIX	LOG-LOCAL7	constant	ncl-contrib-sb-posix	3	no	Phase 3 contrib surface
SB-POSIX	LOG-LPR	constant	ncl-contrib-sb-posix	3	no	Phase 3 contrib surface
SB-POSIX	LOG-MAIL	constant	ncl-contrib-sb-posix	3	no	Phase 3 contrib surface
SB-POSIX	LOG-NDELAY	constant	ncl-contrib-sb-posix	3	no	Phase 3 contrib surface
SB-POSIX	LOG-NEWS	constant	ncl-contrib-sb-posix	3	no	Phase 3 contrib surface
SB-POSIX	LOG-NOTICE	constant	ncl-contrib-sb-posix	3	no	Phase 3 contrib surface
SB-POSIX	LOG-NOWAIT	constant	ncl-contrib-sb-posix	3	no	Phase 3 contrib surface
SB-POSIX	LOG-ODELAY	constant	ncl-contrib-sb-posix	3	no	Phase 3 contrib surface
SB-POSIX	LOG-PERROR	constant	ncl-contrib-sb-posix	3	no	Phase 3 contrib surface
SB-POSIX	LOG-PID	constant	ncl-contrib-sb-posix	3	no	Phase 3 contrib surface
SB-POSIX	LOG-SYSLOG	constant	ncl-contrib-sb-posix	3	no	Phase 3 contrib surface
SB-POSIX	LOG-USER	constant	ncl-contrib-sb-posix	3	no	Phase 3 contrib surface
SB-POSIX	LOG-UUCP	constant	ncl-contrib-sb-posix	3	no	Phase 3 contrib surface
SB-POSIX	LOG-WARNING	constant	ncl-contrib-sb-posix	3	no	Phase 3 contrib surface
SB-POSIX	LSEEK	function	ncl-contrib-sb-posix	3	no	Phase 3 contrib surface
SB-POSIX	LSTAT	function	ncl-contrib-sb-posix	3	no	Phase 3 contrib surface
SB-POSIX	MAP-ANON	constant	ncl-contrib-sb-posix	3	no	Phase 3 contrib surface
SB-POSIX	MAP-FIXED	constant	ncl-contrib-sb-posix	3	no	Phase 3 contrib surface
SB-POSIX	MAP-PRIVATE	constant	ncl-contrib-sb-posix	3	no	Phase 3 contrib surface
SB-POSIX	MAP-SHARED	constant	ncl-contrib-sb-posix	3	no	Phase 3 contrib surface
SB-POSIX	MCL-CURRENT	constant	ncl-contrib-sb-posix	3	no	Phase 3 contrib surface
SB-POSIX	MCL-FUTURE	constant	ncl-contrib-sb-posix	3	no	Phase 3 contrib surface
SB-POSIX	MKDIR	function	ncl-contrib-sb-posix	3	no	Phase 3 contrib surface
SB-POSIX	MKDTEMP	function	ncl-contrib-sb-posix	3	no	Phase 3 contrib surface
SB-POSIX	MKFIFO	function	ncl-contrib-sb-posix	3	no	Phase 3 contrib surface
SB-POSIX	MKSTEMP	function	ncl-contrib-sb-posix	3	no	Phase 3 contrib surface
SB-POSIX	MKTEMP	function	ncl-contrib-sb-posix	3	no	Phase 3 contrib surface
SB-POSIX	MLOCKALL	function	ncl-contrib-sb-posix	3	no	Phase 3 contrib surface
SB-POSIX	MMAP	function	ncl-contrib-sb-posix	3	no	Phase 3 contrib surface
SB-POSIX	MS-ASYNC	constant	ncl-contrib-sb-posix	3	no	Phase 3 contrib surface
SB-POSIX	MS-INVALIDATE	constant	ncl-contrib-sb-posix	3	no	Phase 3 contrib surface
SB-POSIX	MS-SYNC	constant	ncl-contrib-sb-posix	3	no	Phase 3 contrib surface
SB-POSIX	MSYNC	function	ncl-contrib-sb-posix	3	no	Phase 3 contrib surface
SB-POSIX	MUNLOCKALL	function	ncl-contrib-sb-posix	3	no	Phase 3 contrib surface
SB-POSIX	MUNMAP	function	ncl-contrib-sb-posix	3	no	Phase 3 contrib surface
SB-POSIX	NCCS	constant	ncl-contrib-sb-posix	3	no	Phase 3 contrib surface
SB-POSIX	NL0	constant	ncl-contrib-sb-posix	3	no	Phase 3 contrib surface
SB-POSIX	NL1	constant	ncl-contrib-sb-posix	3	no	Phase 3 contrib surface
SB-POSIX	NLDLY	constant	ncl-contrib-sb-posix	3	no	Phase 3 contrib surface
SB-POSIX	NOFLSH	constant	ncl-contrib-sb-posix	3	no	Phase 3 contrib surface
SB-POSIX	O-APPEND	constant	ncl-contrib-sb-posix	3	no	Phase 3 contrib surface
SB-POSIX	O-ASYNC	constant	ncl-contrib-sb-posix	3	no	Phase 3 contrib surface
SB-POSIX	O-CREAT	constant	ncl-contrib-sb-posix	3	no	Phase 3 contrib surface
SB-POSIX	O-DIRECT	other	ncl-contrib-sb-posix	3	no	Phase 3 contrib surface
SB-POSIX	O-DIRECTORY	constant	ncl-contrib-sb-posix	3	no	Phase 3 contrib surface
SB-POSIX	O-DSYNC	constant	ncl-contrib-sb-posix	3	no	Phase 3 contrib surface
SB-POSIX	O-EXCL	constant	ncl-contrib-sb-posix	3	no	Phase 3 contrib surface
SB-POSIX	O-LARGEFILE	other	ncl-contrib-sb-posix	3	no	Phase 3 contrib surface
SB-POSIX	O-NDELAY	constant	ncl-contrib-sb-posix	3	no	Phase 3 contrib surface
SB-POSIX	O-NOCTTY	constant	ncl-contrib-sb-posix	3	no	Phase 3 contrib surface
SB-POSIX	O-NOFOLLOW	constant	ncl-contrib-sb-posix	3	no	Phase 3 contrib surface
SB-POSIX	O-NONBLOCK	constant	ncl-contrib-sb-posix	3	no	Phase 3 contrib surface
SB-POSIX	O-RDONLY	constant	ncl-contrib-sb-posix	3	no	Phase 3 contrib surface
SB-POSIX	O-RDWR	constant	ncl-contrib-sb-posix	3	no	Phase 3 contrib surface
SB-POSIX	O-RSYNC	other	ncl-contrib-sb-posix	3	no	Phase 3 contrib surface
SB-POSIX	O-SYNC	constant	ncl-contrib-sb-posix	3	no	Phase 3 contrib surface
SB-POSIX	O-TRUNC	constant	ncl-contrib-sb-posix	3	no	Phase 3 contrib surface
SB-POSIX	O-WRONLY	constant	ncl-contrib-sb-posix	3	no	Phase 3 contrib surface
SB-POSIX	OCRNL	constant	ncl-contrib-sb-posix	3	no	Phase 3 contrib surface
SB-POSIX	OFDEL	constant	ncl-contrib-sb-posix	3	no	Phase 3 contrib surface
SB-POSIX	OFILL	constant	ncl-contrib-sb-posix	3	no	Phase 3 contrib surface
SB-POSIX	ONLRET	constant	ncl-contrib-sb-posix	3	no	Phase 3 contrib surface
SB-POSIX	ONOCR	constant	ncl-contrib-sb-posix	3	no	Phase 3 contrib surface
SB-POSIX	OPEN	function	ncl-contrib-sb-posix	3	no	Phase 3 contrib surface
SB-POSIX	OPENDIR	function	ncl-contrib-sb-posix	3	no	Phase 3 contrib surface
SB-POSIX	OPENLOG	function	ncl-contrib-sb-posix	3	no	Phase 3 contrib surface
SB-POSIX	OPOST	constant	ncl-contrib-sb-posix	3	no	Phase 3 contrib surface
SB-POSIX	PARENB	constant	ncl-contrib-sb-posix	3	no	Phase 3 contrib surface
SB-POSIX	PARMRK	constant	ncl-contrib-sb-posix	3	no	Phase 3 contrib surface
SB-POSIX	PARODD	constant	ncl-contrib-sb-posix	3	no	Phase 3 contrib surface
SB-POSIX	PASSWD	class	ncl-contrib-sb-posix	3	no	Phase 3 contrib surface
SB-POSIX	PASSWD-DIR	function	ncl-contrib-sb-posix	3	no	Phase 3 contrib surface
SB-POSIX	PASSWD-GECOS	function	ncl-contrib-sb-posix	3	no	Phase 3 contrib surface
SB-POSIX	PASSWD-GID	function	ncl-contrib-sb-posix	3	no	Phase 3 contrib surface
SB-POSIX	PASSWD-NAME	function	ncl-contrib-sb-posix	3	no	Phase 3 contrib surface
SB-POSIX	PASSWD-PASSWD	function	ncl-contrib-sb-posix	3	no	Phase 3 contrib surface
SB-POSIX	PASSWD-SHELL	function	ncl-contrib-sb-posix	3	no	Phase 3 contrib surface
SB-POSIX	PASSWD-UID	function	ncl-contrib-sb-posix	3	no	Phase 3 contrib surface
SB-POSIX	PAUSE	function	ncl-contrib-sb-posix	3	no	Phase 3 contrib surface
SB-POSIX	PIPE	function	ncl-contrib-sb-posix	3	no	Phase 3 contrib surface
SB-POSIX	PROT-EXEC	constant	ncl-contrib-sb-posix	3	no	Phase 3 contrib surface
SB-POSIX	PROT-NONE	constant	ncl-contrib-sb-posix	3	no	Phase 3 contrib surface
SB-POSIX	PROT-READ	constant	ncl-contrib-sb-posix	3	no	Phase 3 contrib surface
SB-POSIX	PROT-WRITE	constant	ncl-contrib-sb-posix	3	no	Phase 3 contrib surface
SB-POSIX	PUTENV	function	ncl-contrib-sb-posix	3	no	Phase 3 contrib surface
SB-POSIX	R-OK	constant	ncl-contrib-sb-posix	3	no	Phase 3 contrib surface
SB-POSIX	READ	function	ncl-contrib-sb-posix	3	no	Phase 3 contrib surface
SB-POSIX	READDIR	function	ncl-contrib-sb-posix	3	no	Phase 3 contrib surface
SB-POSIX	READLINK	function	ncl-contrib-sb-posix	3	no	Phase 3 contrib surface
SB-POSIX	RENAME	function	ncl-contrib-sb-posix	3	no	Phase 3 contrib surface
SB-POSIX	RMDIR	function	ncl-contrib-sb-posix	3	no	Phase 3 contrib surface
SB-POSIX	S-IEXEC	constant	ncl-contrib-sb-posix	3	no	Phase 3 contrib surface
SB-POSIX	S-IFBLK	constant	ncl-contrib-sb-posix	3	no	Phase 3 contrib surface
SB-POSIX	S-IFCHR	constant	ncl-contrib-sb-posix	3	no	Phase 3 contrib surface
SB-POSIX	S-IFDIR	constant	ncl-contrib-sb-posix	3	no	Phase 3 contrib surface
SB-POSIX	S-IFIFO	constant	ncl-contrib-sb-posix	3	no	Phase 3 contrib surface
SB-POSIX	S-IFLNK	constant	ncl-contrib-sb-posix	3	no	Phase 3 contrib surface
SB-POSIX	S-IFMT	constant	ncl-contrib-sb-posix	3	no	Phase 3 contrib surface
SB-POSIX	S-IFREG	constant	ncl-contrib-sb-posix	3	no	Phase 3 contrib surface
SB-POSIX	S-IFSOCK	constant	ncl-contrib-sb-posix	3	no	Phase 3 contrib surface
SB-POSIX	S-IFWHT	constant	ncl-contrib-sb-posix	3	no	Phase 3 contrib surface
SB-POSIX	S-IREAD	constant	ncl-contrib-sb-posix	3	no	Phase 3 contrib surface
SB-POSIX	S-IRGRP	constant	ncl-contrib-sb-posix	3	no	Phase 3 contrib surface
SB-POSIX	S-IROTH	constant	ncl-contrib-sb-posix	3	no	Phase 3 contrib surface
SB-POSIX	S-IRUSR	constant	ncl-contrib-sb-posix	3	no	Phase 3 contrib surface
SB-POSIX	S-ISBLK	function	ncl-contrib-sb-posix	3	no	Phase 3 contrib surface
SB-POSIX	S-ISCHR	function	ncl-contrib-sb-posix	3	no	Phase 3 contrib surface
SB-POSIX	S-ISDIR	function	ncl-contrib-sb-posix	3	no	Phase 3 contrib surface
SB-POSIX	S-ISFIFO	function	ncl-contrib-sb-posix	3	no	Phase 3 contrib surface
SB-POSIX	S-ISGID	constant	ncl-contrib-sb-posix	3	no	Phase 3 contrib surface
SB-POSIX	S-ISLNK	function	ncl-contrib-sb-posix	3	no	Phase 3 contrib surface
SB-POSIX	S-ISREG	function	ncl-contrib-sb-posix	3	no	Phase 3 contrib surface
SB-POSIX	S-ISSOCK	function	ncl-contrib-sb-posix	3	no	Phase 3 contrib surface
SB-POSIX	S-ISUID	constant	ncl-contrib-sb-posix	3	no	Phase 3 contrib surface
SB-POSIX	S-ISVTX	constant	ncl-contrib-sb-posix	3	no	Phase 3 contrib surface
SB-POSIX	S-IWGRP	constant	ncl-contrib-sb-posix	3	no	Phase 3 contrib surface
SB-POSIX	S-IWOTH	constant	ncl-contrib-sb-posix	3	no	Phase 3 contrib surface
SB-POSIX	S-IWRITE	constant	ncl-contrib-sb-posix	3	no	Phase 3 contrib surface
SB-POSIX	S-IWUSR	constant	ncl-contrib-sb-posix	3	no	Phase 3 contrib surface
SB-POSIX	S-IXGRP	constant	ncl-contrib-sb-posix	3	no	Phase 3 contrib surface
SB-POSIX	S-IXOTH	constant	ncl-contrib-sb-posix	3	no	Phase 3 contrib surface
SB-POSIX	S-IXUSR	constant	ncl-contrib-sb-posix	3	no	Phase 3 contrib surface
SB-POSIX	SEEK-CUR	constant	ncl-contrib-sb-posix	3	no	Phase 3 contrib surface
SB-POSIX	SEEK-END	constant	ncl-contrib-sb-posix	3	no	Phase 3 contrib surface
SB-POSIX	SEEK-SET	constant	ncl-contrib-sb-posix	3	no	Phase 3 contrib surface
SB-POSIX	SETEGID	function	ncl-contrib-sb-posix	3	no	Phase 3 contrib surface
SB-POSIX	SETENV	function	ncl-contrib-sb-posix	3	no	Phase 3 contrib surface
SB-POSIX	SETEUID	function	ncl-contrib-sb-posix	3	no	Phase 3 contrib surface
SB-POSIX	SETFSGID	other	ncl-contrib-sb-posix	3	no	Phase 3 contrib surface
SB-POSIX	SETFSUID	other	ncl-contrib-sb-posix	3	no	Phase 3 contrib surface
SB-POSIX	SETGID	function	ncl-contrib-sb-posix	3	no	Phase 3 contrib surface
SB-POSIX	SETPGID	function	ncl-contrib-sb-posix	3	no	Phase 3 contrib surface
SB-POSIX	SETPGRP	function	ncl-contrib-sb-posix	3	no	Phase 3 contrib surface
SB-POSIX	SETREGID	function	ncl-contrib-sb-posix	3	no	Phase 3 contrib surface
SB-POSIX	SETRESGID	other	ncl-contrib-sb-posix	3	no	Phase 3 contrib surface
SB-POSIX	SETRESUID	other	ncl-contrib-sb-posix	3	no	Phase 3 contrib surface
SB-POSIX	SETREUID	function	ncl-contrib-sb-posix	3	no	Phase 3 contrib surface
SB-POSIX	SETSID	function	ncl-contrib-sb-posix	3	no	Phase 3 contrib surface
SB-POSIX	SETUID	function	ncl-contrib-sb-posix	3	no	Phase 3 contrib surface
SB-POSIX	SIGABRT	constant	ncl-contrib-sb-posix	3	no	Phase 3 contrib surface
SB-POSIX	SIGALRM	constant	ncl-contrib-sb-posix	3	no	Phase 3 contrib surface
SB-POSIX	SIGBUS	constant	ncl-contrib-sb-posix	3	no	Phase 3 contrib surface
SB-POSIX	SIGCHLD	constant	ncl-contrib-sb-posix	3	no	Phase 3 contrib surface
SB-POSIX	SIGCONT	constant	ncl-contrib-sb-posix	3	no	Phase 3 contrib surface
SB-POSIX	SIGEMT	constant	ncl-contrib-sb-posix	3	no	Phase 3 contrib surface
SB-POSIX	SIGFPE	constant	ncl-contrib-sb-posix	3	no	Phase 3 contrib surface
SB-POSIX	SIGHUP	constant	ncl-contrib-sb-posix	3	no	Phase 3 contrib surface
SB-POSIX	SIGILL	constant	ncl-contrib-sb-posix	3	no	Phase 3 contrib surface
SB-POSIX	SIGINT	constant	ncl-contrib-sb-posix	3	no	Phase 3 contrib surface
SB-POSIX	SIGIO	constant	ncl-contrib-sb-posix	3	no	Phase 3 contrib surface
SB-POSIX	SIGKILL	constant	ncl-contrib-sb-posix	3	no	Phase 3 contrib surface
SB-POSIX	SIGPIPE	constant	ncl-contrib-sb-posix	3	no	Phase 3 contrib surface
SB-POSIX	SIGPROF	constant	ncl-contrib-sb-posix	3	no	Phase 3 contrib surface
SB-POSIX	SIGPWR	other	ncl-contrib-sb-posix	3	no	Phase 3 contrib surface
SB-POSIX	SIGQUIT	constant	ncl-contrib-sb-posix	3	no	Phase 3 contrib surface
SB-POSIX	SIGRTMAX	other	ncl-contrib-sb-posix	3	no	Phase 3 contrib surface
SB-POSIX	SIGRTMIN	other	ncl-contrib-sb-posix	3	no	Phase 3 contrib surface
SB-POSIX	SIGSEGV	constant	ncl-contrib-sb-posix	3	no	Phase 3 contrib surface
SB-POSIX	SIGSTOP	constant	ncl-contrib-sb-posix	3	no	Phase 3 contrib surface
SB-POSIX	SIGSYS	constant	ncl-contrib-sb-posix	3	no	Phase 3 contrib surface
SB-POSIX	SIGTERM	constant	ncl-contrib-sb-posix	3	no	Phase 3 contrib surface
SB-POSIX	SIGTRAP	constant	ncl-contrib-sb-posix	3	no	Phase 3 contrib surface
SB-POSIX	SIGTSTP	constant	ncl-contrib-sb-posix	3	no	Phase 3 contrib surface
SB-POSIX	SIGTTIN	constant	ncl-contrib-sb-posix	3	no	Phase 3 contrib surface
SB-POSIX	SIGTTOU	constant	ncl-contrib-sb-posix	3	no	Phase 3 contrib surface
SB-POSIX	SIGURG	constant	ncl-contrib-sb-posix	3	no	Phase 3 contrib surface
SB-POSIX	SIGUSR1	constant	ncl-contrib-sb-posix	3	no	Phase 3 contrib surface
SB-POSIX	SIGUSR2	constant	ncl-contrib-sb-posix	3	no	Phase 3 contrib surface
SB-POSIX	SIGVTALRM	constant	ncl-contrib-sb-posix	3	no	Phase 3 contrib surface
SB-POSIX	SIGWINCH	constant	ncl-contrib-sb-posix	3	no	Phase 3 contrib surface
SB-POSIX	SIGXCPU	constant	ncl-contrib-sb-posix	3	no	Phase 3 contrib surface
SB-POSIX	SIGXFSZ	constant	ncl-contrib-sb-posix	3	no	Phase 3 contrib surface
SB-POSIX	SPEED-T	other	ncl-contrib-sb-posix	3	no	Phase 3 contrib surface
SB-POSIX	STAT	class+function	ncl-contrib-sb-posix	3	no	Phase 3 contrib surface
SB-POSIX	STAT-ATIME	function	ncl-contrib-sb-posix	3	no	Phase 3 contrib surface
SB-POSIX	STAT-CTIME	function	ncl-contrib-sb-posix	3	no	Phase 3 contrib surface
SB-POSIX	STAT-DEV	function	ncl-contrib-sb-posix	3	no	Phase 3 contrib surface
SB-POSIX	STAT-GID	function	ncl-contrib-sb-posix	3	no	Phase 3 contrib surface
SB-POSIX	STAT-INO	function	ncl-contrib-sb-posix	3	no	Phase 3 contrib surface
SB-POSIX	STAT-MODE	function	ncl-contrib-sb-posix	3	no	Phase 3 contrib surface
SB-POSIX	STAT-MTIME	function	ncl-contrib-sb-posix	3	no	Phase 3 contrib surface
SB-POSIX	STAT-NLINK	function	ncl-contrib-sb-posix	3	no	Phase 3 contrib surface
SB-POSIX	STAT-RDEV	function	ncl-contrib-sb-posix	3	no	Phase 3 contrib surface
SB-POSIX	STAT-SIZE	function	ncl-contrib-sb-posix	3	no	Phase 3 contrib surface
SB-POSIX	STAT-UID	function	ncl-contrib-sb-posix	3	no	Phase 3 contrib surface
SB-POSIX	STRTOD	function	ncl-contrib-sb-posix	3	no	Phase 3 contrib surface
SB-POSIX	SYMLINK	function	ncl-contrib-sb-posix	3	no	Phase 3 contrib surface
SB-POSIX	SYNC	function	ncl-contrib-sb-posix	3	no	Phase 3 contrib surface
SB-POSIX	SYSCALL-ERRNO	function	ncl-contrib-sb-posix	3	no	Phase 3 contrib surface
SB-POSIX	SYSCALL-ERROR	condition+class+function	ncl-contrib-sb-posix	3	no	Phase 3 contrib surface
SB-POSIX	SYSCALL-NAME	function	ncl-contrib-sb-posix	3	no	Phase 3 contrib surface
SB-POSIX	SYSLOG	function	ncl-contrib-sb-posix	3	no	Phase 3 contrib surface
SB-POSIX	TAB0	constant	ncl-contrib-sb-posix	3	no	Phase 3 contrib surface
SB-POSIX	TAB1	constant	ncl-contrib-sb-posix	3	no	Phase 3 contrib surface
SB-POSIX	TAB2	constant	ncl-contrib-sb-posix	3	no	Phase 3 contrib surface
SB-POSIX	TAB3	constant	ncl-contrib-sb-posix	3	no	Phase 3 contrib surface
SB-POSIX	TABDLY	constant	ncl-contrib-sb-posix	3	no	Phase 3 contrib surface
SB-POSIX	TCDRAIN	function	ncl-contrib-sb-posix	3	no	Phase 3 contrib surface
SB-POSIX	TCFLAG-T	other	ncl-contrib-sb-posix	3	no	Phase 3 contrib surface
SB-POSIX	TCFLOW	function	ncl-contrib-sb-posix	3	no	Phase 3 contrib surface
SB-POSIX	TCFLUSH	function	ncl-contrib-sb-posix	3	no	Phase 3 contrib surface
SB-POSIX	TCGETATTR	function	ncl-contrib-sb-posix	3	no	Phase 3 contrib surface
SB-POSIX	TCGETSID	function	ncl-contrib-sb-posix	3	no	Phase 3 contrib surface
SB-POSIX	TCIFLUSH	constant	ncl-contrib-sb-posix	3	no	Phase 3 contrib surface
SB-POSIX	TCIOFF	constant	ncl-contrib-sb-posix	3	no	Phase 3 contrib surface
SB-POSIX	TCIOFLUSH	constant	ncl-contrib-sb-posix	3	no	Phase 3 contrib surface
SB-POSIX	TCION	constant	ncl-contrib-sb-posix	3	no	Phase 3 contrib surface
SB-POSIX	TCOFLUSH	constant	ncl-contrib-sb-posix	3	no	Phase 3 contrib surface
SB-POSIX	TCOOFF	constant	ncl-contrib-sb-posix	3	no	Phase 3 contrib surface
SB-POSIX	TCOON	constant	ncl-contrib-sb-posix	3	no	Phase 3 contrib surface
SB-POSIX	TCSADRAIN	constant	ncl-contrib-sb-posix	3	no	Phase 3 contrib surface
SB-POSIX	TCSAFLUSH	constant	ncl-contrib-sb-posix	3	no	Phase 3 contrib surface
SB-POSIX	TCSANOW	constant	ncl-contrib-sb-posix	3	no	Phase 3 contrib surface
SB-POSIX	TCSENDBREAK	function	ncl-contrib-sb-posix	3	no	Phase 3 contrib surface
SB-POSIX	TCSETATTR	function	ncl-contrib-sb-posix	3	no	Phase 3 contrib surface
SB-POSIX	TERMIOS	class	ncl-contrib-sb-posix	3	no	Phase 3 contrib surface
SB-POSIX	TERMIOS-CC	function	ncl-contrib-sb-posix	3	no	Phase 3 contrib surface
SB-POSIX	TERMIOS-CFLAG	function	ncl-contrib-sb-posix	3	no	Phase 3 contrib surface
SB-POSIX	TERMIOS-IFLAG	function	ncl-contrib-sb-posix	3	no	Phase 3 contrib surface
SB-POSIX	TERMIOS-LFLAG	function	ncl-contrib-sb-posix	3	no	Phase 3 contrib surface
SB-POSIX	TERMIOS-OFLAG	function	ncl-contrib-sb-posix	3	no	Phase 3 contrib surface
SB-POSIX	TIME	function	ncl-contrib-sb-posix	3	no	Phase 3 contrib surface
SB-POSIX	TIMEVAL	class	ncl-contrib-sb-posix	3	no	Phase 3 contrib surface
SB-POSIX	TIMEVAL-SEC	function	ncl-contrib-sb-posix	3	no	Phase 3 contrib surface
SB-POSIX	TIMEVAL-USEC	function	ncl-contrib-sb-posix	3	no	Phase 3 contrib surface
SB-POSIX	TOSTOP	constant	ncl-contrib-sb-posix	3	no	Phase 3 contrib surface
SB-POSIX	TRUNCATE	function	ncl-contrib-sb-posix	3	no	Phase 3 contrib surface
SB-POSIX	UMASK	function	ncl-contrib-sb-posix	3	no	Phase 3 contrib surface
SB-POSIX	UNLINK	function	ncl-contrib-sb-posix	3	no	Phase 3 contrib surface
SB-POSIX	UNSETENV	function	ncl-contrib-sb-posix	3	no	Phase 3 contrib surface
SB-POSIX	UTIME	function	ncl-contrib-sb-posix	3	no	Phase 3 contrib surface
SB-POSIX	UTIMES	function	ncl-contrib-sb-posix	3	no	Phase 3 contrib surface
SB-POSIX	VDISABLE	constant	ncl-contrib-sb-posix	3	no	Phase 3 contrib surface
SB-POSIX	VEOF	constant	ncl-contrib-sb-posix	3	no	Phase 3 contrib surface
SB-POSIX	VEOL	constant	ncl-contrib-sb-posix	3	no	Phase 3 contrib surface
SB-POSIX	VERASE	constant	ncl-contrib-sb-posix	3	no	Phase 3 contrib surface
SB-POSIX	VINTR	constant	ncl-contrib-sb-posix	3	no	Phase 3 contrib surface
SB-POSIX	VKILL	constant	ncl-contrib-sb-posix	3	no	Phase 3 contrib surface
SB-POSIX	VMIN	constant	ncl-contrib-sb-posix	3	no	Phase 3 contrib surface
SB-POSIX	VQUIT	constant	ncl-contrib-sb-posix	3	no	Phase 3 contrib surface
SB-POSIX	VSTART	constant	ncl-contrib-sb-posix	3	no	Phase 3 contrib surface
SB-POSIX	VSTOP	constant	ncl-contrib-sb-posix	3	no	Phase 3 contrib surface
SB-POSIX	VSUSP	constant	ncl-contrib-sb-posix	3	no	Phase 3 contrib surface
SB-POSIX	VT0	constant	ncl-contrib-sb-posix	3	no	Phase 3 contrib surface
SB-POSIX	VT1	constant	ncl-contrib-sb-posix	3	no	Phase 3 contrib surface
SB-POSIX	VTDLY	constant	ncl-contrib-sb-posix	3	no	Phase 3 contrib surface
SB-POSIX	VTIME	constant	ncl-contrib-sb-posix	3	no	Phase 3 contrib surface
SB-POSIX	W-OK	constant	ncl-contrib-sb-posix	3	no	Phase 3 contrib surface
SB-POSIX	WAIT	function	ncl-contrib-sb-posix	3	no	Phase 3 contrib surface
SB-POSIX	WAITPID	function	ncl-contrib-sb-posix	3	no	Phase 3 contrib surface
SB-POSIX	WEXITSTATUS	function	ncl-contrib-sb-posix	3	no	Phase 3 contrib surface
SB-POSIX	WIFCONTINUED	function	ncl-contrib-sb-posix	3	no	Phase 3 contrib surface
SB-POSIX	WIFEXITED	function	ncl-contrib-sb-posix	3	no	Phase 3 contrib surface
SB-POSIX	WIFSIGNALED	function	ncl-contrib-sb-posix	3	no	Phase 3 contrib surface
SB-POSIX	WIFSTOPPED	function	ncl-contrib-sb-posix	3	no	Phase 3 contrib surface
SB-POSIX	WNOHANG	constant	ncl-contrib-sb-posix	3	no	Phase 3 contrib surface
SB-POSIX	WRITE	function	ncl-contrib-sb-posix	3	no	Phase 3 contrib surface
SB-POSIX	WSTOPSIG	function	ncl-contrib-sb-posix	3	no	Phase 3 contrib surface
SB-POSIX	WTERMSIG	function	ncl-contrib-sb-posix	3	no	Phase 3 contrib surface
SB-POSIX	WUNTRACED	constant	ncl-contrib-sb-posix	3	no	Phase 3 contrib surface
SB-POSIX	X-OK	constant	ncl-contrib-sb-posix	3	no	Phase 3 contrib surface
SB-POSIX	_EXIT	function	ncl-contrib-sb-posix	3	no	Phase 3 contrib surface
SB-QUEUE	DEQUEUE	function	ncl-contrib-sb-queue	3	no	Phase 3 contrib surface
SB-QUEUE	ENQUEUE	function	ncl-contrib-sb-queue	3	no	Phase 3 contrib surface
SB-QUEUE	LIST-QUEUE-CONTENTS	function	ncl-contrib-sb-queue	3	no	Phase 3 contrib surface
SB-QUEUE	MAKE-QUEUE	function	ncl-contrib-sb-queue	3	no	Phase 3 contrib surface
SB-QUEUE	QUEUE	class	ncl-contrib-sb-queue	3	no	Phase 3 contrib surface
SB-QUEUE	QUEUE-COUNT	function	ncl-contrib-sb-queue	3	no	Phase 3 contrib surface
SB-QUEUE	QUEUE-EMPTY-P	function	ncl-contrib-sb-queue	3	no	Phase 3 contrib surface
SB-QUEUE	QUEUE-NAME	function	ncl-contrib-sb-queue	3	no	Phase 3 contrib surface
SB-QUEUE	QUEUEP	function	ncl-contrib-sb-queue	3	no	Phase 3 contrib surface
SB-ROTATE-BYTE	ROTATE-BYTE	function	ncl-contrib-sb-rotate-byte	3	no	Phase 3 contrib surface
SB-RT	*DO-TESTS-WHEN-DEFINED*	variable	ncl-contrib-sb-rt	3	no	Phase 3 contrib surface
SB-RT	*TEST*	variable	ncl-contrib-sb-rt	3	no	Phase 3 contrib surface
SB-RT	CONTINUE-TESTING	function	ncl-contrib-sb-rt	3	no	Phase 3 contrib surface
SB-RT	DEFTEST	macro	ncl-contrib-sb-rt	3	no	Phase 3 contrib surface
SB-RT	DO-TEST	function	ncl-contrib-sb-rt	3	no	Phase 3 contrib surface
SB-RT	DO-TESTS	function	ncl-contrib-sb-rt	3	no	Phase 3 contrib surface
SB-RT	GET-TEST	function	ncl-contrib-sb-rt	3	no	Phase 3 contrib surface
SB-RT	PENDING-TESTS	function	ncl-contrib-sb-rt	3	no	Phase 3 contrib surface
SB-RT	REM-ALL-TESTS	function	ncl-contrib-sb-rt	3	no	Phase 3 contrib surface
SB-RT	REM-TEST	function	ncl-contrib-sb-rt	3	no	Phase 3 contrib surface
SB-SIMPLE-STREAMS	*DEBUG-IO*	variable	ncl-contrib-sb-simple-streams	3	no	Phase 3 contrib surface
SB-SIMPLE-STREAMS	*ERROR-OUTPUT*	variable	ncl-contrib-sb-simple-streams	3	no	Phase 3 contrib surface
SB-SIMPLE-STREAMS	*QUERY-IO*	variable	ncl-contrib-sb-simple-streams	3	no	Phase 3 contrib surface
SB-SIMPLE-STREAMS	*STANDARD-INPUT*	variable	ncl-contrib-sb-simple-streams	3	no	Phase 3 contrib surface
SB-SIMPLE-STREAMS	*STANDARD-OUTPUT*	variable	ncl-contrib-sb-simple-streams	3	no	Phase 3 contrib surface
SB-SIMPLE-STREAMS	*TERMINAL-IO*	variable	ncl-contrib-sb-simple-streams	3	no	Phase 3 contrib surface
SB-SIMPLE-STREAMS	*TRACE-OUTPUT*	variable	ncl-contrib-sb-simple-streams	3	no	Phase 3 contrib surface
SB-SIMPLE-STREAMS	ADD-STREAM-INSTANCE-FLAGS	macro	ncl-contrib-sb-simple-streams	3	no	Phase 3 contrib surface
SB-SIMPLE-STREAMS	ANNOTATION-OUTPUT-SIMPLE-STREAM	class	ncl-contrib-sb-simple-streams	3	no	Phase 3 contrib surface
SB-SIMPLE-STREAMS	BUFFER-INPUT-SIMPLE-STREAM	class	ncl-contrib-sb-simple-streams	3	no	Phase 3 contrib surface
SB-SIMPLE-STREAMS	BUFFER-OUTPUT-SIMPLE-STREAM	class	ncl-contrib-sb-simple-streams	3	no	Phase 3 contrib surface
SB-SIMPLE-STREAMS	CHARPOS	function	ncl-contrib-sb-simple-streams	3	no	Phase 3 contrib surface
SB-SIMPLE-STREAMS	CLEAR-INPUT	function	ncl-contrib-sb-simple-streams	3	no	Phase 3 contrib surface
SB-SIMPLE-STREAMS	CLEAR-OUTPUT	function	ncl-contrib-sb-simple-streams	3	no	Phase 3 contrib surface
SB-SIMPLE-STREAMS	CLOSE	function	ncl-contrib-sb-simple-streams	3	no	Phase 3 contrib surface
SB-SIMPLE-STREAMS	COMPOSING-STREAM	class	ncl-contrib-sb-simple-streams	3	no	Phase 3 contrib surface
SB-SIMPLE-STREAMS	DEF-STREAM-CLASS	macro	ncl-contrib-sb-simple-streams	3	no	Phase 3 contrib surface
SB-SIMPLE-STREAMS	DEFAULT-OPEN-CLASS	other	ncl-contrib-sb-simple-streams	3	no	Phase 3 contrib surface
SB-SIMPLE-STREAMS	DEFINE-FILESPEC	macro	ncl-contrib-sb-simple-streams	3	no	Phase 3 contrib surface
SB-SIMPLE-STREAMS	DEVICE-BUFFER-LENGTH	function	ncl-contrib-sb-simple-streams	3	no	Phase 3 contrib surface
SB-SIMPLE-STREAMS	DEVICE-CLEAR-INPUT	function	ncl-contrib-sb-simple-streams	3	no	Phase 3 contrib surface
SB-SIMPLE-STREAMS	DEVICE-CLEAR-OUTPUT	function	ncl-contrib-sb-simple-streams	3	no	Phase 3 contrib surface
SB-SIMPLE-STREAMS	DEVICE-CLOSE	function	ncl-contrib-sb-simple-streams	3	no	Phase 3 contrib surface
SB-SIMPLE-STREAMS	DEVICE-EXTEND	other	ncl-contrib-sb-simple-streams	3	no	Phase 3 contrib surface
SB-SIMPLE-STREAMS	DEVICE-FILE-LENGTH	function	ncl-contrib-sb-simple-streams	3	no	Phase 3 contrib surface
SB-SIMPLE-STREAMS	DEVICE-FILE-POSITION	function	ncl-contrib-sb-simple-streams	3	no	Phase 3 contrib surface
SB-SIMPLE-STREAMS	DEVICE-FINISH-RECORD	function	ncl-contrib-sb-simple-streams	3	no	Phase 3 contrib surface
SB-SIMPLE-STREAMS	DEVICE-OPEN	function	ncl-contrib-sb-simple-streams	3	no	Phase 3 contrib surface
SB-SIMPLE-STREAMS	DEVICE-READ	function	ncl-contrib-sb-simple-streams	3	no	Phase 3 contrib surface
SB-SIMPLE-STREAMS	DEVICE-WRITE	function	ncl-contrib-sb-simple-streams	3	no	Phase 3 contrib surface
SB-SIMPLE-STREAMS	DIRECT-SIMPLE-STREAM	class	ncl-contrib-sb-simple-streams	3	no	Phase 3 contrib surface
SB-SIMPLE-STREAMS	DUAL-CHANNEL-SIMPLE-STREAM	class	ncl-contrib-sb-simple-streams	3	no	Phase 3 contrib surface
SB-SIMPLE-STREAMS	FILE-LENGTH	function	ncl-contrib-sb-simple-streams	3	no	Phase 3 contrib surface
SB-SIMPLE-STREAMS	FILE-POSITION	function	ncl-contrib-sb-simple-streams	3	no	Phase 3 contrib surface
SB-SIMPLE-STREAMS	FILE-SIMPLE-STREAM	class	ncl-contrib-sb-simple-streams	3	no	Phase 3 contrib surface
SB-SIMPLE-STREAMS	FILL-POINTER-OUTPUT-SIMPLE-STREAM	class	ncl-contrib-sb-simple-streams	3	no	Phase 3 contrib surface
SB-SIMPLE-STREAMS	FINISH-OUTPUT	function	ncl-contrib-sb-simple-streams	3	no	Phase 3 contrib surface
SB-SIMPLE-STREAMS	FORCE-OUTPUT	function	ncl-contrib-sb-simple-streams	3	no	Phase 3 contrib surface
SB-SIMPLE-STREAMS	FORMAT	function	ncl-contrib-sb-simple-streams	3	no	Phase 3 contrib surface
SB-SIMPLE-STREAMS	FRESH-LINE	function	ncl-contrib-sb-simple-streams	3	no	Phase 3 contrib surface
SB-SIMPLE-STREAMS	FUNCALL-STM-HANDLER	macro	ncl-contrib-sb-simple-streams	3	no	Phase 3 contrib surface
SB-SIMPLE-STREAMS	FUNCALL-STM-HANDLER-2	macro	ncl-contrib-sb-simple-streams	3	no	Phase 3 contrib surface
SB-SIMPLE-STREAMS	HIPER-SOCKET-SIMPLE-STREAM	other	ncl-contrib-sb-simple-streams	3	no	Phase 3 contrib surface
SB-SIMPLE-STREAMS	INPUT-STREAM-P	function	ncl-contrib-sb-simple-streams	3	no	Phase 3 contrib surface
SB-SIMPLE-STREAMS	INTERACTIVE-STREAM-P	function	ncl-contrib-sb-simple-streams	3	no	Phase 3 contrib surface
SB-SIMPLE-STREAMS	LIMITED-STRING-OUTPUT-SIMPLE-STREAM	other	ncl-contrib-sb-simple-streams	3	no	Phase 3 contrib surface
SB-SIMPLE-STREAMS	LINE-LENGTH	function	ncl-contrib-sb-simple-streams	3	no	Phase 3 contrib surface
SB-SIMPLE-STREAMS	LISTEN	function	ncl-contrib-sb-simple-streams	3	no	Phase 3 contrib surface
SB-SIMPLE-STREAMS	MAPPED-FILE-SIMPLE-STREAM	class	ncl-contrib-sb-simple-streams	3	no	Phase 3 contrib surface
SB-SIMPLE-STREAMS	NULL-SIMPLE-STREAM	class	ncl-contrib-sb-simple-streams	3	no	Phase 3 contrib surface
SB-SIMPLE-STREAMS	OPEN	function	ncl-contrib-sb-simple-streams	3	no	Phase 3 contrib surface
SB-SIMPLE-STREAMS	OPEN-STREAM-P	function	ncl-contrib-sb-simple-streams	3	no	Phase 3 contrib surface
SB-SIMPLE-STREAMS	OUTPUT-STREAM-P	function	ncl-contrib-sb-simple-streams	3	no	Phase 3 contrib surface
SB-SIMPLE-STREAMS	PARSE-FILESPEC	function	ncl-contrib-sb-simple-streams	3	no	Phase 3 contrib surface
SB-SIMPLE-STREAMS	PEEK-CHAR	function	ncl-contrib-sb-simple-streams	3	no	Phase 3 contrib surface
SB-SIMPLE-STREAMS	PPRINT	function	ncl-contrib-sb-simple-streams	3	no	Phase 3 contrib surface
SB-SIMPLE-STREAMS	PRIN1	function	ncl-contrib-sb-simple-streams	3	no	Phase 3 contrib surface
SB-SIMPLE-STREAMS	PRIN1-TO-STRING	function	ncl-contrib-sb-simple-streams	3	no	Phase 3 contrib surface
SB-SIMPLE-STREAMS	PRINC	function	ncl-contrib-sb-simple-streams	3	no	Phase 3 contrib surface
SB-SIMPLE-STREAMS	PRINC-TO-STRING	function	ncl-contrib-sb-simple-streams	3	no	Phase 3 contrib surface
SB-SIMPLE-STREAMS	PRINT	function	ncl-contrib-sb-simple-streams	3	no	Phase 3 contrib surface
SB-SIMPLE-STREAMS	PROBE-SIMPLE-STREAM	class	ncl-contrib-sb-simple-streams	3	no	Phase 3 contrib surface
SB-SIMPLE-STREAMS	READ	function	ncl-contrib-sb-simple-streams	3	no	Phase 3 contrib surface
SB-SIMPLE-STREAMS	READ-BYTE	function	ncl-contrib-sb-simple-streams	3	no	Phase 3 contrib surface
SB-SIMPLE-STREAMS	READ-CHAR	function	ncl-contrib-sb-simple-streams	3	no	Phase 3 contrib surface
SB-SIMPLE-STREAMS	READ-CHAR-NO-HANG	function	ncl-contrib-sb-simple-streams	3	no	Phase 3 contrib surface
SB-SIMPLE-STREAMS	READ-DELIMITED-LIST	function	ncl-contrib-sb-simple-streams	3	no	Phase 3 contrib surface
SB-SIMPLE-STREAMS	READ-FROM-STRING	function	ncl-contrib-sb-simple-streams	3	no	Phase 3 contrib surface
SB-SIMPLE-STREAMS	READ-LINE	function	ncl-contrib-sb-simple-streams	3	no	Phase 3 contrib surface
SB-SIMPLE-STREAMS	READ-OCTETS	function	ncl-contrib-sb-simple-streams	3	no	Phase 3 contrib surface
SB-SIMPLE-STREAMS	READ-PRESERVING-WHITESPACE	function	ncl-contrib-sb-simple-streams	3	no	Phase 3 contrib surface
SB-SIMPLE-STREAMS	READ-SEQUENCE	function	ncl-contrib-sb-simple-streams	3	no	Phase 3 contrib surface
SB-SIMPLE-STREAMS	READ-VECTOR	other	ncl-contrib-sb-simple-streams	3	no	Phase 3 contrib surface
SB-SIMPLE-STREAMS	REMOVE-STREAM-INSTANCE-FLAGS	macro	ncl-contrib-sb-simple-streams	3	no	Phase 3 contrib surface
SB-SIMPLE-STREAMS	SIMPLE-STREAM	class	ncl-contrib-sb-simple-streams	3	no	Phase 3 contrib surface
SB-SIMPLE-STREAMS	SINGLE-CHANNEL-SIMPLE-STREAM	class	ncl-contrib-sb-simple-streams	3	no	Phase 3 contrib surface
SB-SIMPLE-STREAMS	SM	macro	ncl-contrib-sb-simple-streams	3	no	Phase 3 contrib surface
SB-SIMPLE-STREAMS	SOCKET-BASE-SIMPLE-STREAM	class	ncl-contrib-sb-simple-streams	3	no	Phase 3 contrib surface
SB-SIMPLE-STREAMS	SOCKET-SIMPLE-STREAM	class	ncl-contrib-sb-simple-streams	3	no	Phase 3 contrib surface
SB-SIMPLE-STREAMS	STREAM	class	ncl-contrib-sb-simple-streams	3	no	Phase 3 contrib surface
SB-SIMPLE-STREAMS	STREAM-ELEMENT-TYPE	function	ncl-contrib-sb-simple-streams	3	no	Phase 3 contrib surface
SB-SIMPLE-STREAMS	STREAM-EXTERNAL-FORMAT	function	ncl-contrib-sb-simple-streams	3	no	Phase 3 contrib surface
SB-SIMPLE-STREAMS	STREAM-INPUT-HANDLE	function	ncl-contrib-sb-simple-streams	3	no	Phase 3 contrib surface
SB-SIMPLE-STREAMS	STREAM-OUTPUT-HANDLE	function	ncl-contrib-sb-simple-streams	3	no	Phase 3 contrib surface
SB-SIMPLE-STREAMS	STREAM-PLIST	function	ncl-contrib-sb-simple-streams	3	no	Phase 3 contrib surface
SB-SIMPLE-STREAMS	STREAMP	function	ncl-contrib-sb-simple-streams	3	no	Phase 3 contrib surface
SB-SIMPLE-STREAMS	STRING-INPUT-SIMPLE-STREAM	class	ncl-contrib-sb-simple-streams	3	no	Phase 3 contrib surface
SB-SIMPLE-STREAMS	STRING-OUTPUT-SIMPLE-STREAM	class	ncl-contrib-sb-simple-streams	3	no	Phase 3 contrib surface
SB-SIMPLE-STREAMS	STRING-SIMPLE-STREAM	class	ncl-contrib-sb-simple-streams	3	no	Phase 3 contrib surface
SB-SIMPLE-STREAMS	TERMINAL-SIMPLE-STREAM	class	ncl-contrib-sb-simple-streams	3	no	Phase 3 contrib surface
SB-SIMPLE-STREAMS	TERPRI	function	ncl-contrib-sb-simple-streams	3	no	Phase 3 contrib surface
SB-SIMPLE-STREAMS	UNREAD-CHAR	function	ncl-contrib-sb-simple-streams	3	no	Phase 3 contrib surface
SB-SIMPLE-STREAMS	WAIT-FOR-INPUT-AVAILABLE	function	ncl-contrib-sb-simple-streams	3	no	Phase 3 contrib surface
SB-SIMPLE-STREAMS	WITH-OPEN-FILE	macro	ncl-contrib-sb-simple-streams	3	no	Phase 3 contrib surface
SB-SIMPLE-STREAMS	WITH-OPEN-STREAM	macro	ncl-contrib-sb-simple-streams	3	no	Phase 3 contrib surface
SB-SIMPLE-STREAMS	WITH-STREAM-CLASS	macro	ncl-contrib-sb-simple-streams	3	no	Phase 3 contrib surface
SB-SIMPLE-STREAMS	WRITE	function	ncl-contrib-sb-simple-streams	3	no	Phase 3 contrib surface
SB-SIMPLE-STREAMS	WRITE-BYTE	function	ncl-contrib-sb-simple-streams	3	no	Phase 3 contrib surface
SB-SIMPLE-STREAMS	WRITE-CHAR	function	ncl-contrib-sb-simple-streams	3	no	Phase 3 contrib surface
SB-SIMPLE-STREAMS	WRITE-LINE	function	ncl-contrib-sb-simple-streams	3	no	Phase 3 contrib surface
SB-SIMPLE-STREAMS	WRITE-OCTETS	function	ncl-contrib-sb-simple-streams	3	no	Phase 3 contrib surface
SB-SIMPLE-STREAMS	WRITE-SEQUENCE	function	ncl-contrib-sb-simple-streams	3	no	Phase 3 contrib surface
SB-SIMPLE-STREAMS	WRITE-STRING	function	ncl-contrib-sb-simple-streams	3	no	Phase 3 contrib surface
SB-SIMPLE-STREAMS	WRITE-TO-STRING	function	ncl-contrib-sb-simple-streams	3	no	Phase 3 contrib surface
SB-SIMPLE-STREAMS	WRITE-VECTOR	other	ncl-contrib-sb-simple-streams	3	no	Phase 3 contrib surface
SB-SIMPLE-STREAMS	XP-SIMPLE-STREAM	class	ncl-contrib-sb-simple-streams	3	no	Phase 3 contrib surface
SB-SPROF	*MAX-SAMPLES*	variable	ncl-contrib-sb-sprof	3	no	Phase 3 contrib surface
SB-SPROF	*REPORT-SORT-BY*	variable	ncl-contrib-sb-sprof	3	no	Phase 3 contrib surface
SB-SPROF	*REPORT-SORT-ORDER*	variable	ncl-contrib-sb-sprof	3	no	Phase 3 contrib surface
SB-SPROF	*SAMPLE-INTERVAL*	variable	ncl-contrib-sb-sprof	3	no	Phase 3 contrib surface
SB-SPROF	MAP-TRACES	function	ncl-contrib-sb-sprof	3	no	Phase 3 contrib surface
SB-SPROF	PROFILE-CALL-COUNTS	function	ncl-contrib-sb-sprof	3	no	Phase 3 contrib surface
SB-SPROF	REPORT	function	ncl-contrib-sb-sprof	3	no	Phase 3 contrib surface
SB-SPROF	RESET	function	ncl-contrib-sb-sprof	3	no	Phase 3 contrib surface
SB-SPROF	SAMPLE-PC	function	ncl-contrib-sb-sprof	3	no	Phase 3 contrib surface
SB-SPROF	START-PROFILING	function	ncl-contrib-sb-sprof	3	no	Phase 3 contrib surface
SB-SPROF	START-SAMPLING	function	ncl-contrib-sb-sprof	3	no	Phase 3 contrib surface
SB-SPROF	STOP-PROFILING	function	ncl-contrib-sb-sprof	3	no	Phase 3 contrib surface
SB-SPROF	STOP-SAMPLING	function	ncl-contrib-sb-sprof	3	no	Phase 3 contrib surface
SB-SPROF	UNPROFILE-CALL-COUNTS	function	ncl-contrib-sb-sprof	3	no	Phase 3 contrib surface
SB-SPROF	WITH-PROFILING	macro	ncl-contrib-sb-sprof	3	no	Phase 3 contrib surface
SB-SPROF	WITH-SAMPLING	macro	ncl-contrib-sb-sprof	3	no	Phase 3 contrib surface
SB-SYS	%PRIMITIVE	special-operator	ncl-compiler-front	1	no	reclassified by subsystem ownership rule
SB-SYS	%STANDARD-CHAR-P	function	ncl-lib-strings	1	no	reclassified by subsystem ownership rule
SB-SYS	*ALLOW-WITH-INTERRUPTS*	variable	ncl-threads	1	no	reclassified by subsystem ownership rule
SB-SYS	*EXIT-ERROR-HANDLER*	variable	ncl-object	1	no	SB-SYS low-level object support
SB-SYS	*EXIT-IN-PROGRESS*	variable	ncl-object	1	no	SB-SYS low-level object support
SB-SYS	*INTERRUPT-PENDING*	variable	ncl-threads	1	no	reclassified by subsystem ownership rule
SB-SYS	*INTERRUPTS-ENABLED*	variable	ncl-threads	1	no	reclassified by subsystem ownership rule
SB-SYS	*LINKAGE-INFO*	variable	ncl-object	1	no	SB-SYS low-level runtime/object support
SB-SYS	*LONG-SITE-NAME*	variable	ncl-runtime	2	no	Phase 2 implementation-environment integration
SB-SYS	*MACHINE-VERSION*	other	ncl-runtime	2	no	Phase 2 implementation-environment integration
SB-SYS	*PERIODIC-POLLING-FUNCTION*	variable	ncl-threads	1	no	reclassified by subsystem ownership rule
SB-SYS	*PERIODIC-POLLING-PERIOD*	variable	ncl-threads	1	no	reclassified by subsystem ownership rule
SB-SYS	*RUNTIME-DLHANDLE*	variable	ncl-ffi	1	no	reclassified by subsystem ownership rule
SB-SYS	*SHARED-OBJECTS*	variable	ncl-ffi	1	no	reclassified by subsystem ownership rule
SB-SYS	*SHORT-SITE-NAME*	variable	ncl-runtime	2	no	Phase 2 implementation-environment integration
SB-SYS	*STDERR*	variable	ncl-lib-streams	1	no	reclassified by subsystem ownership rule
SB-SYS	*STDIN*	variable	ncl-lib-streams	1	no	reclassified by subsystem ownership rule
SB-SYS	*STDOUT*	variable	ncl-lib-streams	1	no	reclassified by subsystem ownership rule
SB-SYS	*TTY*	variable	ncl-lib-streams	1	no	reclassified by subsystem ownership rule
SB-SYS	ADD-FD-HANDLER	function	ncl-lib-streams	1	no	reclassified by subsystem ownership rule
SB-SYS	ALLOCATE-SYSTEM-MEMORY	function	ncl-ffi	1	no	SB-SYS alien/memory primitive
SB-SYS	ALLOW-WITH-INTERRUPTS	macro	ncl-threads	1	no	reclassified by subsystem ownership rule
SB-SYS	BEEP	function	ncl-lib-streams	1	no	reclassified by subsystem ownership rule
SB-SYS	BREAKPOINT-ERROR	condition+class	ncl-conditions	1	no	reclassified by subsystem ownership rule
SB-SYS	CANCEL-DEADLINE	function	ncl-threads	1	no	reclassified by subsystem ownership rule
SB-SYS	CLOSE-SHARED-OBJECTS	function	ncl-lib-streams	1	no	reclassified by subsystem ownership rule
SB-SYS	DEADLINE-TIMEOUT	condition+class	ncl-conditions	1	no	condition class and accessors
SB-SYS	DEALLOCATE-SYSTEM-MEMORY	function	ncl-ffi	1	no	SB-SYS alien/memory primitive
SB-SYS	DECODE-INTERNAL-TIME	function	ncl-lib-numbers	1	no	reclassified by subsystem ownership rule
SB-SYS	DECODE-TIMEOUT	function	ncl-threads	1	no	reclassified by subsystem ownership rule
SB-SYS	DEFER-DEADLINE	function	ncl-threads	1	no	reclassified by subsystem ownership rule
SB-SYS	DLOPEN-OR-LOSE	function	ncl-ffi	1	no	reclassified by subsystem ownership rule
SB-SYS	ELAPSED-CYCLES	function	ncl-lib-numbers	1	no	reclassified by subsystem ownership rule
SB-SYS	ENABLE-INTERRUPT	function	ncl-threads	1	no	reclassified by subsystem ownership rule
SB-SYS	EXIT-CODE	type	ncl-object	1	no	SB-SYS low-level object support
SB-SYS	EXTERN-ALIEN-NAME	function	ncl-ffi	1	no	SB-SYS alien/memory primitive
SB-SYS	FD-STREAM	class	ncl-lib-streams	1	no	reclassified by subsystem ownership rule
SB-SYS	FD-STREAM-FD	function	ncl-lib-streams	1	no	reclassified by subsystem ownership rule
SB-SYS	FD-STREAM-P	function	ncl-lib-streams	1	no	reclassified by subsystem ownership rule
SB-SYS	FIND-DYNAMIC-FOREIGN-SYMBOL-ADDRESS	function	ncl-ffi	1	no	SB-SYS alien/memory primitive
SB-SYS	FIND-FOREIGN-SYMBOL-ADDRESS	function	ncl-ffi	1	no	SB-SYS alien/memory primitive
SB-SYS	FOREIGN-SYMBOL-ADDRESS	function	ncl-ffi	1	no	SB-SYS alien/memory primitive
SB-SYS	FOREIGN-SYMBOL-DATAREF-SAP	other	ncl-ffi	1	no	SB-SYS alien/memory primitive
SB-SYS	FOREIGN-SYMBOL-SAP	function	ncl-ffi	1	no	SB-SYS alien/memory primitive
SB-SYS	GET-MACHINE-VERSION	function	ncl-runtime	2	no	Phase 2 implementation-environment integration
SB-SYS	GET-SYSTEM-INFO	function	ncl-object	1	no	SB-SYS low-level object support
SB-SYS	IN-INTERRUPTION	macro	ncl-threads	1	no	reclassified by subsystem ownership rule
SB-SYS	INT-SAP	function	ncl-ffi	1	no	SB-SYS alien/memory primitive
SB-SYS	INTERACTIVE-INTERRUPT	condition+class	ncl-conditions	1	no	condition class and accessors
SB-SYS	INVALIDATE-DESCRIPTOR	function	ncl-ffi	1	no	reclassified by subsystem ownership rule
SB-SYS	INVOKE-INTERRUPTION	function	ncl-threads	1	no	reclassified by subsystem ownership rule
SB-SYS	IO-TIMEOUT	condition+class	ncl-conditions	1	no	condition class and accessors
SB-SYS	MACRO	other	ncl-compiler-front	1	no	reclassified by subsystem ownership rule
SB-SYS	MAKE-FD-STREAM	function	ncl-lib-streams	1	no	reclassified by subsystem ownership rule
SB-SYS	MEMMOVE	function	ncl-ffi	1	no	reclassified by subsystem ownership rule
SB-SYS	MEMORY-FAULT-ERROR	condition+class+function	ncl-conditions	1	no	condition class and accessors
SB-SYS	NLX-PROTECT	special-operator	ncl-compiler-front	1	no	reclassified by subsystem ownership rule
SB-SYS	OS-COLD-INIT-OR-REINIT	function	ncl-image	1	no	OS image lifecycle integration
SB-SYS	OS-CONTEXT-T	other	ncl-object	1	no	SB-SYS low-level runtime/object support
SB-SYS	OS-DEINIT	function	ncl-image	1	no	OS image lifecycle integration
SB-SYS	OS-EXIT	function	ncl-image	1	no	OS image lifecycle integration
SB-SYS	READ-CYCLE-COUNTER	function	ncl-lib-numbers	1	no	reclassified by subsystem ownership rule
SB-SYS	READ-N-BYTES	function	ncl-lib-streams	1	no	reclassified by subsystem ownership rule
SB-SYS	REMOVE-FD-HANDLER	function	ncl-lib-streams	1	no	reclassified by subsystem ownership rule
SB-SYS	REOPEN-SHARED-OBJECTS	function	ncl-lib-streams	1	no	reclassified by subsystem ownership rule
SB-SYS	SAP+	function	ncl-ffi	1	no	SB-SYS alien/memory primitive
SB-SYS	SAP-	function	ncl-ffi	1	no	SB-SYS alien/memory primitive
SB-SYS	SAP-FOREIGN-SYMBOL	function	ncl-ffi	1	no	SB-SYS alien/memory primitive
SB-SYS	SAP-INT	function	ncl-ffi	1	no	SB-SYS alien/memory primitive
SB-SYS	SAP-REF-16	function	ncl-ffi	1	no	SB-SYS alien/memory primitive
SB-SYS	SAP-REF-32	function	ncl-ffi	1	no	SB-SYS alien/memory primitive
SB-SYS	SAP-REF-64	function	ncl-ffi	1	no	SB-SYS alien/memory primitive
SB-SYS	SAP-REF-8	function	ncl-ffi	1	no	SB-SYS alien/memory primitive
SB-SYS	SAP-REF-DOUBLE	function	ncl-ffi	1	no	SB-SYS alien/memory primitive
SB-SYS	SAP-REF-LISPOBJ	function	ncl-ffi	1	no	SB-SYS alien/memory primitive
SB-SYS	SAP-REF-LONG	other	ncl-ffi	1	no	SB-SYS alien/memory primitive
SB-SYS	SAP-REF-SAP	function	ncl-ffi	1	no	SB-SYS alien/memory primitive
SB-SYS	SAP-REF-SINGLE	function	ncl-ffi	1	no	SB-SYS alien/memory primitive
SB-SYS	SAP-REF-WORD	function	ncl-ffi	1	no	SB-SYS alien/memory primitive
SB-SYS	SAP<	function	ncl-ffi	1	no	SB-SYS alien/memory primitive
SB-SYS	SAP<=	function	ncl-ffi	1	no	SB-SYS alien/memory primitive
SB-SYS	SAP=	function	ncl-ffi	1	no	SB-SYS alien/memory primitive
SB-SYS	SAP>	function	ncl-ffi	1	no	SB-SYS alien/memory primitive
SB-SYS	SAP>=	function	ncl-ffi	1	no	SB-SYS alien/memory primitive
SB-SYS	SCRUB-CONTROL-STACK	function	ncl-object	1	no	SB-SYS low-level runtime/object support
SB-SYS	SERVE-ALL-EVENTS	function	ncl-lib-streams	1	no	reclassified by subsystem ownership rule
SB-SYS	SERVE-EVENT	function	ncl-lib-streams	1	no	reclassified by subsystem ownership rule
SB-SYS	SIGNAL-DEADLINE	function	ncl-threads	1	no	reclassified by subsystem ownership rule
SB-SYS	SIGNED-SAP-REF-16	function	ncl-ffi	1	no	SB-SYS alien/memory primitive
SB-SYS	SIGNED-SAP-REF-32	function	ncl-ffi	1	no	SB-SYS alien/memory primitive
SB-SYS	SIGNED-SAP-REF-64	function	ncl-ffi	1	no	SB-SYS alien/memory primitive
SB-SYS	SIGNED-SAP-REF-8	function	ncl-ffi	1	no	SB-SYS alien/memory primitive
SB-SYS	SIGNED-SAP-REF-WORD	function	ncl-ffi	1	no	SB-SYS alien/memory primitive
SB-SYS	SYSTEM-AREA-POINTER	class	ncl-ffi	1	no	SB-SYS alien/memory primitive
SB-SYS	SYSTEM-AREA-POINTER-P	function	ncl-ffi	1	no	SB-SYS alien/memory primitive
SB-SYS	SYSTEM-CONDITION	condition+class	ncl-conditions	1	no	reclassified by subsystem ownership rule
SB-SYS	SYSTEM-CONDITION-ADDRESS	function	ncl-conditions	1	no	reclassified by subsystem ownership rule
SB-SYS	SYSTEM-CONDITION-CONTEXT	function	ncl-conditions	1	no	reclassified by subsystem ownership rule
SB-SYS	SYSTEM-INTERNAL-RUN-TIME	function	ncl-lib-numbers	1	no	reclassified by subsystem ownership rule
SB-SYS	UPDATE-ALIEN-LINKAGE-TABLE	function	ncl-ffi	1	no	SB-SYS alien/memory primitive
SB-SYS	VECTOR-SAP	function	ncl-ffi	1	no	SB-SYS alien/memory primitive
SB-SYS	WAIT-UNTIL-FD-USABLE	function	ncl-lib-streams	1	no	reclassified by subsystem ownership rule
SB-SYS	WITH-CODE-PAGES-PINNED	macro	ncl-object	1	no	reclassified by subsystem ownership rule
SB-SYS	WITH-DEADLINE	macro	ncl-threads	1	no	reclassified by subsystem ownership rule
SB-SYS	WITH-FD-HANDLER	macro	ncl-lib-streams	1	no	reclassified by subsystem ownership rule
SB-SYS	WITH-INTERRUPT-BINDINGS	macro	ncl-threads	1	no	reclassified by subsystem ownership rule
SB-SYS	WITH-INTERRUPTS	macro	ncl-threads	1	no	reclassified by subsystem ownership rule
SB-SYS	WITH-LOCAL-INTERRUPTS	macro	ncl-threads	1	no	reclassified by subsystem ownership rule
SB-SYS	WITH-PINNED-OBJECTS	macro	ncl-object	1	no	reclassified by subsystem ownership rule
SB-SYS	WITHOUT-GCING	macro	ncl-object	1	no	reclassified by subsystem ownership rule
SB-SYS	WITHOUT-INTERRUPTS	macro	ncl-threads	1	no	reclassified by subsystem ownership rule
SB-THREAD	%DISPOSE-THREAD-STRUCTS	function	ncl-threads	1	no	SB-THREAD API
SB-THREAD	%THREAD-LOCAL-REFERENCES	function	ncl-threads	1	no	SB-THREAD API
SB-THREAD	*CURRENT-THREAD*	variable	ncl-threads	1	no	SB-THREAD API
SB-THREAD	*INTERRUPT-HANDLER*	variable	ncl-threads	1	no	SB-THREAD API
SB-THREAD	ABORT-THREAD	function	ncl-threads	1	no	SB-THREAD API
SB-THREAD	ALLOCATOR-HISTOGRAM	function	ncl-threads	1	no	SB-THREAD API
SB-THREAD	AVL-FIND<=	function	ncl-threads	1	no	SB-THREAD API
SB-THREAD	AVL-FIND>=	function	ncl-threads	1	no	SB-THREAD API
SB-THREAD	AVLTREE-LIST	function	ncl-threads	1	no	SB-THREAD API
SB-THREAD	BARRIER	macro	ncl-threads	1	no	SB-THREAD API
SB-THREAD	CLEAR-SEMAPHORE-NOTIFICATION	function	ncl-threads	1	no	SB-THREAD API
SB-THREAD	CONDITION-BROADCAST	function	ncl-threads	1	no	SB-THREAD API
SB-THREAD	CONDITION-NOTIFY	function	ncl-threads	1	no	SB-THREAD API
SB-THREAD	CONDITION-WAIT	function	ncl-threads	1	no	SB-THREAD API
SB-THREAD	CURRENT-THREAD-SAP	function	ncl-threads	1	no	SB-THREAD API
SB-THREAD	DESTROY-THREAD	function	ncl-threads	1	no	SB-THREAD API
SB-THREAD	FOREIGN-THREAD	class	ncl-threads	1	no	SB-THREAD API
SB-THREAD	FUTEX-WAKE	function	ncl-threads	1	no	SB-THREAD API
SB-THREAD	GET-FOREGROUND	function	ncl-threads	1	no	SB-THREAD API
SB-THREAD	GET-MUTEX	function	ncl-threads	1	no	SB-THREAD API
SB-THREAD	GET-SPINLOCK	function	ncl-threads	1	no	SB-THREAD API
SB-THREAD	GRAB-MUTEX	function	ncl-threads	1	no	SB-THREAD API
SB-THREAD	HOLDING-MUTEX-P	function	ncl-threads	1	no	SB-THREAD API
SB-THREAD	INTERRUPT-THREAD	function	ncl-threads	1	no	SB-THREAD API
SB-THREAD	INTERRUPT-THREAD-ERROR	condition+class	ncl-conditions	1	no	condition class and accessors
SB-THREAD	INTERRUPT-THREAD-ERROR-THREAD	function	ncl-threads	1	no	SB-THREAD API
SB-THREAD	JOIN-THREAD	function	ncl-threads	1	no	SB-THREAD API
SB-THREAD	JOIN-THREAD-ERROR	condition+class	ncl-conditions	1	no	condition class and accessors
SB-THREAD	JOIN-THREAD-ERROR-THREAD	function	ncl-threads	1	no	SB-THREAD API
SB-THREAD	JOIN-THREAD-PROBLEM	function	ncl-threads	1	no	SB-THREAD API
SB-THREAD	LIST-ALL-THREADS	function	ncl-threads	1	no	SB-THREAD API
SB-THREAD	MAIN-THREAD	function	ncl-threads	1	no	SB-THREAD API
SB-THREAD	MAIN-THREAD-P	function	ncl-threads	1	no	SB-THREAD API
SB-THREAD	MAKE-LISTENER-THREAD	function	ncl-threads	1	no	SB-THREAD API
SB-THREAD	MAKE-MUTEX	function	ncl-threads	1	no	SB-THREAD API
SB-THREAD	MAKE-RWLOCK	function	ncl-threads	1	no	SB-THREAD API
SB-THREAD	MAKE-SEMAPHORE	function	ncl-threads	1	no	SB-THREAD API
SB-THREAD	MAKE-SEMAPHORE-NOTIFICATION	function	ncl-threads	1	no	SB-THREAD API
SB-THREAD	MAKE-THREAD	function	ncl-threads	1	no	SB-THREAD API
SB-THREAD	MAKE-WAITQUEUE	function	ncl-threads	1	no	SB-THREAD API
SB-THREAD	MUTEX	class	ncl-threads	1	no	SB-THREAD API
SB-THREAD	MUTEX-NAME	function	ncl-threads	1	no	SB-THREAD API
SB-THREAD	MUTEX-OWNER	function	ncl-threads	1	no	SB-THREAD API
SB-THREAD	MUTEX-VALUE	function	ncl-threads	1	no	SB-THREAD API
SB-THREAD	PRINT-ALLOCATOR-HISTOGRAM	function	ncl-threads	1	no	SB-THREAD API
SB-THREAD	RELEASE-FOREGROUND	function	ncl-threads	1	no	SB-THREAD API
SB-THREAD	RELEASE-MUTEX	function	ncl-threads	1	no	SB-THREAD API
SB-THREAD	RELEASE-SPINLOCK	function	ncl-threads	1	no	SB-THREAD API
SB-THREAD	RESET-ALLOCATOR-HISTOGRAM	function	ncl-threads	1	no	SB-THREAD API
SB-THREAD	RETURN-FROM-THREAD	macro	ncl-threads	1	no	SB-THREAD API
SB-THREAD	RWLOCK-RDLOCK	function	ncl-threads	1	no	SB-THREAD API
SB-THREAD	RWLOCK-UNLOCK	function	ncl-threads	1	no	SB-THREAD API
SB-THREAD	RWLOCK-WRLOCK	function	ncl-threads	1	no	SB-THREAD API
SB-THREAD	SEMAPHORE	class	ncl-threads	1	no	SB-THREAD API
SB-THREAD	SEMAPHORE-COUNT	function	ncl-threads	1	no	SB-THREAD API
SB-THREAD	SEMAPHORE-NAME	function	ncl-threads	1	no	SB-THREAD API
SB-THREAD	SEMAPHORE-NOTIFICATION	class	ncl-threads	1	no	SB-THREAD API
SB-THREAD	SEMAPHORE-NOTIFICATION-STATUS	function	ncl-threads	1	no	SB-THREAD API
SB-THREAD	SIGNAL-SEMAPHORE	function	ncl-threads	1	no	SB-THREAD API
SB-THREAD	SPINLOCK	type	ncl-threads	1	no	SB-THREAD API
SB-THREAD	SYMBOL-VALUE-IN-THREAD	function	ncl-threads	1	no	SB-THREAD API
SB-THREAD	SYMBOL-VALUE-IN-THREAD-ERROR	condition+class	ncl-conditions	1	no	condition class and accessors
SB-THREAD	TERMINATE-THREAD	function	ncl-threads	1	no	SB-THREAD API
SB-THREAD	THREAD	class	ncl-threads	1	no	SB-THREAD API
SB-THREAD	THREAD-ALIVE-P	function	ncl-threads	1	no	SB-THREAD API
SB-THREAD	THREAD-DEADLOCK	condition+class	ncl-conditions	1	no	condition class and accessors
SB-THREAD	THREAD-DEADLOCK-CYCLE	function	ncl-threads	1	no	SB-THREAD API
SB-THREAD	THREAD-EPHEMERAL-P	function	ncl-threads	1	no	SB-THREAD API
SB-THREAD	THREAD-ERROR	condition+class	ncl-conditions	1	no	condition class and accessors
SB-THREAD	THREAD-ERROR-THREAD	function	ncl-threads	1	no	SB-THREAD API
SB-THREAD	THREAD-NAME	function	ncl-threads	1	no	SB-THREAD API
SB-THREAD	THREAD-OS-TID	function	ncl-threads	1	no	SB-THREAD API
SB-THREAD	THREAD-YIELD	function	ncl-threads	1	no	SB-THREAD API
SB-THREAD	TRY-SEMAPHORE	function	ncl-threads	1	no	SB-THREAD API
SB-THREAD	WAIT-ON-SEMAPHORE	function	ncl-threads	1	no	SB-THREAD API
SB-THREAD	WAITQUEUE	class	ncl-threads	1	no	SB-THREAD API
SB-THREAD	WAITQUEUE-NAME	function	ncl-threads	1	no	SB-THREAD API
SB-THREAD	WITH-MUTEX	macro	ncl-threads	1	no	SB-THREAD API
SB-THREAD	WITH-NEW-SESSION	macro	ncl-threads	1	no	SB-THREAD API
SB-THREAD	WITH-RECURSIVE-LOCK	macro	ncl-threads	1	no	SB-THREAD API
SB-THREAD	WITH-SESSION-LOCK	macro	ncl-threads	1	no	SB-THREAD API
SB-THREAD	WITH-SPINLOCK	macro	ncl-threads	1	no	SB-THREAD API
SB-THREAD	WITH-TLS-LOCK	macro	ncl-threads	1	no	SB-THREAD API
SB-UNICODE	AGE	function	ncl-lib-strings	1	no	SB-UNICODE character/string API
SB-UNICODE	ALPHABETIC-P	function	ncl-lib-strings	1	no	SB-UNICODE character/string API
SB-UNICODE	BIDI-CLASS	function	ncl-lib-strings	1	no	SB-UNICODE character/string API
SB-UNICODE	BIDI-MIRRORING-GLYPH	function	ncl-lib-strings	1	no	SB-UNICODE character/string API
SB-UNICODE	CASE-IGNORABLE-P	function	ncl-lib-strings	1	no	SB-UNICODE character/string API
SB-UNICODE	CASED-P	function	ncl-lib-strings	1	no	SB-UNICODE character/string API
SB-UNICODE	CASEFOLD	function	ncl-lib-strings	1	no	SB-UNICODE character/string API
SB-UNICODE	CHAR-BLOCK	function	ncl-lib-strings	1	no	SB-UNICODE character/string API
SB-UNICODE	COMBINING-CLASS	function	ncl-lib-strings	1	no	SB-UNICODE character/string API
SB-UNICODE	CONFUSABLE-P	function	ncl-lib-strings	1	no	SB-UNICODE character/string API
SB-UNICODE	DECIMAL-VALUE	function	ncl-lib-strings	1	no	SB-UNICODE character/string API
SB-UNICODE	DEFAULT-IGNORABLE-P	function	ncl-lib-strings	1	no	SB-UNICODE character/string API
SB-UNICODE	DIGIT-VALUE	function	ncl-lib-strings	1	no	SB-UNICODE character/string API
SB-UNICODE	EAST-ASIAN-WIDTH	function	ncl-lib-strings	1	no	SB-UNICODE character/string API
SB-UNICODE	GENERAL-CATEGORY	function	ncl-lib-strings	1	no	SB-UNICODE character/string API
SB-UNICODE	GRAPHEME-BREAK-CLASS	function	ncl-lib-strings	1	no	SB-UNICODE character/string API
SB-UNICODE	GRAPHEMES	function	ncl-lib-strings	1	no	SB-UNICODE character/string API
SB-UNICODE	HANGUL-SYLLABLE-TYPE	function	ncl-lib-strings	1	no	SB-UNICODE character/string API
SB-UNICODE	HEX-DIGIT-P	function	ncl-lib-strings	1	no	SB-UNICODE character/string API
SB-UNICODE	IDEOGRAPHIC-P	function	ncl-lib-strings	1	no	SB-UNICODE character/string API
SB-UNICODE	LINE-BREAK-CLASS	function	ncl-lib-strings	1	no	SB-UNICODE character/string API
SB-UNICODE	LINES	function	ncl-lib-strings	1	no	SB-UNICODE character/string API
SB-UNICODE	LOWERCASE	function	ncl-lib-strings	1	no	SB-UNICODE character/string API
SB-UNICODE	LOWERCASE-P	function	ncl-lib-strings	1	no	SB-UNICODE character/string API
SB-UNICODE	MATH-P	function	ncl-lib-strings	1	no	SB-UNICODE character/string API
SB-UNICODE	MIRRORED-P	function	ncl-lib-strings	1	no	SB-UNICODE character/string API
SB-UNICODE	NORMALIZE-STRING	function	ncl-lib-strings	1	no	SB-UNICODE character/string API
SB-UNICODE	NORMALIZED-P	function	ncl-lib-strings	1	no	SB-UNICODE character/string API
SB-UNICODE	NUMERIC-VALUE	function	ncl-lib-strings	1	no	SB-UNICODE character/string API
SB-UNICODE	PROPLIST-P	function	ncl-lib-strings	1	no	SB-UNICODE character/string API
SB-UNICODE	SCRIPT	function	ncl-lib-strings	1	no	SB-UNICODE character/string API
SB-UNICODE	SENTENCE-BREAK-CLASS	function	ncl-lib-strings	1	no	SB-UNICODE character/string API
SB-UNICODE	SENTENCES	function	ncl-lib-strings	1	no	SB-UNICODE character/string API
SB-UNICODE	SOFT-DOTTED-P	function	ncl-lib-strings	1	no	SB-UNICODE character/string API
SB-UNICODE	TITLECASE	function	ncl-lib-strings	1	no	SB-UNICODE character/string API
SB-UNICODE	UNICODE-1-NAME	function	ncl-lib-strings	1	no	SB-UNICODE character/string API
SB-UNICODE	UNICODE-EQUAL	function	ncl-lib-strings	1	no	SB-UNICODE character/string API
SB-UNICODE	UNICODE<	function	ncl-lib-strings	1	no	SB-UNICODE character/string API
SB-UNICODE	UNICODE<=	function	ncl-lib-strings	1	no	SB-UNICODE character/string API
SB-UNICODE	UNICODE=	function	ncl-lib-strings	1	no	SB-UNICODE character/string API
SB-UNICODE	UNICODE>	function	ncl-lib-strings	1	no	SB-UNICODE character/string API
SB-UNICODE	UNICODE>=	function	ncl-lib-strings	1	no	SB-UNICODE character/string API
SB-UNICODE	UPPERCASE	function	ncl-lib-strings	1	no	SB-UNICODE character/string API
SB-UNICODE	UPPERCASE-P	function	ncl-lib-strings	1	no	SB-UNICODE character/string API
SB-UNICODE	WHITESPACE-P	function	ncl-lib-strings	1	no	SB-UNICODE character/string API
SB-UNICODE	WORD-BREAK-CLASS	function	ncl-lib-strings	1	no	SB-UNICODE character/string API
SB-UNICODE	WORDS	function	ncl-lib-strings	1	no	SB-UNICODE character/string API
SB-UNIX	EINTR	other	ncl-contrib-usocket	3	no	Phase 3 internal compatibility reference; libraries=usocket
SB-UNIX	FD-ISSET	other	ncl-contrib-usocket	3	no	Phase 3 internal compatibility reference; libraries=usocket
SB-UNIX	FD-SET	other	ncl-contrib-usocket	3	no	Phase 3 internal compatibility reference; libraries=usocket
SB-UNIX	FD-ZERO	other	ncl-contrib-usocket	3	no	Phase 3 internal compatibility reference; libraries=usocket
SB-UNIX	POSIX-GETCWD	other	ncl-contrib-uiop	3	no	Phase 3 internal compatibility reference; libraries=uiop
SB-UNIX	UNIX-FAST-SELECT	other	ncl-contrib-usocket	3	no	Phase 3 internal compatibility reference; libraries=usocket
SB-UNIX	UNIX-GETHOSTNAME	other	ncl-contrib-usocket	3	no	Phase 3 internal compatibility reference; libraries=usocket
SB-UNIX	UNIX-STAT	other	ncl-contrib-uiop	3	no	Phase 3 internal compatibility reference; libraries=uiop
SB-VM	N-MACHINE-WORD-BITS	other	ncl-contrib-usocket	3	no	Phase 3 internal compatibility reference; libraries=usocket
UIOP/DRIVER	*BASE-BUILD-DIRECTORY*	variable	ncl-contrib-uiop	3	no	Phase 3 contrib surface
UIOP/DRIVER	*CLEAR-CONFIGURATION-HOOK*	variable	ncl-contrib-uiop	3	no	Phase 3 contrib surface
UIOP/DRIVER	*COMMAND-LINE-ARGUMENTS*	variable	ncl-contrib-uiop	3	no	Phase 3 contrib surface
UIOP/DRIVER	*COMPILE-CHECK*	variable	ncl-contrib-uiop	3	no	Phase 3 contrib surface
UIOP/DRIVER	*COMPILE-FILE-FAILURE-BEHAVIOUR*	variable	ncl-contrib-uiop	3	no	Phase 3 contrib surface
UIOP/DRIVER	*COMPILE-FILE-WARNINGS-BEHAVIOUR*	variable	ncl-contrib-uiop	3	no	Phase 3 contrib surface
UIOP/DRIVER	*DEFAULT-ENCODING*	variable	ncl-contrib-uiop	3	no	Phase 3 contrib surface
UIOP/DRIVER	*DEFAULT-STREAM-ELEMENT-TYPE*	variable	ncl-contrib-uiop	3	no	Phase 3 contrib surface
UIOP/DRIVER	*ENCODING-DETECTION-HOOK*	variable	ncl-contrib-uiop	3	no	Phase 3 contrib surface
UIOP/DRIVER	*ENCODING-EXTERNAL-FORMAT-HOOK*	variable	ncl-contrib-uiop	3	no	Phase 3 contrib surface
UIOP/DRIVER	*HERE-DIRECTORY*	variable	ncl-contrib-uiop	3	no	Phase 3 contrib surface
UIOP/DRIVER	*IGNORED-CONFIGURATION-FORM*	variable	ncl-contrib-uiop	3	no	Phase 3 contrib surface
UIOP/DRIVER	*IMAGE-DUMP-HOOK*	variable	ncl-contrib-uiop	3	no	Phase 3 contrib surface
UIOP/DRIVER	*IMAGE-DUMPED-P*	variable	ncl-contrib-uiop	3	no	Phase 3 contrib surface
UIOP/DRIVER	*IMAGE-ENTRY-POINT*	variable	ncl-contrib-uiop	3	no	Phase 3 contrib surface
UIOP/DRIVER	*IMAGE-POSTLUDE*	variable	ncl-contrib-uiop	3	no	Phase 3 contrib surface
UIOP/DRIVER	*IMAGE-PRELUDE*	variable	ncl-contrib-uiop	3	no	Phase 3 contrib surface
UIOP/DRIVER	*IMAGE-RESTORE-HOOK*	variable	ncl-contrib-uiop	3	no	Phase 3 contrib surface
UIOP/DRIVER	*IMPLEMENTATION-TYPE*	variable	ncl-contrib-uiop	3	no	Phase 3 contrib surface
UIOP/DRIVER	*LISP-INTERACTION*	variable	ncl-contrib-uiop	3	no	Phase 3 contrib surface
UIOP/DRIVER	*NIL-PATHNAME*	variable	ncl-contrib-uiop	3	no	Phase 3 contrib surface
UIOP/DRIVER	*OPTIMIZATION-SETTINGS*	variable	ncl-contrib-uiop	3	no	Phase 3 contrib surface
UIOP/DRIVER	*OUTPUT-TRANSLATION-FUNCTION*	variable	ncl-contrib-uiop	3	no	Phase 3 contrib surface
UIOP/DRIVER	*PREVIOUS-OPTIMIZATION-SETTINGS*	variable	ncl-contrib-uiop	3	no	Phase 3 contrib surface
UIOP/DRIVER	*RESOLVE-SYMLINKS*	variable	ncl-contrib-uiop	3	no	Phase 3 contrib surface
UIOP/DRIVER	*STDERR*	variable	ncl-contrib-uiop	3	no	Phase 3 contrib surface
UIOP/DRIVER	*STDIN*	variable	ncl-contrib-uiop	3	no	Phase 3 contrib surface
UIOP/DRIVER	*STDOUT*	variable	ncl-contrib-uiop	3	no	Phase 3 contrib surface
UIOP/DRIVER	*TEMPORARY-DIRECTORY*	variable	ncl-contrib-uiop	3	no	Phase 3 contrib surface
UIOP/DRIVER	*UIOP-DEBUG-UTILITY*	variable	ncl-contrib-uiop	3	no	Phase 3 contrib surface
UIOP/DRIVER	*UIOP-VERSION*	variable	ncl-contrib-uiop	3	no	Phase 3 contrib surface
UIOP/DRIVER	*UNINTERESTING-COMPILER-CONDITIONS*	variable	ncl-contrib-uiop	3	no	Phase 3 contrib surface
UIOP/DRIVER	*UNINTERESTING-CONDITIONS*	variable	ncl-contrib-uiop	3	no	Phase 3 contrib surface
UIOP/DRIVER	*UNINTERESTING-LOADER-CONDITIONS*	variable	ncl-contrib-uiop	3	no	Phase 3 contrib surface
UIOP/DRIVER	*UNSPECIFIC-PATHNAME-TYPE*	variable	ncl-contrib-uiop	3	no	Phase 3 contrib surface
UIOP/DRIVER	*USER-CACHE*	variable	ncl-contrib-uiop	3	no	Phase 3 contrib surface
UIOP/DRIVER	*USUAL-UNINTERESTING-CONDITIONS*	variable	ncl-contrib-uiop	3	no	Phase 3 contrib surface
UIOP/DRIVER	*UTF-8-EXTERNAL-FORMAT*	variable	ncl-contrib-uiop	3	no	Phase 3 contrib surface
UIOP/DRIVER	*WARNINGS-FILE-TYPE*	variable	ncl-contrib-uiop	3	no	Phase 3 contrib surface
UIOP/DRIVER	*WILD*	variable	ncl-contrib-uiop	3	no	Phase 3 contrib surface
UIOP/DRIVER	*WILD-DIRECTORY*	variable	ncl-contrib-uiop	3	no	Phase 3 contrib surface
UIOP/DRIVER	*WILD-FILE*	variable	ncl-contrib-uiop	3	no	Phase 3 contrib surface
UIOP/DRIVER	*WILD-FILE-FOR-DIRECTORY*	variable	ncl-contrib-uiop	3	no	Phase 3 contrib surface
UIOP/DRIVER	*WILD-INFERIORS*	variable	ncl-contrib-uiop	3	no	Phase 3 contrib surface
UIOP/DRIVER	*WILD-PATH*	variable	ncl-contrib-uiop	3	no	Phase 3 contrib surface
UIOP/DRIVER	+CHARACTER-TYPES+	variable	ncl-contrib-uiop	3	no	Phase 3 contrib surface
UIOP/DRIVER	+CR+	variable	ncl-contrib-uiop	3	no	Phase 3 contrib surface
UIOP/DRIVER	+CRLF+	variable	ncl-contrib-uiop	3	no	Phase 3 contrib surface
UIOP/DRIVER	+LF+	variable	ncl-contrib-uiop	3	no	Phase 3 contrib surface
UIOP/DRIVER	+MAX-CHARACTER-TYPE-INDEX+	variable	ncl-contrib-uiop	3	no	Phase 3 contrib surface
UIOP/DRIVER	+NON-BASE-CHARS-EXIST-P+	constant	ncl-contrib-uiop	3	no	Phase 3 contrib surface
UIOP/DRIVER	ABSOLUTE-PATHNAME-P	function	ncl-contrib-uiop	3	no	Phase 3 contrib surface
UIOP/DRIVER	ACCESS-AT	function	ncl-contrib-uiop	3	no	Phase 3 contrib surface
UIOP/DRIVER	ACCESS-AT-COUNT	function	ncl-contrib-uiop	3	no	Phase 3 contrib surface
UIOP/DRIVER	ADD-PATHNAME-SUFFIX	function	ncl-contrib-uiop	3	no	Phase 3 contrib surface
UIOP/DRIVER	ALWAYS-DEFAULT-ENCODING	function	ncl-contrib-uiop	3	no	Phase 3 contrib surface
UIOP/DRIVER	APPENDF	macro	ncl-contrib-uiop	3	no	Phase 3 contrib surface
UIOP/DRIVER	ARCHITECTURE	function	ncl-contrib-uiop	3	no	Phase 3 contrib surface
UIOP/DRIVER	ARGV0	function	ncl-contrib-uiop	3	no	Phase 3 contrib surface
UIOP/DRIVER	BASE-STRING-P	function	ncl-contrib-uiop	3	no	Phase 3 contrib surface
UIOP/DRIVER	CALL-AROUND-HOOK	function	ncl-contrib-uiop	3	no	Phase 3 contrib surface
UIOP/DRIVER	CALL-FUNCTION	function	ncl-contrib-uiop	3	no	Phase 3 contrib surface
UIOP/DRIVER	CALL-FUNCTIONS	function	ncl-contrib-uiop	3	no	Phase 3 contrib surface
UIOP/DRIVER	CALL-IMAGE-DUMP-HOOK	function	ncl-contrib-uiop	3	no	Phase 3 contrib surface
UIOP/DRIVER	CALL-IMAGE-RESTORE-HOOK	function	ncl-contrib-uiop	3	no	Phase 3 contrib surface
UIOP/DRIVER	CALL-WITH-CURRENT-DIRECTORY	function	ncl-contrib-uiop	3	no	Phase 3 contrib surface
UIOP/DRIVER	CALL-WITH-ENOUGH-PATHNAME	function	ncl-contrib-uiop	3	no	Phase 3 contrib surface
UIOP/DRIVER	CALL-WITH-FATAL-CONDITION-HANDLER	function	ncl-contrib-uiop	3	no	Phase 3 contrib surface
UIOP/DRIVER	CALL-WITH-INPUT-FILE	function	ncl-contrib-uiop	3	no	Phase 3 contrib surface
UIOP/DRIVER	CALL-WITH-MUFFLED-COMPILER-CONDITIONS	function	ncl-contrib-uiop	3	no	Phase 3 contrib surface
UIOP/DRIVER	CALL-WITH-MUFFLED-CONDITIONS	function	ncl-contrib-uiop	3	no	Phase 3 contrib surface
UIOP/DRIVER	CALL-WITH-MUFFLED-LOADER-CONDITIONS	function	ncl-contrib-uiop	3	no	Phase 3 contrib surface
UIOP/DRIVER	CALL-WITH-NULL-INPUT	function	ncl-contrib-uiop	3	no	Phase 3 contrib surface
UIOP/DRIVER	CALL-WITH-NULL-OUTPUT	function	ncl-contrib-uiop	3	no	Phase 3 contrib surface
UIOP/DRIVER	CALL-WITH-OUTPUT-FILE	function	ncl-contrib-uiop	3	no	Phase 3 contrib surface
UIOP/DRIVER	CALL-WITH-SAFE-IO-SYNTAX	function	ncl-contrib-uiop	3	no	Phase 3 contrib surface
UIOP/DRIVER	CALL-WITH-STAGING-PATHNAME	function	ncl-contrib-uiop	3	no	Phase 3 contrib surface
UIOP/DRIVER	CALL-WITH-TEMPORARY-FILE	function	ncl-contrib-uiop	3	no	Phase 3 contrib surface
UIOP/DRIVER	CHARACTER-TYPE-INDEX	function	ncl-contrib-uiop	3	no	Phase 3 contrib surface
UIOP/DRIVER	CHDIR	function	ncl-contrib-uiop	3	no	Phase 3 contrib surface
UIOP/DRIVER	CHECK-DEFERRED-WARNINGS	function	ncl-contrib-uiop	3	no	Phase 3 contrib surface
UIOP/DRIVER	CHECK-LISP-COMPILE-RESULTS	function	ncl-contrib-uiop	3	no	Phase 3 contrib surface
UIOP/DRIVER	CHECK-LISP-COMPILE-WARNINGS	function	ncl-contrib-uiop	3	no	Phase 3 contrib surface
UIOP/DRIVER	CLEAR-CONFIGURATION	function	ncl-contrib-uiop	3	no	Phase 3 contrib surface
UIOP/DRIVER	CLOSE-STREAMS	function	ncl-contrib-uiop	3	no	Phase 3 contrib surface
UIOP/DRIVER	COERCE-CLASS	function	ncl-contrib-uiop	3	no	Phase 3 contrib surface
UIOP/DRIVER	COERCE-PATHNAME	function	ncl-contrib-uiop	3	no	Phase 3 contrib surface
UIOP/DRIVER	COLLECT-SUB*DIRECTORIES	function	ncl-contrib-uiop	3	no	Phase 3 contrib surface
UIOP/DRIVER	COMBINE-FASLS	function	ncl-contrib-uiop	3	no	Phase 3 contrib surface
UIOP/DRIVER	COMMAND-LINE-ARGUMENTS	function	ncl-contrib-uiop	3	no	Phase 3 contrib surface
UIOP/DRIVER	COMPATFMT	macro	ncl-contrib-uiop	3	no	Phase 3 contrib surface
UIOP/DRIVER	COMPILE-CONDITION	condition+class	ncl-contrib-uiop	3	no	Phase 3 contrib surface
UIOP/DRIVER	COMPILE-FAILED-ERROR	condition+class	ncl-contrib-uiop	3	no	Phase 3 contrib surface
UIOP/DRIVER	COMPILE-FAILED-WARNING	condition+class	ncl-contrib-uiop	3	no	Phase 3 contrib surface
UIOP/DRIVER	COMPILE-FILE*	function	ncl-contrib-uiop	3	no	Phase 3 contrib surface
UIOP/DRIVER	COMPILE-FILE-ERROR	condition+class	ncl-contrib-uiop	3	no	Phase 3 contrib surface
UIOP/DRIVER	COMPILE-FILE-PATHNAME*	function	ncl-contrib-uiop	3	no	Phase 3 contrib surface
UIOP/DRIVER	COMPILE-FILE-TYPE	function	ncl-contrib-uiop	3	no	Phase 3 contrib surface
UIOP/DRIVER	COMPILE-WARNED-ERROR	condition+class	ncl-contrib-uiop	3	no	Phase 3 contrib surface
UIOP/DRIVER	COMPILE-WARNED-WARNING	condition+class	ncl-contrib-uiop	3	no	Phase 3 contrib surface
UIOP/DRIVER	CONCATENATE-FILES	function	ncl-contrib-uiop	3	no	Phase 3 contrib surface
UIOP/DRIVER	CONFIGURATION-INHERITANCE-DIRECTIVE-P	function	ncl-contrib-uiop	3	no	Phase 3 contrib surface
UIOP/DRIVER	COPY-FILE	function	ncl-contrib-uiop	3	no	Phase 3 contrib surface
UIOP/DRIVER	COPY-STREAM-TO-STREAM	function	ncl-contrib-uiop	3	no	Phase 3 contrib surface
UIOP/DRIVER	CREATE-IMAGE	function	ncl-contrib-uiop	3	no	Phase 3 contrib surface
UIOP/DRIVER	CURRENT-LISP-FILE-PATHNAME	function	ncl-contrib-uiop	3	no	Phase 3 contrib surface
UIOP/DRIVER	DEFAULT-ENCODING-EXTERNAL-FORMAT	function	ncl-contrib-uiop	3	no	Phase 3 contrib surface
UIOP/DRIVER	DEFAULT-TEMPORARY-DIRECTORY	function	ncl-contrib-uiop	3	no	Phase 3 contrib surface
UIOP/DRIVER	DEFGENERIC*	macro	ncl-contrib-uiop	3	no	Phase 3 contrib surface
UIOP/DRIVER	DEFINE-PACKAGE	macro	ncl-contrib-uiop	3	no	Phase 3 contrib surface
UIOP/DRIVER	DEFUN*	macro	ncl-contrib-uiop	3	no	Phase 3 contrib surface
UIOP/DRIVER	DELETE-DIRECTORY-TREE	function	ncl-contrib-uiop	3	no	Phase 3 contrib surface
UIOP/DRIVER	DELETE-EMPTY-DIRECTORY	function	ncl-contrib-uiop	3	no	Phase 3 contrib surface
UIOP/DRIVER	DELETE-FILE-IF-EXISTS	function	ncl-contrib-uiop	3	no	Phase 3 contrib surface
UIOP/DRIVER	DELETE-PACKAGE*	function	ncl-contrib-uiop	3	no	Phase 3 contrib surface
UIOP/DRIVER	DENORMALIZE-PATHNAME-DIRECTORY-COMPONENT	function	ncl-contrib-uiop	3	no	Phase 3 contrib surface
UIOP/DRIVER	DEPRECATED-FUNCTION-CONDITION	condition+class	ncl-contrib-uiop	3	no	Phase 3 contrib surface
UIOP/DRIVER	DEPRECATED-FUNCTION-ERROR	condition+class	ncl-contrib-uiop	3	no	Phase 3 contrib surface
UIOP/DRIVER	DEPRECATED-FUNCTION-NAME	function	ncl-contrib-uiop	3	no	Phase 3 contrib surface
UIOP/DRIVER	DEPRECATED-FUNCTION-SHOULD-BE-DELETED	condition+class	ncl-contrib-uiop	3	no	Phase 3 contrib surface
UIOP/DRIVER	DEPRECATED-FUNCTION-STYLE-WARNING	condition+class	ncl-contrib-uiop	3	no	Phase 3 contrib surface
UIOP/DRIVER	DEPRECATED-FUNCTION-WARNING	condition+class	ncl-contrib-uiop	3	no	Phase 3 contrib surface
UIOP/DRIVER	DETECT-ENCODING	function	ncl-contrib-uiop	3	no	Phase 3 contrib surface
UIOP/DRIVER	DETECT-OS	function	ncl-contrib-uiop	3	no	Phase 3 contrib surface
UIOP/DRIVER	DIE	function	ncl-contrib-uiop	3	no	Phase 3 contrib surface
UIOP/DRIVER	DIRECTORIZE-PATHNAME-HOST-DEVICE	function	ncl-contrib-uiop	3	no	Phase 3 contrib surface
UIOP/DRIVER	DIRECTORY*	function	ncl-contrib-uiop	3	no	Phase 3 contrib surface
UIOP/DRIVER	DIRECTORY-EXISTS-P	function	ncl-contrib-uiop	3	no	Phase 3 contrib surface
UIOP/DRIVER	DIRECTORY-FILES	function	ncl-contrib-uiop	3	no	Phase 3 contrib surface
UIOP/DRIVER	DIRECTORY-PATHNAME-P	function	ncl-contrib-uiop	3	no	Phase 3 contrib surface
UIOP/DRIVER	DIRECTORY-SEPARATOR-FOR-HOST	function	ncl-contrib-uiop	3	no	Phase 3 contrib surface
UIOP/DRIVER	DISABLE-DEFERRED-WARNINGS-CHECK	function	ncl-contrib-uiop	3	no	Phase 3 contrib surface
UIOP/DRIVER	DUMP-IMAGE	function	ncl-contrib-uiop	3	no	Phase 3 contrib surface
UIOP/DRIVER	EARLIER-TIMESTAMP	function	ncl-contrib-uiop	3	no	Phase 3 contrib surface
UIOP/DRIVER	EARLIEST-TIMESTAMP	function	ncl-contrib-uiop	3	no	Phase 3 contrib surface
UIOP/DRIVER	EASY-SH-CHARACTER-P	function	ncl-contrib-uiop	3	no	Phase 3 contrib surface
UIOP/DRIVER	EMPTYP	function	ncl-contrib-uiop	3	no	Phase 3 contrib surface
UIOP/DRIVER	ENABLE-DEFERRED-WARNINGS-CHECK	function	ncl-contrib-uiop	3	no	Phase 3 contrib surface
UIOP/DRIVER	ENCODING-EXTERNAL-FORMAT	function	ncl-contrib-uiop	3	no	Phase 3 contrib surface
UIOP/DRIVER	ENOUGH-PATHNAME	function	ncl-contrib-uiop	3	no	Phase 3 contrib surface
UIOP/DRIVER	ENSURE-ABSOLUTE-PATHNAME	function	ncl-contrib-uiop	3	no	Phase 3 contrib surface
UIOP/DRIVER	ENSURE-ALL-DIRECTORIES-EXIST	function	ncl-contrib-uiop	3	no	Phase 3 contrib surface
UIOP/DRIVER	ENSURE-DIRECTORY-PATHNAME	function	ncl-contrib-uiop	3	no	Phase 3 contrib surface
UIOP/DRIVER	ENSURE-FUNCTION	function	ncl-contrib-uiop	3	no	Phase 3 contrib surface
UIOP/DRIVER	ENSURE-GETHASH	function	ncl-contrib-uiop	3	no	Phase 3 contrib surface
UIOP/DRIVER	ENSURE-LIST	function	ncl-contrib-uiop	3	no	Phase 3 contrib surface
UIOP/DRIVER	ENSURE-PACKAGE	function	ncl-contrib-uiop	3	no	Phase 3 contrib surface
UIOP/DRIVER	ENSURE-PACKAGE-UNUSED	function	ncl-contrib-uiop	3	no	Phase 3 contrib surface
UIOP/DRIVER	ENSURE-PATHNAME	function	ncl-contrib-uiop	3	no	Phase 3 contrib surface
UIOP/DRIVER	ESCAPE-COMMAND	function	ncl-contrib-uiop	3	no	Phase 3 contrib surface
UIOP/DRIVER	ESCAPE-SH-COMMAND	function	ncl-contrib-uiop	3	no	Phase 3 contrib surface
UIOP/DRIVER	ESCAPE-SH-TOKEN	function	ncl-contrib-uiop	3	no	Phase 3 contrib surface
UIOP/DRIVER	ESCAPE-SHELL-COMMAND	function	ncl-contrib-uiop	3	no	Phase 3 contrib surface
UIOP/DRIVER	ESCAPE-SHELL-TOKEN	function	ncl-contrib-uiop	3	no	Phase 3 contrib surface
UIOP/DRIVER	ESCAPE-TOKEN	function	ncl-contrib-uiop	3	no	Phase 3 contrib surface
UIOP/DRIVER	ESCAPE-WINDOWS-COMMAND	function	ncl-contrib-uiop	3	no	Phase 3 contrib surface
UIOP/DRIVER	ESCAPE-WINDOWS-TOKEN	function	ncl-contrib-uiop	3	no	Phase 3 contrib surface
UIOP/DRIVER	EVAL-INPUT	function	ncl-contrib-uiop	3	no	Phase 3 contrib surface
UIOP/DRIVER	EVAL-THUNK	function	ncl-contrib-uiop	3	no	Phase 3 contrib surface
UIOP/DRIVER	EXPORT*	function	ncl-contrib-uiop	3	no	Phase 3 contrib surface
UIOP/DRIVER	FATAL-CONDITION	type	ncl-contrib-uiop	3	no	Phase 3 contrib surface
UIOP/DRIVER	FATAL-CONDITION-P	function	ncl-contrib-uiop	3	no	Phase 3 contrib surface
UIOP/DRIVER	FEATUREP	function	ncl-contrib-uiop	3	no	Phase 3 contrib surface
UIOP/DRIVER	FILE-EXISTS-P	function	ncl-contrib-uiop	3	no	Phase 3 contrib surface
UIOP/DRIVER	FILE-OR-SYNONYM-STREAM-P	function	ncl-contrib-uiop	3	no	Phase 3 contrib surface
UIOP/DRIVER	FILE-PATHNAME-P	function	ncl-contrib-uiop	3	no	Phase 3 contrib surface
UIOP/DRIVER	FILE-STREAM-P	function	ncl-contrib-uiop	3	no	Phase 3 contrib surface
UIOP/DRIVER	FILTER-LOGICAL-DIRECTORY-RESULTS	function	ncl-contrib-uiop	3	no	Phase 3 contrib surface
UIOP/DRIVER	FILTER-PATHNAME-SET	function	ncl-contrib-uiop	3	no	Phase 3 contrib surface
UIOP/DRIVER	FIND-PACKAGE*	function	ncl-contrib-uiop	3	no	Phase 3 contrib surface
UIOP/DRIVER	FIND-PREFERRED-FILE	function	ncl-contrib-uiop	3	no	Phase 3 contrib surface
UIOP/DRIVER	FIND-STANDARD-CASE-SYMBOL	function	ncl-contrib-uiop	3	no	Phase 3 contrib surface
UIOP/DRIVER	FIND-SYMBOL*	function	ncl-contrib-uiop	3	no	Phase 3 contrib surface
UIOP/DRIVER	FINISH-OUTPUTS	function	ncl-contrib-uiop	3	no	Phase 3 contrib surface
UIOP/DRIVER	FIRST-CHAR	function	ncl-contrib-uiop	3	no	Phase 3 contrib surface
UIOP/DRIVER	FORMAT!	function	ncl-contrib-uiop	3	no	Phase 3 contrib surface
UIOP/DRIVER	FRESH-PACKAGE-NAME	function	ncl-contrib-uiop	3	no	Phase 3 contrib surface
UIOP/DRIVER	FROB-SUBSTRINGS	function	ncl-contrib-uiop	3	no	Phase 3 contrib surface
UIOP/DRIVER	GET-FOLDER-PATH	function	ncl-contrib-uiop	3	no	Phase 3 contrib surface
UIOP/DRIVER	GET-OPTIMIZATION-SETTINGS	function	ncl-contrib-uiop	3	no	Phase 3 contrib surface
UIOP/DRIVER	GET-PATHNAME-DEFAULTS	function	ncl-contrib-uiop	3	no	Phase 3 contrib surface
UIOP/DRIVER	GETCWD	function	ncl-contrib-uiop	3	no	Phase 3 contrib surface
UIOP/DRIVER	GETENV	function	ncl-contrib-uiop	3	no	Phase 3 contrib surface
UIOP/DRIVER	GETENV-ABSOLUTE-DIRECTORIES	function	ncl-contrib-uiop	3	no	Phase 3 contrib surface
UIOP/DRIVER	GETENV-ABSOLUTE-DIRECTORY	function	ncl-contrib-uiop	3	no	Phase 3 contrib surface
UIOP/DRIVER	GETENV-PATHNAME	function	ncl-contrib-uiop	3	no	Phase 3 contrib surface
UIOP/DRIVER	GETENV-PATHNAMES	function	ncl-contrib-uiop	3	no	Phase 3 contrib surface
UIOP/DRIVER	GETENVP	function	ncl-contrib-uiop	3	no	Phase 3 contrib surface
UIOP/DRIVER	HANDLE-FATAL-CONDITION	function	ncl-contrib-uiop	3	no	Phase 3 contrib surface
UIOP/DRIVER	HIDDEN-PATHNAME-P	function	ncl-contrib-uiop	3	no	Phase 3 contrib surface
UIOP/DRIVER	HOME-PACKAGE-P	function	ncl-contrib-uiop	3	no	Phase 3 contrib surface
UIOP/DRIVER	HOSTNAME	function	ncl-contrib-uiop	3	no	Phase 3 contrib surface
UIOP/DRIVER	IF-LET	macro	ncl-contrib-uiop	3	no	Phase 3 contrib surface
UIOP/DRIVER	IMPLEMENTATION-IDENTIFIER	function	ncl-contrib-uiop	3	no	Phase 3 contrib surface
UIOP/DRIVER	IMPLEMENTATION-TYPE	function	ncl-contrib-uiop	3	no	Phase 3 contrib surface
UIOP/DRIVER	IMPORT*	function	ncl-contrib-uiop	3	no	Phase 3 contrib surface
UIOP/DRIVER	IN-FIRST-DIRECTORY	function	ncl-contrib-uiop	3	no	Phase 3 contrib surface
UIOP/DRIVER	IN-SYSTEM-CONFIGURATION-DIRECTORY	function	ncl-contrib-uiop	3	no	Phase 3 contrib surface
UIOP/DRIVER	IN-USER-CONFIGURATION-DIRECTORY	function	ncl-contrib-uiop	3	no	Phase 3 contrib surface
UIOP/DRIVER	INPUT-STRING	function	ncl-contrib-uiop	3	no	Phase 3 contrib surface
UIOP/DRIVER	INTER-DIRECTORY-SEPARATOR	function	ncl-contrib-uiop	3	no	Phase 3 contrib surface
UIOP/DRIVER	INTERN*	function	ncl-contrib-uiop	3	no	Phase 3 contrib surface
UIOP/DRIVER	INVALID-CONFIGURATION	condition+class	ncl-contrib-uiop	3	no	Phase 3 contrib surface
UIOP/DRIVER	LAST-CHAR	function	ncl-contrib-uiop	3	no	Phase 3 contrib surface
UIOP/DRIVER	LATER-TIMESTAMP	function	ncl-contrib-uiop	3	no	Phase 3 contrib surface
UIOP/DRIVER	LATEST-TIMESTAMP	function	ncl-contrib-uiop	3	no	Phase 3 contrib surface
UIOP/DRIVER	LATEST-TIMESTAMP-F	macro	ncl-contrib-uiop	3	no	Phase 3 contrib surface
UIOP/DRIVER	LAUNCH-PROGRAM	function	ncl-contrib-uiop	3	no	Phase 3 contrib surface
UIOP/DRIVER	LENGTH=N-P	function	ncl-contrib-uiop	3	no	Phase 3 contrib surface
UIOP/DRIVER	LEXICOGRAPHIC<	function	ncl-contrib-uiop	3	no	Phase 3 contrib surface
UIOP/DRIVER	LEXICOGRAPHIC<=	function	ncl-contrib-uiop	3	no	Phase 3 contrib surface
UIOP/DRIVER	LISP-IMPLEMENTATION-DIRECTORY	function	ncl-contrib-uiop	3	no	Phase 3 contrib surface
UIOP/DRIVER	LISP-IMPLEMENTATION-PATHNAME-P	function	ncl-contrib-uiop	3	no	Phase 3 contrib surface
UIOP/DRIVER	LISP-VERSION-STRING	function	ncl-contrib-uiop	3	no	Phase 3 contrib surface
UIOP/DRIVER	LISPIZE-PATHNAME	function	ncl-contrib-uiop	3	no	Phase 3 contrib surface
UIOP/DRIVER	LIST-TO-HASH-SET	function	ncl-contrib-uiop	3	no	Phase 3 contrib surface
UIOP/DRIVER	LOAD*	function	ncl-contrib-uiop	3	no	Phase 3 contrib surface
UIOP/DRIVER	LOAD-FROM-STRING	function	ncl-contrib-uiop	3	no	Phase 3 contrib surface
UIOP/DRIVER	LOAD-PATHNAME	function	ncl-contrib-uiop	3	no	Phase 3 contrib surface
UIOP/DRIVER	LOAD-UIOP-DEBUG-UTILITY	function	ncl-contrib-uiop	3	no	Phase 3 contrib surface
UIOP/DRIVER	LOCATION-DESIGNATOR-P	function	ncl-contrib-uiop	3	no	Phase 3 contrib surface
UIOP/DRIVER	LOCATION-FUNCTION-P	function	ncl-contrib-uiop	3	no	Phase 3 contrib surface
UIOP/DRIVER	LOGICAL-PATHNAME-P	function	ncl-contrib-uiop	3	no	Phase 3 contrib surface
UIOP/DRIVER	LOOP*	macro	ncl-contrib-uiop	3	no	Phase 3 contrib surface
UIOP/DRIVER	MAKE-PATHNAME*	function	ncl-contrib-uiop	3	no	Phase 3 contrib surface
UIOP/DRIVER	MAKE-PATHNAME-COMPONENT-LOGICAL	function	ncl-contrib-uiop	3	no	Phase 3 contrib surface
UIOP/DRIVER	MAKE-PATHNAME-LOGICAL	function	ncl-contrib-uiop	3	no	Phase 3 contrib surface
UIOP/DRIVER	MAKE-SYMBOL*	function	ncl-contrib-uiop	3	no	Phase 3 contrib surface
UIOP/DRIVER	MATCH-ANY-CONDITION-P	function	ncl-contrib-uiop	3	no	Phase 3 contrib surface
UIOP/DRIVER	MATCH-CONDITION-P	function	ncl-contrib-uiop	3	no	Phase 3 contrib surface
UIOP/DRIVER	MERGE-PATHNAME-DIRECTORY-COMPONENTS	function	ncl-contrib-uiop	3	no	Phase 3 contrib surface
UIOP/DRIVER	MERGE-PATHNAMES*	function	ncl-contrib-uiop	3	no	Phase 3 contrib surface
UIOP/DRIVER	NATIVE-NAMESTRING	function	ncl-contrib-uiop	3	no	Phase 3 contrib surface
UIOP/DRIVER	NEST	macro	ncl-contrib-uiop	3	no	Phase 3 contrib surface
UIOP/DRIVER	NEXT-VERSION	function	ncl-contrib-uiop	3	no	Phase 3 contrib surface
UIOP/DRIVER	NIL-PATHNAME	function	ncl-contrib-uiop	3	no	Phase 3 contrib surface
UIOP/DRIVER	NORMALIZE-PATHNAME-DIRECTORY-COMPONENT	function	ncl-contrib-uiop	3	no	Phase 3 contrib surface
UIOP/DRIVER	NOT-IMPLEMENTED-ERROR	condition+class+function	ncl-contrib-uiop	3	no	Phase 3 contrib surface
UIOP/DRIVER	NUKE-SYMBOL	function	ncl-contrib-uiop	3	no	Phase 3 contrib surface
UIOP/DRIVER	NUKE-SYMBOL-IN-PACKAGE	function	ncl-contrib-uiop	3	no	Phase 3 contrib surface
UIOP/DRIVER	NULL-DEVICE-PATHNAME	function	ncl-contrib-uiop	3	no	Phase 3 contrib surface
UIOP/DRIVER	OPERATING-SYSTEM	function	ncl-contrib-uiop	3	no	Phase 3 contrib surface
UIOP/DRIVER	OS-COND	macro	ncl-contrib-uiop	3	no	Phase 3 contrib surface
UIOP/DRIVER	OS-GENERA-P	function	ncl-contrib-uiop	3	no	Phase 3 contrib surface
UIOP/DRIVER	OS-MACOSX-P	function	ncl-contrib-uiop	3	no	Phase 3 contrib surface
UIOP/DRIVER	OS-UNIX-P	function	ncl-contrib-uiop	3	no	Phase 3 contrib surface
UIOP/DRIVER	OS-WINDOWS-P	function	ncl-contrib-uiop	3	no	Phase 3 contrib surface
UIOP/DRIVER	OUTPUT-STRING	function	ncl-contrib-uiop	3	no	Phase 3 contrib surface
UIOP/DRIVER	PACKAGE-DEFINITION-FORM	function	ncl-contrib-uiop	3	no	Phase 3 contrib surface
UIOP/DRIVER	PACKAGE-NAMES	function	ncl-contrib-uiop	3	no	Phase 3 contrib surface
UIOP/DRIVER	PACKAGES-FROM-NAMES	function	ncl-contrib-uiop	3	no	Phase 3 contrib surface
UIOP/DRIVER	PARAMETER-ERROR	condition+class+function	ncl-contrib-uiop	3	no	Phase 3 contrib surface
UIOP/DRIVER	PARSE-BODY	function	ncl-contrib-uiop	3	no	Phase 3 contrib surface
UIOP/DRIVER	PARSE-DEFINE-PACKAGE-FORM	function	ncl-contrib-uiop	3	no	Phase 3 contrib surface
UIOP/DRIVER	PARSE-FILE-LOCATION-INFO	function	ncl-contrib-uiop	3	no	Phase 3 contrib surface
UIOP/DRIVER	PARSE-NATIVE-NAMESTRING	function	ncl-contrib-uiop	3	no	Phase 3 contrib surface
UIOP/DRIVER	PARSE-UNIX-NAMESTRING	function	ncl-contrib-uiop	3	no	Phase 3 contrib surface
UIOP/DRIVER	PARSE-VERSION	function	ncl-contrib-uiop	3	no	Phase 3 contrib surface
UIOP/DRIVER	PARSE-WINDOWS-SHORTCUT	function	ncl-contrib-uiop	3	no	Phase 3 contrib surface
UIOP/DRIVER	PATHNAME-DIRECTORY-PATHNAME	function	ncl-contrib-uiop	3	no	Phase 3 contrib surface
UIOP/DRIVER	PATHNAME-EQUAL	function	ncl-contrib-uiop	3	no	Phase 3 contrib surface
UIOP/DRIVER	PATHNAME-HOST-PATHNAME	function	ncl-contrib-uiop	3	no	Phase 3 contrib surface
UIOP/DRIVER	PATHNAME-PARENT-DIRECTORY-PATHNAME	function	ncl-contrib-uiop	3	no	Phase 3 contrib surface
UIOP/DRIVER	PATHNAME-ROOT	function	ncl-contrib-uiop	3	no	Phase 3 contrib surface
UIOP/DRIVER	PHYSICAL-PATHNAME-P	function	ncl-contrib-uiop	3	no	Phase 3 contrib surface
UIOP/DRIVER	PHYSICALIZE-PATHNAME	function	ncl-contrib-uiop	3	no	Phase 3 contrib surface
UIOP/DRIVER	PRINT-BACKTRACE	function	ncl-contrib-uiop	3	no	Phase 3 contrib surface
UIOP/DRIVER	PRINT-CONDITION-BACKTRACE	function	ncl-contrib-uiop	3	no	Phase 3 contrib surface
UIOP/DRIVER	PRINTLN	function	ncl-contrib-uiop	3	no	Phase 3 contrib surface
UIOP/DRIVER	PROBE-FILE*	function	ncl-contrib-uiop	3	no	Phase 3 contrib surface
UIOP/DRIVER	PROCESS-ALIVE-P	function	ncl-contrib-uiop	3	no	Phase 3 contrib surface
UIOP/DRIVER	PROCESS-INFO-ERROR-OUTPUT	function	ncl-contrib-uiop	3	no	Phase 3 contrib surface
UIOP/DRIVER	PROCESS-INFO-INPUT	function	ncl-contrib-uiop	3	no	Phase 3 contrib surface
UIOP/DRIVER	PROCESS-INFO-OUTPUT	function	ncl-contrib-uiop	3	no	Phase 3 contrib surface
UIOP/DRIVER	PROCESS-INFO-PID	function	ncl-contrib-uiop	3	no	Phase 3 contrib surface
UIOP/DRIVER	PROCLAIM-OPTIMIZATION-SETTINGS	function	ncl-contrib-uiop	3	no	Phase 3 contrib surface
UIOP/DRIVER	QUIT	function	ncl-contrib-uiop	3	no	Phase 3 contrib surface
UIOP/DRIVER	RAW-COMMAND-LINE-ARGUMENTS	function	ncl-contrib-uiop	3	no	Phase 3 contrib surface
UIOP/DRIVER	RAW-PRINT-BACKTRACE	function	ncl-contrib-uiop	3	no	Phase 3 contrib surface
UIOP/DRIVER	READ-FILE-FORM	function	ncl-contrib-uiop	3	no	Phase 3 contrib surface
UIOP/DRIVER	READ-FILE-FORMS	function	ncl-contrib-uiop	3	no	Phase 3 contrib surface
UIOP/DRIVER	READ-FILE-LINE	function	ncl-contrib-uiop	3	no	Phase 3 contrib surface
UIOP/DRIVER	READ-FILE-LINES	function	ncl-contrib-uiop	3	no	Phase 3 contrib surface
UIOP/DRIVER	READ-FILE-STRING	function	ncl-contrib-uiop	3	no	Phase 3 contrib surface
UIOP/DRIVER	READ-LITTLE-ENDIAN	function	ncl-contrib-uiop	3	no	Phase 3 contrib surface
UIOP/DRIVER	READ-NULL-TERMINATED-STRING	function	ncl-contrib-uiop	3	no	Phase 3 contrib surface
UIOP/DRIVER	REDUCE/STRCAT	function	ncl-contrib-uiop	3	no	Phase 3 contrib surface
UIOP/DRIVER	REGISTER-CLEAR-CONFIGURATION-HOOK	function	ncl-contrib-uiop	3	no	Phase 3 contrib surface
UIOP/DRIVER	REGISTER-HOOK-FUNCTION	function	ncl-contrib-uiop	3	no	Phase 3 contrib surface
UIOP/DRIVER	REGISTER-IMAGE-DUMP-HOOK	function	ncl-contrib-uiop	3	no	Phase 3 contrib surface
UIOP/DRIVER	REGISTER-IMAGE-RESTORE-HOOK	function	ncl-contrib-uiop	3	no	Phase 3 contrib surface
UIOP/DRIVER	REHOME-SYMBOL	function	ncl-contrib-uiop	3	no	Phase 3 contrib surface
UIOP/DRIVER	REIFY-DEFERRED-WARNINGS	function	ncl-contrib-uiop	3	no	Phase 3 contrib surface
UIOP/DRIVER	REIFY-PACKAGE	function	ncl-contrib-uiop	3	no	Phase 3 contrib surface
UIOP/DRIVER	REIFY-SIMPLE-SEXP	function	ncl-contrib-uiop	3	no	Phase 3 contrib surface
UIOP/DRIVER	REIFY-SYMBOL	function	ncl-contrib-uiop	3	no	Phase 3 contrib surface
UIOP/DRIVER	RELATIVE-PATHNAME-P	function	ncl-contrib-uiop	3	no	Phase 3 contrib surface
UIOP/DRIVER	RELATIVIZE-DIRECTORY-COMPONENT	function	ncl-contrib-uiop	3	no	Phase 3 contrib surface
UIOP/DRIVER	RELATIVIZE-PATHNAME-DIRECTORY	function	ncl-contrib-uiop	3	no	Phase 3 contrib surface
UIOP/DRIVER	REMOVE-PLIST-KEY	function	ncl-contrib-uiop	3	no	Phase 3 contrib surface
UIOP/DRIVER	REMOVE-PLIST-KEYS	function	ncl-contrib-uiop	3	no	Phase 3 contrib surface
UIOP/DRIVER	RENAME-FILE-OVERWRITING-TARGET	function	ncl-contrib-uiop	3	no	Phase 3 contrib surface
UIOP/DRIVER	RENAME-PACKAGE-AWAY	function	ncl-contrib-uiop	3	no	Phase 3 contrib surface
UIOP/DRIVER	REPORT-INVALID-FORM	function	ncl-contrib-uiop	3	no	Phase 3 contrib surface
UIOP/DRIVER	RESET-DEFERRED-WARNINGS	function	ncl-contrib-uiop	3	no	Phase 3 contrib surface
UIOP/DRIVER	RESOLVE-ABSOLUTE-LOCATION	function	ncl-contrib-uiop	3	no	Phase 3 contrib surface
UIOP/DRIVER	RESOLVE-LOCATION	function	ncl-contrib-uiop	3	no	Phase 3 contrib surface
UIOP/DRIVER	RESOLVE-RELATIVE-LOCATION	function	ncl-contrib-uiop	3	no	Phase 3 contrib surface
UIOP/DRIVER	RESOLVE-SYMLINKS	function	ncl-contrib-uiop	3	no	Phase 3 contrib surface
UIOP/DRIVER	RESOLVE-SYMLINKS*	function	ncl-contrib-uiop	3	no	Phase 3 contrib surface
UIOP/DRIVER	RESTORE-IMAGE	function	ncl-contrib-uiop	3	no	Phase 3 contrib surface
UIOP/DRIVER	RUN-PROGRAM	function	ncl-contrib-uiop	3	no	Phase 3 contrib surface
UIOP/DRIVER	SAFE-FILE-WRITE-DATE	function	ncl-contrib-uiop	3	no	Phase 3 contrib surface
UIOP/DRIVER	SAFE-FORMAT!	function	ncl-contrib-uiop	3	no	Phase 3 contrib surface
UIOP/DRIVER	SAFE-READ-FILE-FORM	function	ncl-contrib-uiop	3	no	Phase 3 contrib surface
UIOP/DRIVER	SAFE-READ-FILE-LINE	function	ncl-contrib-uiop	3	no	Phase 3 contrib surface
UIOP/DRIVER	SAFE-READ-FROM-STRING	function	ncl-contrib-uiop	3	no	Phase 3 contrib surface
UIOP/DRIVER	SAVE-DEFERRED-WARNINGS	function	ncl-contrib-uiop	3	no	Phase 3 contrib surface
UIOP/DRIVER	SB-GROVEL-UNKNOWN-CONSTANT-CONDITION	type	ncl-contrib-uiop	3	no	Phase 3 contrib surface
UIOP/DRIVER	SETUP-COMMAND-LINE-ARGUMENTS	function	ncl-contrib-uiop	3	no	Phase 3 contrib surface
UIOP/DRIVER	SETUP-STDERR	function	ncl-contrib-uiop	3	no	Phase 3 contrib surface
UIOP/DRIVER	SETUP-STDIN	function	ncl-contrib-uiop	3	no	Phase 3 contrib surface
UIOP/DRIVER	SETUP-STDOUT	function	ncl-contrib-uiop	3	no	Phase 3 contrib surface
UIOP/DRIVER	SETUP-TEMPORARY-DIRECTORY	function	ncl-contrib-uiop	3	no	Phase 3 contrib surface
UIOP/DRIVER	SHADOW*	function	ncl-contrib-uiop	3	no	Phase 3 contrib surface
UIOP/DRIVER	SHADOWING-IMPORT*	function	ncl-contrib-uiop	3	no	Phase 3 contrib surface
UIOP/DRIVER	SHELL-BOOLEAN-EXIT	function	ncl-contrib-uiop	3	no	Phase 3 contrib surface
UIOP/DRIVER	SIMPLE-STYLE-WARNING	condition+class	ncl-contrib-uiop	3	no	Phase 3 contrib surface
UIOP/DRIVER	SLURP-INPUT-STREAM	function	ncl-contrib-uiop	3	no	Phase 3 contrib surface
UIOP/DRIVER	SLURP-STREAM-FORM	function	ncl-contrib-uiop	3	no	Phase 3 contrib surface
UIOP/DRIVER	SLURP-STREAM-FORMS	function	ncl-contrib-uiop	3	no	Phase 3 contrib surface
UIOP/DRIVER	SLURP-STREAM-LINE	function	ncl-contrib-uiop	3	no	Phase 3 contrib surface
UIOP/DRIVER	SLURP-STREAM-LINES	function	ncl-contrib-uiop	3	no	Phase 3 contrib surface
UIOP/DRIVER	SLURP-STREAM-STRING	function	ncl-contrib-uiop	3	no	Phase 3 contrib surface
UIOP/DRIVER	SPLIT-NAME-TYPE	function	ncl-contrib-uiop	3	no	Phase 3 contrib surface
UIOP/DRIVER	SPLIT-NATIVE-PATHNAMES-STRING	function	ncl-contrib-uiop	3	no	Phase 3 contrib surface
UIOP/DRIVER	SPLIT-STRING	function	ncl-contrib-uiop	3	no	Phase 3 contrib surface
UIOP/DRIVER	SPLIT-UNIX-NAMESTRING-DIRECTORY-COMPONENTS	function	ncl-contrib-uiop	3	no	Phase 3 contrib surface
UIOP/DRIVER	STANDARD-CASE-SYMBOL-NAME	function	ncl-contrib-uiop	3	no	Phase 3 contrib surface
UIOP/DRIVER	STANDARD-COMMON-LISP-SYMBOL-P	function	ncl-contrib-uiop	3	no	Phase 3 contrib surface
UIOP/DRIVER	STANDARD-EVAL-THUNK	function	ncl-contrib-uiop	3	no	Phase 3 contrib surface
UIOP/DRIVER	STRCAT	function	ncl-contrib-uiop	3	no	Phase 3 contrib surface
UIOP/DRIVER	STRING-ENCLOSED-P	function	ncl-contrib-uiop	3	no	Phase 3 contrib surface
UIOP/DRIVER	STRING-PREFIX-P	function	ncl-contrib-uiop	3	no	Phase 3 contrib surface
UIOP/DRIVER	STRING-SUFFIX-P	function	ncl-contrib-uiop	3	no	Phase 3 contrib surface
UIOP/DRIVER	STRINGS-COMMON-ELEMENT-TYPE	function	ncl-contrib-uiop	3	no	Phase 3 contrib surface
UIOP/DRIVER	STRIPLN	function	ncl-contrib-uiop	3	no	Phase 3 contrib surface
UIOP/DRIVER	STYLE-WARN	function	ncl-contrib-uiop	3	no	Phase 3 contrib surface
UIOP/DRIVER	SUBDIRECTORIES	function	ncl-contrib-uiop	3	no	Phase 3 contrib surface
UIOP/DRIVER	SUBPATHNAME	function	ncl-contrib-uiop	3	no	Phase 3 contrib surface
UIOP/DRIVER	SUBPATHNAME*	function	ncl-contrib-uiop	3	no	Phase 3 contrib surface
UIOP/DRIVER	SUBPATHP	function	ncl-contrib-uiop	3	no	Phase 3 contrib surface
UIOP/DRIVER	SUBPROCESS-ERROR	condition+class	ncl-contrib-uiop	3	no	Phase 3 contrib surface
UIOP/DRIVER	SUBPROCESS-ERROR-CODE	function	ncl-contrib-uiop	3	no	Phase 3 contrib surface
UIOP/DRIVER	SUBPROCESS-ERROR-COMMAND	function	ncl-contrib-uiop	3	no	Phase 3 contrib surface
UIOP/DRIVER	SUBPROCESS-ERROR-PROCESS	function	ncl-contrib-uiop	3	no	Phase 3 contrib surface
UIOP/DRIVER	SYMBOL-CALL	function	ncl-contrib-uiop	3	no	Phase 3 contrib surface
UIOP/DRIVER	SYMBOL-PACKAGE-NAME	function	ncl-contrib-uiop	3	no	Phase 3 contrib surface
UIOP/DRIVER	SYMBOL-SHADOWING-P	function	ncl-contrib-uiop	3	no	Phase 3 contrib surface
UIOP/DRIVER	SYSTEM-CONFIG-PATHNAMES	function	ncl-contrib-uiop	3	no	Phase 3 contrib surface
UIOP/DRIVER	SYSTEM-CONFIGURATION-DIRECTORIES	function	ncl-contrib-uiop	3	no	Phase 3 contrib surface
UIOP/DRIVER	TEMPORARY-DIRECTORY	function	ncl-contrib-uiop	3	no	Phase 3 contrib surface
UIOP/DRIVER	TERMINATE-PROCESS	function	ncl-contrib-uiop	3	no	Phase 3 contrib surface
UIOP/DRIVER	TIMESTAMP*<	function	ncl-contrib-uiop	3	no	Phase 3 contrib surface
UIOP/DRIVER	TIMESTAMP<	function	ncl-contrib-uiop	3	no	Phase 3 contrib surface
UIOP/DRIVER	TIMESTAMP<=	function	ncl-contrib-uiop	3	no	Phase 3 contrib surface
UIOP/DRIVER	TIMESTAMPS-EARLIEST	function	ncl-contrib-uiop	3	no	Phase 3 contrib surface
UIOP/DRIVER	TIMESTAMPS-LATEST	function	ncl-contrib-uiop	3	no	Phase 3 contrib surface
UIOP/DRIVER	TIMESTAMPS<	function	ncl-contrib-uiop	3	no	Phase 3 contrib surface
UIOP/DRIVER	TMPIZE-PATHNAME	function	ncl-contrib-uiop	3	no	Phase 3 contrib surface
UIOP/DRIVER	TRANSLATE-PATHNAME*	function	ncl-contrib-uiop	3	no	Phase 3 contrib surface
UIOP/DRIVER	TRUENAME*	function	ncl-contrib-uiop	3	no	Phase 3 contrib surface
UIOP/DRIVER	TRUENAMIZE	function	ncl-contrib-uiop	3	no	Phase 3 contrib surface
UIOP/DRIVER	UIOP-DEBUG	macro	ncl-contrib-uiop	3	no	Phase 3 contrib surface
UIOP/DRIVER	UNINTERN*	function	ncl-contrib-uiop	3	no	Phase 3 contrib surface
UIOP/DRIVER	UNIX-NAMESTRING	function	ncl-contrib-uiop	3	no	Phase 3 contrib surface
UIOP/DRIVER	UNPARSE-VERSION	function	ncl-contrib-uiop	3	no	Phase 3 contrib surface
UIOP/DRIVER	UNREIFY-DEFERRED-WARNINGS	function	ncl-contrib-uiop	3	no	Phase 3 contrib surface
UIOP/DRIVER	UNREIFY-PACKAGE	function	ncl-contrib-uiop	3	no	Phase 3 contrib surface
UIOP/DRIVER	UNREIFY-SIMPLE-SEXP	function	ncl-contrib-uiop	3	no	Phase 3 contrib surface
UIOP/DRIVER	UNREIFY-SYMBOL	function	ncl-contrib-uiop	3	no	Phase 3 contrib surface
UIOP/DRIVER	UPGRADE-CONFIGURATION	function	ncl-contrib-uiop	3	no	Phase 3 contrib surface
UIOP/DRIVER	USER-CONFIGURATION-DIRECTORIES	function	ncl-contrib-uiop	3	no	Phase 3 contrib surface
UIOP/DRIVER	VALIDATE-CONFIGURATION-DIRECTORY	function	ncl-contrib-uiop	3	no	Phase 3 contrib surface
UIOP/DRIVER	VALIDATE-CONFIGURATION-FILE	function	ncl-contrib-uiop	3	no	Phase 3 contrib surface
UIOP/DRIVER	VALIDATE-CONFIGURATION-FORM	function	ncl-contrib-uiop	3	no	Phase 3 contrib surface
UIOP/DRIVER	VERSION-COMPATIBLE-P	function	ncl-contrib-uiop	3	no	Phase 3 contrib surface
UIOP/DRIVER	VERSION-DEPRECATION	function	ncl-contrib-uiop	3	no	Phase 3 contrib surface
UIOP/DRIVER	VERSION<	function	ncl-contrib-uiop	3	no	Phase 3 contrib surface
UIOP/DRIVER	VERSION<=	function	ncl-contrib-uiop	3	no	Phase 3 contrib surface
UIOP/DRIVER	VOMIT-OUTPUT-STREAM	function	ncl-contrib-uiop	3	no	Phase 3 contrib surface
UIOP/DRIVER	WAIT-PROCESS	function	ncl-contrib-uiop	3	no	Phase 3 contrib surface
UIOP/DRIVER	WARNINGS-FILE-P	function	ncl-contrib-uiop	3	no	Phase 3 contrib surface
UIOP/DRIVER	WARNINGS-FILE-TYPE	function	ncl-contrib-uiop	3	no	Phase 3 contrib surface
UIOP/DRIVER	WHILE-COLLECTING	macro	ncl-contrib-uiop	3	no	Phase 3 contrib surface
UIOP/DRIVER	WILDEN	function	ncl-contrib-uiop	3	no	Phase 3 contrib surface
UIOP/DRIVER	WITH-CURRENT-DIRECTORY	macro	ncl-contrib-uiop	3	no	Phase 3 contrib surface
UIOP/DRIVER	WITH-DEPRECATION	macro	ncl-contrib-uiop	3	no	Phase 3 contrib surface
UIOP/DRIVER	WITH-ENOUGH-PATHNAME	macro	ncl-contrib-uiop	3	no	Phase 3 contrib surface
UIOP/DRIVER	WITH-FATAL-CONDITION-HANDLER	macro	ncl-contrib-uiop	3	no	Phase 3 contrib surface
UIOP/DRIVER	WITH-INPUT	macro	ncl-contrib-uiop	3	no	Phase 3 contrib surface
UIOP/DRIVER	WITH-INPUT-FILE	macro	ncl-contrib-uiop	3	no	Phase 3 contrib surface
UIOP/DRIVER	WITH-MUFFLED-COMPILER-CONDITIONS	macro	ncl-contrib-uiop	3	no	Phase 3 contrib surface
UIOP/DRIVER	WITH-MUFFLED-CONDITIONS	macro	ncl-contrib-uiop	3	no	Phase 3 contrib surface
UIOP/DRIVER	WITH-MUFFLED-LOADER-CONDITIONS	macro	ncl-contrib-uiop	3	no	Phase 3 contrib surface
UIOP/DRIVER	WITH-NULL-INPUT	macro	ncl-contrib-uiop	3	no	Phase 3 contrib surface
UIOP/DRIVER	WITH-NULL-OUTPUT	macro	ncl-contrib-uiop	3	no	Phase 3 contrib surface
UIOP/DRIVER	WITH-OPTIMIZATION-SETTINGS	macro	ncl-contrib-uiop	3	no	Phase 3 contrib surface
UIOP/DRIVER	WITH-OUTPUT	macro	ncl-contrib-uiop	3	no	Phase 3 contrib surface
UIOP/DRIVER	WITH-OUTPUT-FILE	macro	ncl-contrib-uiop	3	no	Phase 3 contrib surface
UIOP/DRIVER	WITH-PATHNAME-DEFAULTS	macro	ncl-contrib-uiop	3	no	Phase 3 contrib surface
UIOP/DRIVER	WITH-SAFE-IO-SYNTAX	macro	ncl-contrib-uiop	3	no	Phase 3 contrib surface
UIOP/DRIVER	WITH-SAVED-DEFERRED-WARNINGS	macro	ncl-contrib-uiop	3	no	Phase 3 contrib surface
UIOP/DRIVER	WITH-STAGING-PATHNAME	macro	ncl-contrib-uiop	3	no	Phase 3 contrib surface
UIOP/DRIVER	WITH-TEMPORARY-FILE	macro	ncl-contrib-uiop	3	no	Phase 3 contrib surface
UIOP/DRIVER	WITH-UPGRADABILITY	macro	ncl-contrib-uiop	3	no	Phase 3 contrib surface
UIOP/DRIVER	WRITELN	function	ncl-contrib-uiop	3	no	Phase 3 contrib surface
UIOP/DRIVER	XDG-CACHE-HOME	function	ncl-contrib-uiop	3	no	Phase 3 contrib surface
UIOP/DRIVER	XDG-CONFIG-DIRS	function	ncl-contrib-uiop	3	no	Phase 3 contrib surface
UIOP/DRIVER	XDG-CONFIG-HOME	function	ncl-contrib-uiop	3	no	Phase 3 contrib surface
UIOP/DRIVER	XDG-CONFIG-PATHNAME	function	ncl-contrib-uiop	3	no	Phase 3 contrib surface
UIOP/DRIVER	XDG-CONFIG-PATHNAMES	function	ncl-contrib-uiop	3	no	Phase 3 contrib surface
UIOP/DRIVER	XDG-DATA-DIRS	function	ncl-contrib-uiop	3	no	Phase 3 contrib surface
UIOP/DRIVER	XDG-DATA-HOME	function	ncl-contrib-uiop	3	no	Phase 3 contrib surface
UIOP/DRIVER	XDG-DATA-PATHNAME	function	ncl-contrib-uiop	3	no	Phase 3 contrib surface
UIOP/DRIVER	XDG-DATA-PATHNAMES	function	ncl-contrib-uiop	3	no	Phase 3 contrib surface
UIOP/DRIVER	XDG-RUNTIME-DIR	function	ncl-contrib-uiop	3	no	Phase 3 contrib surface
